{
  "speakers": [
    "Lex Fridman",
    "Zev Weinstein"
  ],
  "episode_name": "158-zev-weinstein-the-next-generation-of-big-ideas",
  "chapters": [
    {
      "name": "The Danger of Philosophy: A Conversation with Young Mind Xev Weinstein",
      "content": [
        {
          "speaker": "Lex Fridman",
          "speech": "the following is a conversation with Xev Weinstein, a young man with a brilliant, bold and hopeful mind that I had the great fortune of talking to on a recent afternoon, he happens to be eric Weinstein's son but I invited Xev not because of that, but because I got a chance to listen to him speak on a few occasions and was captivated by how deeply he thought about this world at such a young age and I thought that it might be fun to explore this world of ours together with him for a time. Through this conversation, quick mention of our sponsors express VPN Graham early grammar assistant simply save home security and magic spoon low carb cereal. So the choice is privacy grammar, safety or health choose wisely my friends and if you wish click to sponsor links below to get a discount to support this podcast. As a side note, let me say that Zev acknowledges the fear associated with participating public discourse and is brave enough to join in at a young age to push forward to change his mind publicly, to learn to articulate the difficult nuanced ideas and grow from the conversations that follow in this. I hope he leads the next generation of minds that is joining and staring the collective intelligence of this big ant colony we think of as our human civilization. If you enjoy this thing, subscribe my youtube, review it on apple podcast following. Spotify, support on patreon, I'll connect with me on twitter elex Friedman as usual, I'll do a few minutes of ads now and no ads in the middle. I try to make this interesting.",
          "chapter_name": "The Danger of Philosophy: A Conversation with Young Mind Xev Weinstein"
        },
        {
          "speaker": "Lex Fridman",
          "speech": "I probably fail most of the time but I do give you a time stamp so if you skip, if you must do so please still check out the sponsors by clicking the links in the description. It is the best way to support this podcast. This show is brought to you by Express VPN, a company that adds layers of protection between your online life and a small number of big technology companies that control much of the internet. Express VPN hides your I. P . Address. The thing that can be used to uh you know, person identify you and it also makes your activity harder to trace and sell to advertisers.",
          "chapter_name": "The Danger of Philosophy: A Conversation with Young Mind Xev Weinstein"
        },
        {
          "speaker": "Lex Fridman",
          "speech": "Express VPN also encrypts your internet data to keep you safe from eavesdroppers on your network and it does all of this without slowing your connection. I've used it for many years, long before they were a sponsor and I did so still do so on Windows Lennox and android but it's available everywhere else too. For me it's been fast and easy to use one big power on button. That's fun to press probably my favorite intuitive design for an app. It doesn't try to do more than it needs to just specify location , press the button. It's like if Habib Nor Meghan Madoff was an app.",
          "chapter_name": "The Danger of Philosophy: A Conversation with Young Mind Xev Weinstein"
        },
        {
          "speaker": "Lex Fridman",
          "speech": "Send location, go to Express VPN dot com slash like spot to get an extra three months free on a one year package that's express VPN dot com slash legs bod. This show is sponsored by Graham Early, a writing assistant tool that checks spelling, grammar, sentence structure and readability. Graham early premium. The version you pay for offers a bunch of features over there already. Very good spelling and grammar check. My favorite premium feature is probably the clarity check, which helps ensure that my writing is more to the point in general.",
          "chapter_name": "The Danger of Philosophy: A Conversation with Young Mind Xev Weinstein"
        },
        {
          "speaker": "Lex Fridman",
          "speech": "This is a skill that's important to develop without the help of a tool, but it's a good way to practice by having a kind of brainstorm with an Ai system about your writing. Writing is a lonely process. Think of grandma lee as a little ai friend like Microsoft clip, e but smarter, the less lovable. It integrates easily into basically anywhere. People usually write things like for me it's gmail and google docs. I find myself going against the advice of graham early on occasion.",
          "chapter_name": "The Danger of Philosophy: A Conversation with Young Mind Xev Weinstein"
        },
        {
          "speaker": "Lex Fridman",
          "speech": "But that's actually a good teachable moment. Since this kind of inner argument process is helpful to solidify why I'm going against convention brevity and clarity may require that we've been the rules of language. Elevate your writing with 20% off graham early premium by signing up at grandma lee dot com slash lex as 20% off Gramley premium at graham early dot com slash lex. This show is also sponsored by simply safe home security company simply safe home security protects your home around the clock. Whether it's from a break in a fire, flooding or medical emergency. All it takes is a simple 30 minutes set up. You'll even get a free security camera when you sign up. I have it set up in my apartment. But unfortunately anyone who tries to break in will be very disappointed by the lack of interesting stuff to take Some dumbbells pull up bar and suits and shirts. Anyway. U. S. News and World Report named simply save best overall home security of 2020.",
          "chapter_name": "The Danger of Philosophy: A Conversation with Young Mind Xev Weinstein"
        },
        {
          "speaker": "Lex Fridman",
          "speech": "You sat simply safe up yourself in a few minutes without any tools and wiring . Plus there's no contract, no hidden fees and only installation costs no funny stuff. Lebowski, like the nihilists say in the movie Big Lebowski, you also get a 60 day risk free trial so there's nothing to lose. Go to simply safe dot com slash likes to get a free security camera again. That's simply safe dot com slash lex. This episode is sponsored by a magic spoon. Low carb keto friendly cereal.",
          "chapter_name": "The Danger of Philosophy: A Conversation with Young Mind Xev Weinstein"
        },
        {
          "speaker": "Lex Fridman",
          "speech": "I've been on a mix of keto or carnivore for a long time Now that means very few carbs. I do binge eat cherries or blueberries or apples. I can go on but I always regret it later. Just like I used to regret eating cereal because most have crazy amounts of sugar which is terrible for you. But magic spoon is a totally new thing. Zero sugar, 11 g of protein and only three net grams of carbs, I personally like to celebrate literal accomplishments and productivity with a snack of magic spoon, it feels like a cheap meal, but it's not, it tastes delicious as many flavors including coco, fruity frosted and blueberry.",
          "chapter_name": "The Danger of Philosophy: A Conversation with Young Mind Xev Weinstein"
        },
        {
          "speaker": "Zev Weinstein",
          "speech": "I tried all of them. They're all delicious. But if you know what's good for you, you'll go with cocoa, my favorite flavor in the flavor of champions, click the magic spoon dot com slash lex in the description and use code lex at check out for free shipping. And now here's my conversation with Xev Weinstein. You've said that philosophy becomes more dangerous and difficult times. What do you mean by that?",
          "chapter_name": "The Danger of Philosophy: A Conversation with Young Mind Xev Weinstein"
        },
        {
          "speaker": "Zev Weinstein",
          "speech": "Interestingly? I think I mean two things by that",
          "chapter_name": "The Danger of Philosophy: A Conversation with Young Mind Xev Weinstein"
        }
      ]
    },
    {
      "name": "Philosophy in Difficult Times: Dangerous Thinking, Innovation, and Catastrophe",
      "content": [
        {
          "speaker": "Zev Weinstein",
          "speech": "and I think firstly I should clarify when I say philosophy, I sort of mean in a very traditional sense, just thinking ideation and that could be reconsidering our notions of self in a very traditional sense, which we consider philosophy or that could be like technological innovation. I think it's important to recognize all of these as philosophies that we can not question whether it's important to promote thought. I think the other thing I should clarify as when I say difficult times . I mean times when nothing is growing and so the risk for real conflict as much greater because people are incentivized to fight over the things which already exist. I think when times are not difficult, the people with the greatest power are usually the people who are very creative generating a lot and that really requires ideation or philosophy of some sort. I think when times become stagnant, the important successful people become the people who are very good at protecting their own pieces of the pie and taking others. Um I think that those people have to be very opposed to any sort of thinking that could restructure society are conventions about who should succeed. And so firstly, I mean by that, that it becomes much more dangerous, dangerous for a person to think deeply in question during a time when the important people are those concerned with making sure no one rocks the boat. One example of this would be like Socrates and his execution because everyone was happy enough to sit through his questions before.",
          "chapter_name": "Philosophy in Difficult Times: Dangerous Thinking, Innovation, and Catastrophe"
        },
        {
          "speaker": "Zev Weinstein",
          "speech": "Uh there was war and poverty and distress and afterwards it just became too dangerous. The other thing, I mean by that is that the consequences of thinking deeply carry much greater potential for real catastrophe when everyone is desperate. So like for example, the communist manifesto was probably much more dangerous uh during early 19 hundreds Russia than it was during the 18 48 revolutions because I think people were in much worse shape. Uh and desperate people are very willing to dive into anything new that might bring the future without fully calculating whatever the consequences or risks might be. So, it is both more dangerous for a person to have creative ideas and those ideas are more dangerous when when times are tough and by dangerous, you mean it challenges the people with power, who don't, who want to maintain that power in times of stagnation, when there's not much growth, innovation, creativity, all that kind of stuff. Right ?",
          "chapter_name": "Philosophy in Difficult Times: Dangerous Thinking, Innovation, and Catastrophe"
        },
        {
          "speaker": "Lex Fridman",
          "speech": "And we know that if nothing new is created, people uh have promises that they've made about what will be paid to whom, what debt structure is. The only possibility if stagnation lasts for long enough is really some kind of great conflict, great war because people have to take from others to make good on their own promises. So we know that by denying any sort of grand ideation, we are accepting that there will be some kind of great catastrophe. And so we have to understand that philosophy is the most important uh when we've seen too much stagnation for too long. It is also very dangerous. And it's dangerous for the people who are doing it. And it's dangerous for the people who believe it. But it's kind of our only way out ever. And again by philosophy, you mean the bigger is not academic philosophy or this kind of uh games played in the in the space of just like moral philosophy and all those metaphysics, all that kind of stuff.",
          "chapter_name": "Philosophy in Difficult Times: Dangerous Thinking, Innovation, and Catastrophe"
        },
        {
          "speaker": "Lex Fridman",
          "speech": "You mean just thinking deeply about this world thinking from first Principles. I think your twitter line involves something about trying to piece everything together in First Principles. So that's that's fundamentally what being philosophical about this world is and that's where the people who are thinking deeply about this world are the ones who are feeding, who are the catalysts of this growth in society and so on. Yeah, I I mean I also think that the real implication of moral philosophy uh can be something that most would consider like a real political uh implications.",
          "chapter_name": "Philosophy in Difficult Times: Dangerous Thinking, Innovation, and Catastrophe"
        },
        {
          "speaker": "Lex Fridman",
          "speech": "So I think all philosophy really ties together because there has to be some sort of grand structure to all thought and how it relates. Do you think this growth and innovation and improvement can lest forever? We've seen some incredible, you know, the thing that humans have been able to accomplish over the past several 100 years. It's just I mean, all inspiring and every moment in that, in that history it almost seemed like no more could be done like we've we've solved all the problems that are to be solved. I mean there's just historically there's all these kind of ridiculous like Bill Gates style quotes or like it's obvious that we've this new cool thing is not going to take off and yet it does.",
          "chapter_name": "Philosophy in Difficult Times: Dangerous Thinking, Innovation, and Catastrophe"
        }
      ]
    },
    {
      "name": "Philosophy's Power to Break Stagnation",
      "content": [
        {
          "speaker": "Zev Weinstein",
          "speech": "And so there's there's a feeling of the same kind of pattern that we're seeing moore's law, There is constant growth in different technologies in the modern day era in any kind of automation for the past 100 years, do you think it's possible that will keep growing this way if we give power to the philosophers of our society?",
          "chapter_name": "Philosophy's Power to Break Stagnation"
        },
        {
          "speaker": "Lex Fridman",
          "speech": "I think the only way that we can keep growing this way is if we give power to real thinkers, um and there's no guarantee that that will work, but we sort of don't have any other choice and I think you're entirely right that this period of both understanding the universe uh at a rate which has never been seen before and invention and creativity, that these past 100 years have been sort of uncharacteristic uh for the level of growth that we've seen in all of history, we've never seen anything like this and I think a lot of our uh a lot of our promises rest on this sort of thing, continuing, I think that's very that's very dangerous, but the one thing that can get us out of this is philosophy and being ready to radically restructure all of our notions about what should be what is, I think that's very important. So you think deeply about this world, you are clearly this embodiment of a think of a philosopher, Your dad is also one such guy, ERic Weinstein , do you just, do you have big disagreements with him on this topic in particular? I think now people should know, he also happens to be in the room, but the mics can pick him up so he can heckle, it doesn't even matter. Uh but do you have disagreements with him on this point? Let me um try to summarize his argument that we were actually based a lot of our american society on the belief that things will keep growing.",
          "chapter_name": "Philosophy's Power to Break Stagnation"
        },
        {
          "speaker": "Zev Weinstein",
          "speech": "And yet it seems that however you break it apart maybe from an economics perspective that they're not growing currently and so that's where a lot of our troubles are at. Do you have the same sense that thinks there's a stagnation period that we're living through over the past couple of decades ? I think stagnation modern stagnation is completely undeniable, particularly scientifically. And I think there have been a few fields where tremendous progress has been made very recently. I think my dad might feel that uh there is sort of an inevitability to the ending of this period and I'm not so certain so certain that the fall of this great time is completely inevitable because I don't know what thoughts were capable of producing what we're able to reconsider.",
          "chapter_name": "Philosophy's Power to Break Stagnation"
        },
        {
          "speaker": "Lex Fridman",
          "speech": "I think we really have to be open to the possibility that uh all of our standard frameworks where you know, like he will talk about embedded growth obligations, if we continue within the same framework, then we're very susceptible to the dangers of whatever these embedded growth obligations are. I think if we break the frameworks we have no reason to believe that the problems we're experiencing with our current frameworks will will follow us. And I think that's the importance of radical thought is we don't know what the solution is, but if there is a solution, it will be born from some very fundamental thinking. And so I've had great hope. So you have optimism about sort of the power of a single radical idea or single radical thinker to break our frameworks and break us out of this, like spiral down to to whatever the the economic forces that are creating this current stagnation. Yeah, I'm very, very hopeful. The optimism of youth, well I share I share your optimism, So let me let me come back to something you've also talked about, you have very little stuff out there currently , but the things you have out there, your thoughts, you could just tell how deeply you think about this world.",
          "chapter_name": "Philosophy's Power to Break Stagnation"
        }
      ]
    },
    {
      "name": "The Art of Changing Minds: Embracing Inconsistency",
      "content": [
        {
          "speaker": "Zev Weinstein",
          "speech": "And one of the things you mentioned is as you learn about this world is that you as you read, as you sort of go through different experiences that you that you're open to changing your mind. Um how often do you find yourself changing your mind? Do you think Zev from 10 years into the future will look back at like at this conversation we're having now and uh disagree completely with everything you just said, it's entirely possible. And that's one of the things that scares me so much about appearing publicly. I think that the internet can be very intolerant of inconsistency and I am entirely prepared to be very inconsistent because I know that whatever beliefs I have when subjected to scrutiny may change because that's really the only way to to form your truest most fundamental conceptions about the world around you. And it would take an infinite amount of time to subject every single one of your beliefs to scrutiny . And so that's a a process that must follow me throughout my entire life.",
          "chapter_name": "The Art of Changing Minds: Embracing Inconsistency"
        },
        {
          "speaker": "Lex Fridman",
          "speech": "And I know that means that my opinions and perspectives are always to be changing. I'm prepared to accept that about myself. Whether other people are prepared to accept that my uh public opinions may may change very greatly over time is something I don't know, I don't know how tolerant the world will be, but I'm very prepared to change anything. I I believe in if I think deeply enough about it or good enough argument is made so that I might reconsider Well that's certainly is currently an intolerance and that's one of the problems of our age. There's an intolerance towards change . I'll also ask you about labels you talked about, so we like to bid each other into different categories blue or red or whatever the different categorization is.",
          "chapter_name": "The Art of Changing Minds: Embracing Inconsistency"
        },
        {
          "speaker": "Zev Weinstein",
          "speech": "But it seems like the task before you as a young person defining our future is to make the tolerance of change the norm, doing this podcast, for example and then changing your mind one or two years later and doing so publicly without a big dramatic thing or maybe changing it on a daily basis and just being open about it and being transparent about your thought process. Maybe that is the beacon of hope for the philosophical way the path of the philosopher. So that's your task in a sense, is to change your mind openly and bravely. You know, you're right and maybe I will just have to endure some sort of criticism for doing that.",
          "chapter_name": "The Art of Changing Minds: Embracing Inconsistency"
        },
        {
          "speaker": "Zev Weinstein",
          "speech": "But I think that's very important. I think this ties back to this previous facet of our conversation where we were discussing if uh thinkers would win over systems that are devoted to preventing radical thought or if uh who will win the systems or the or the thinkers? I think it's crucial that my generation uh take up a hand in this fight and I think it's important that I'm a part of that because I know that I have some opportunity to um there is, I think it is my obligation as a member of a generation whose only real hope is to think outside of the system because whatever systems exist are collapsing. I think it is really my obligation to try to play some role, whatever role I can and being an instrument uh in that change. Are you uh as a young mind, do you have a sense of fear about just like how afraid were you to do this podcast conversation? Do you have a sense of fear of thinking publicly? Yeah,",
          "chapter_name": "The Art of Changing Minds: Embracing Inconsistency"
        }
      ]
    },
    {
      "name": "Politics, Labels, and the Difficult Ideas",
      "content": [
        {
          "speaker": "Zev Weinstein",
          "speech": "I I don't even think that that fear is irrational. It's very difficult to exist publicly in any form uh now because it's very easy for anyone to take cheap shots at something, which is difficult.",
          "chapter_name": "Politics, Labels, and the Difficult Ideas"
        },
        {
          "speaker": "Zev Weinstein",
          "speech": "And as I said, the people who are trying to have the difficult ideas and conversations are perhaps putting others in actual danger because everyone is so desperate that they're they might be, they might be willing to try anything. So um there's a certain amount of responsibility which one has to take uh going before the public and there is a certain amount of uh ridicule which will be completely unwarranted that anyone must endure for it. Um and I think that that means the one has to be afraid because they could both ruin the world and be ruined by the world and in an unwarranted and undeserved fashion. Um I would like to believe in myself enough to try to accept this as a task because I think people need to try or there's no getting out of this and we will end in some kind of crazy, brilliant war off we put. You've said also that in these times we can't have labels because it holds us holds us back. Maybe we've already talked about a little bit, but this idea of labels is really interesting. Uh why do you think labels hold us back?",
          "chapter_name": "Politics, Labels, and the Difficult Ideas"
        },
        {
          "speaker": "Lex Fridman",
          "speech": "Well, I think many underestimate the extent to which language and communication really impacts and shapes the ideas and thoughts which are being communicated. And I think if we're willing to accept uh imperfect labels uh to categorize particular people or thoughts in some sense, we are corrupting an abstraction in order to represent it and communicate about it. And I think as we've discussed, those abstractions are particularly important when everything is on fire . Um we should not be sacrificing ah grand thought for the ability to express it . I think everyone should work much harder , including myself, to really be thinking abstractly and in abstract terms instead of using concrete terms too , discuss abstraction while ruining it slightly. Yeah, it's a it's kind of a skill actually.",
          "chapter_name": "Politics, Labels, and the Difficult Ideas"
        },
        {
          "speaker": "Zev Weinstein",
          "speech": "So 1 1 really difficult example of in this uh in the recent time that maybe you can comment on uh if you have been thinking about is just politics and there's a lot of labels in politics that it takes a lot of skill to be able to communicate difficult ideas without labels being attached to you. That's something I've been sort of thinking about a lot in uh trying to express. For example, how much I love various aspects of the foundational ideas of this country, like freedom and just saying, I love America, a simple statement. I love the ideas that were finding to America will often in the current time. Well , people will try desperately try to attach a label to me for example, for saying I love America that I'm a Republican and donald trump supporter. And it takes elegance and grace and skill to like to like avoid those labels so that people can actually listen to the contents of your words versus uh the summarization that results from just the labels that they can pin on you. Are you cognizant of the skill required there of being able to communicate without being branded the republican or democrat in this particular set of conversations. I'm sure there's other dangerous labels that can be attached.",
          "chapter_name": "Politics, Labels, and the Difficult Ideas"
        },
        {
          "speaker": "Lex Fridman",
          "speech": "I don't think there's any way of avoiding that right now. Uh, it might not be anyone's best effort to really try. I think the thing I can say , which will most speak to that, which I truly believe is that participating in modern conventional politics is not being inherently political and a generative since it's it's this it's this repeated trope where politics now is not about creating new political ideologies, it's about defending ideologies which already exists, that everyone can keep what they have . Uh and that's where all of the name calling and the labeling really comes in. It's an attempt to constrict whatever may be generated to standard uh conversations and discussions . So that arguments can be strong and and defeated and people can keep what they have because everyone's very, very scared.",
          "chapter_name": "Politics, Labels, and the Difficult Ideas"
        },
        {
          "speaker": "Zev Weinstein",
          "speech": "Um, I want to be very political, but not in a standard political sense where I'm defending a particular party or place on a spectrum. Uh, I would like to play some role in inventing new spectrums and I think that's most important politically because above most else , politics is about real power and conventional politicians have real power. Uh, and that power will find terrible outlets if new spectrums for that power to live or not invented. So, so you're not afraid of politics , political discourse at the deepest richest uh level of what political discourse supposed to mean. Actually I'm very afraid of it. But once again we have no, it's not paralyzing for you that you feel like it's a responsibility you ready to take it on? Yes, this is a good sign.",
          "chapter_name": "Politics, Labels, and the Difficult Ideas"
        },
        {
          "speaker": "Zev Weinstein",
          "speech": "This is your special human. Okay, let's talk may be fun, maybe profound. Uh, talked about philosophers. Philosophy. Who's your favorite philosopher? Like somebody in your current time , but neither influential or you just enjoy uh his her ideas or writing or anything like that. Weirdly, I'll give an answer which sort of doesn't have much to do with whom I might imagine myself to be.",
          "chapter_name": "Politics, Labels, and the Difficult Ideas"
        }
      ]
    },
    {
      "name": "Philosophy in Dark Times: Aquinas, Nietzsche, and the Courage to Operate Within the System",
      "content": [
        {
          "speaker": "Lex Fridman",
          "speech": "I like thomas Aquinas at the moment. I think he's very inspirational to me, given what we're going through and that's not because his particular uh ideas of religion or God unmoved movers are particularly uh inspirational to me and they, I don't even think they were necessarily right. Uh, but he was introducing aspects of the scientific method during one of the darkest periods in human history when we had lost all hope and reason and ability to think logically. So I think he was really something of a light in the dark and I think we need to look to people like that at the, at the moment. The other reason why I think I need to uh need to learn from him is that even though he was doing something which really needed needed to be done and uh introducing scientific thought and reason to a time that that lacked it. Um, he was not saying anything that would have been offensive to whatever powers were in play during his time. He was writing about the importance of faith in God and how we could prove it.",
          "chapter_name": "Philosophy in Dark Times: Aquinas, Nietzsche, and the Courage to Operate Within the System"
        },
        {
          "speaker": "Zev Weinstein",
          "speech": "And so it's important to remember, I suppose that having ideas that shaped the world and which bring the world closer to what we can prove it's supposed to be and how it's supposed to work does not always take some sort of grand contradiction of whatever is in play. Um , and the most courageous thing to do may not always be the most helpful thing to do. And I think it's it's very easy for anyone with uh ideas about how everything is, is broken to become very cynical and say the system, man, they're, they're all wrong. Um , I think it takes another kind of discipline to be a person with real ideas and to make the world better without stepping on anyone's toes or contradicting anyone, I've real respect for that. So being able to be when it's within your principles to operate within the current system of thought. Yeah, and not, not offend anyone, not say anything outlandish, but introduce the method by which progress must be achieved. I think that takes a kind of maturity which is found very rarely uh now and I really look to him for inspiration despite whatever disagreements I may have with the minute details of his philosophy. Yeah.",
          "chapter_name": "Philosophy in Dark Times: Aquinas, Nietzsche, and the Courage to Operate Within the System"
        },
        {
          "speaker": "Zev Weinstein",
          "speech": "It takes a lot of skill, a lot of character. And yeah, deep thinking to be able to operate within the system when needed, and having the fortitude and just the boldness to step outside and to burn the system down when needed. But rarely an opportune moments that would actually have impact. I mean, it's ultimately about impact within the society that you live in, not just making a statement that has no impact. Yeah. And we were talking about how dangerous it is to do real philosophy at a dangerous broken times.",
          "chapter_name": "Philosophy in Dark Times: Aquinas, Nietzsche, and the Courage to Operate Within the System"
        },
        {
          "speaker": "Zev Weinstein",
          "speech": "He was going through the most broken time in history and he questioned the the methods which made a broken system able to survive. And he was so skilled and so graceful that he became a saint in that tradition. And there's something for me to really learn from there. Do you draw any inspiration? Have any interest in the sort of more modern philosophers? Maybe the existentialists a niche is one of the early ones. Do you have thoughts on the guy in general or any of the other existentialists? Well, with regard to Nietzsche? I think I think Yeates might have said that he's the worst.",
          "chapter_name": "Philosophy in Dark Times: Aquinas, Nietzsche, and the Courage to Operate Within the System"
        },
        {
          "speaker": "Lex Fridman",
          "speech": "You know, he was, it was certainly filled with , with passionate intensity. Um, I think compliment he was the worst or her criticism. He said this has this big line, the best lack all conviction. The worst are filled with passionate, passionate intensity. Um, so, um, I think Nietzsche was was destroyed by the horrors of everything that that went on around him. And I think he never really recovered from it. I think that's because, um, if you think about Nietzsche's philosophy, he was very opposed to any sort of acceptance of what one had, One should always envy those who have more and use that envy to, uh, to fuel their their growth. And because, you know, accept whatever the human condition and desires are, and you use those desires to want more and more and, and make use of your greed. I think it's very difficult to be truly happy if the thing which you, uh, the thing that you pride yourself most on is, uh , never being satisfied. And I think Nietzsche was never satisfied.",
          "chapter_name": "Philosophy in Dark Times: Aquinas, Nietzsche, and the Courage to Operate Within the System"
        },
        {
          "speaker": "Lex Fridman",
          "speech": "And that was the danger of his philosophy . I think also with his Amoral is um, you know, there is no good or evil. I sort of disagree with that on a , on a pretty fundamental basis. I think that, um, our notion of morality is by no means subjective. It's really the proxy for the fitness of a society. I think whatever we consider ethical, like, don't steal, don't murder , don't do this. Uh societies have a very difficult time running.",
          "chapter_name": "Philosophy in Dark Times: Aquinas, Nietzsche, and the Courage to Operate Within the System"
        },
        {
          "speaker": "Zev Weinstein",
          "speech": "It's very hard to run a civilization when everyone is stealing from everyone else and people are murdering each other and uh committing these things which we would consider a atrocities. So I think we also we know this because I think very similar notions of morality of evolved convergent lee from different traditions. I think um mm good is a proxy for a civilizations. Fitness. And the good news is that that means that evil uh in being anathema to that good uh must therefore be uh the opposite of stable in whatever way that it's evil and that means that good will always be more stable than evil. And the only way evil can really win is like if everyone dies. So um so wait, can you say it again? Good as a proxy for societies?",
          "chapter_name": "Philosophy in Dark Times: Aquinas, Nietzsche, and the Courage to Operate Within the System"
        },
        {
          "speaker": "Lex Fridman",
          "speech": "What good is a proxy for the stability and fitness of a civilization? Uh that's a good definition.",
          "chapter_name": "Philosophy in Dark Times: Aquinas, Nietzsche, and the Courage to Operate Within the System"
        }
      ]
    },
    {
      "name": "The Search for Truth: Science as a Tool for Stability",
      "content": [
        {
          "speaker": "Lex Fridman",
          "speech": "Thank you. You're throwing some bombs today. Okay, okay. Um this is exciting . Sorry to interrupt your flow there, but just a good damn good. Like uh so in that sense, that's kind of optimistic view that if by definition good as a proxy for stability, then it's going to be stable unless the entire world just blows itself up .",
          "chapter_name": "The Search for Truth: Science as a Tool for Stability"
        },
        {
          "speaker": "Lex Fridman",
          "speech": "So good wins in the end. By definition. Yeah. Or uh no actually, well , good wins unless it all goes to complete destruction. Beauty that's beautifully put on the topic of uh sort of , you know, good and evil being, human illusions. You've said that more broadly than that about truth .",
          "chapter_name": "The Search for Truth: Science as a Tool for Stability"
        },
        {
          "speaker": "Zev Weinstein",
          "speech": "That it is easier in some ways to be unified under truth because it is universal than it is to be unified under belief. Which at times can be completely subjective. So what is the nature of truth to you? Can can we understand the world objectively or as most of what we can understand about the world is just uh subjective opinions that we kind of all agree on in these little collectives and over time it kind of evolves completely detached from objective reality. I think this is the greatest argument for objectivity. Uh is that something that is objectively true cannot be true to me and untrue to to you, you can feel that it's that it's untrue, but that would be uh unproductive and create unnecessary tension and conflict. I think this is one reason for the importance of science as a tool for stability.",
          "chapter_name": "The Search for Truth: Science as a Tool for Stability"
        },
        {
          "speaker": "Zev Weinstein",
          "speech": "If science is the search for truth. Um and truth can never really be, I shouldn't say that truth should never be an engine uh of conflict because no two people should disagree on something which is objectively true, then in some sense, search for truth is searching for a common ground where we can all exist and live without contradicting or attacking each other, you have a hope that there is a lot of common ground to be discovered? Sure. I mean, if we continue scientifically, uh we are discovering truth and in that discovering common ground on which we can all agree. That's that's one reason why I think uh caring about science, if you have a culture which cares very deeply about science, that's a culture which is not necessarily bound to endure unwarranted internal conflict. I think that's one reason that I'm so passionate about science is its search for universal ground. Let me just throw out an example of modern day philosophical thinker will keep your dad eric Weinstein out of the picture for a second, but he does happen to be an example of one, but Jordan Peterson is an example of another.",
          "chapter_name": "The Search for Truth: Science as a Tool for Stability"
        }
      ]
    },
    {
      "name": "Dangerous Thoughts: Language, Radicalism, and Free Speech",
      "content": [
        {
          "speaker": "Zev Weinstein",
          "speech": "Somebody who thinks deeply about this world. His ideas are by certain percent of the population sort of speaking of truth are labeled as dangerous. Uh Why do you think his ideas are just ideas of these kinds of deep thinkers in general are labeled as dangerous in our modern world. Is it similar to what you've been discussing that uh in difficult times, philosophers become dangerous. Was there something specific about these particular thinkers in our time? Well, I think Jordan Peterson is very anti establishment and a lot of his beliefs , he's an unconventional thinker and I think we need regardless of whatever uh Jordan's particular views and beliefs are and if they bring about more danger than uh truth or if they don't it's very important to have fundamental thinkers who exist outside of a conventional framework.",
          "chapter_name": "Dangerous Thoughts: Language, Radicalism, and Free Speech"
        },
        {
          "speaker": "Zev Weinstein",
          "speech": "So do I think that he is dangerous? I think by existing outside of uh a system which is known he is dangerous. And I think we have to in some sense we have to welcome danger in that capacity because it will be our only way out of this. So I'm, regardless of whether his beliefs are right or wrong, I am pretty adamant about the fact that we need to support um thought which may rescue us and that thought can appear radical or dangerous at times. But ultimately, if you allow for it, this is kind of a difficult discussion of free speech and so on is ultimately difficult ideas will pave the way for progress.",
          "chapter_name": "Dangerous Thoughts: Language, Radicalism, and Free Speech"
        },
        {
          "speaker": "Lex Fridman",
          "speech": "And I actually, I'd like to to slow you down there because I think um like one of the issues we were discussing previously was the fact that language often uh destroys our ability to think um when we're talking about whether his ideas are radical, I don't know if we if we mean radical in the traditional sense of having to do with the root of a problem or in the more modern sense of being um very extreme. And I think that's completely by design, I think fundamental thought which semantically would want to be considered radical thought became very dangerous. And now it's become synonymous with extreme or dangerous thought, which means that anyone who considers themselves a radical thinker is semantically also a dangerous or extreme think er these are not helpful labels in a sense that the moment you say radical or extremist thinker then you're just uh well how do I put it, you're not being, you're not helping the public discourse exchange of ideas but through no fault of our own. The concept of radical that's having to do with a route is uh it's a it's an obvious concept for which there must be a language and a lot of the attack on thought has to do with attacking language which communicates uh conceptually so like this is an example of how our world is becoming increasingly Orwellian, it's just language is being used to destroy our ability to think, I think, I can't remember exactly what the numbers are, but I read some statistic about how greatly the average english vocabulary has decreased since 1960, it was like some incredible number. It really baffled me, it's like how are how are people less able to to think in a time when the world is supposed to be growing at never before seen rate, like we can't keep on, we can't sustain this growth if uh we destroy everyone's ability to think because growth requires thinking and we're ruining the tools for it. I watched your your podcast with noam chomsky",
          "chapter_name": "Dangerous Thoughts: Language, Radicalism, and Free Speech"
        },
        {
          "speaker": "Lex Fridman",
          "speech": "and I think one interesting thing which he discussed was how language is more used to develop thoughts within our own head, then it is used to communicate those thoughts with others. Uh if the language doesn't change, even if its usage changes than when languages destroyed in communication and also um stymies our ability to think reasonably, and I'm very, very worried so, but the language in communication uh requires a medium and there's a lot of different mediums, so there's uh social media, there's twitter , there's a writing books, there's blog posts, there's um podcasts, there's a Youtube videos, all of things you have dipped a toe in in your exploration of different mediums of communication, which do you see yourself? This might be just a poetic way of asking , are you going to do a podcast? But broader picture, what do you think as an intellectual in this world for you personally, will be the path for communicating your ideas to the world. What are the mediums you you are currently drawn to out of the ones I mentioned. Maybe something I didn't to answer your question concretely before uh abstract li uh I'm scared, but I need I need to do a podcast, you know, it's it's important, it is my obligation as a member of my generation .",
          "chapter_name": "Dangerous Thoughts: Language, Radicalism, and Free Speech"
        },
        {
          "speaker": "Zev Weinstein",
          "speech": "I really hope that more people my age started to do this because we will be the people in charge of of new ideas which either sinker uh or swim. How upset with your dad be when your podcast quickly becomes more popular than his. I think he would be negatively upset. Also you'd be proud. He's a good dad. I really think so yeah. Sorry, interrupt. Uh yes, so but then zooming out, do you think podcasts are you excited by the possibility of other mediums outside of podcasting to communicate ideas?",
          "chapter_name": "Dangerous Thoughts: Language, Radicalism, and Free Speech"
        }
      ]
    },
    {
      "name": "The Evolution of Attention Spans: Reading vs. Listening",
      "content": [
        {
          "speaker": "Lex Fridman",
          "speech": "I would be if people still read books or did things like that. I'm somewhat guilty of this a lot of the books I read her um very technical and then my to absorb like really deep modern conversations I listen to uh I listen to podcasts and I don't really read many uh books on like the matters that we're discussing for example, it's fascinating because you're making me think of something um that I aligned with you very much of how I consume deep thinkers currently. So what happens is somebody who thinks deeply about the world will write a book uh Jordan Peterson example and instead of reading their book, I'll just listen to podcast conversations of them talking about the book, which I find to this is really sad. But I find that to be a more compelling way to think about their ideas because they're often challenged in certain ways in those conversations and they're forced to after having boiling them down and really thought to them enough to write a book. So it's almost like they needed to go through the process of writing a book just so they can think through convert the language in their minds into something more concrete and then the actual exchange of ideas, the actual communication of ideas. What the public happens not with the book, but after the book with that person going on a book tour communicating the ideas. Well there are two meanings I I make of why not too many people spend much of their time reading anymore .",
          "chapter_name": "The Evolution of Attention Spans: Reading vs. Listening"
        },
        {
          "speaker": "Zev Weinstein",
          "speech": "11 interpretation is that we've lost our attention spans to our phones. People can't concentrate on a page if it takes them a minute to read, we're too busy, you know, watching take talks or whatever people do. Um The other interpretation would be that language and verbal communication has as well as some amount of communication which is done through facial expression, tone of voice etcetera. These are means of communication that have evolved along with humanity over thousands and thousands of years. So um we know that we are built to communicate in this way. Uh we have had writing for much less time. It is a system that we invented not a system which evolved and is innately part of uh you know humanity or the human mind.",
          "chapter_name": "The Evolution of Attention Spans: Reading vs. Listening"
        },
        {
          "speaker": "Lex Fridman",
          "speech": "Um and so we are designed to consume conversation by our own evolution. We are designed to consume writing ah by some process of symbols that's evolved over a couple 1000 years. Um It makes sense to me why many are much more compelled to listen to podcasts for example than they are to read books. It could be that this is simply a technological uh progression which has displaced uh, reading conventionally instead of some sort of mala adaptation of our minds, which has uh , corrupted our attention spans. Likely there's some combination which determines why people spend much less time reading. But I don't think it's necessarily because we're all broken.",
          "chapter_name": "The Evolution of Attention Spans: Reading vs. Listening"
        },
        {
          "speaker": "Zev Weinstein",
          "speech": "It may simply have to do with the fact that we are designed to listen and through our years and speak through our mouths. And um, we're not innately designed to communicate uh, over a page. So yeah, there's an exciting coupling to me between like a few second Tiktok videos that are fun and addicting and then a 34 hour podcast which are both really popular in our current time.",
          "chapter_name": "The Evolution of Attention Spans: Reading vs. Listening"
        }
      ]
    },
    {
      "name": "The Medium of Communication: Visual Youtube & Deep Conversation",
      "content": [
        {
          "speaker": "Zev Weinstein",
          "speech": "So people are both hungry for the visual stimulation of internet humor and memes, huge fan of and also slow moving deep conversations and that might, you know, it's , there's a lot of, I mean, it's part of your generation to define what that looks like moving forward. Were a lot of people like joe Rogan is one of the people that kind of uh, started accidentally stumbled into the discovery that this is like a thing. And now people are kind of scrambling to figure out why is this a thing, like why is there so much hunger for long form conversations. And how do we optimize that medium for further further expression of deep ideas and all that kind of stuff. And Youtube is a really interesting medium for that as well. Like video sharing videos.",
          "chapter_name": "The Medium of Communication: Visual Youtube & Deep Conversation"
        },
        {
          "speaker": "Zev Weinstein",
          "speech": "Mostly Youtube is used with a spirit of like the tick tock spirit if I can put it in that way, which is like how do I have quick moving things that even if you're expressing difficult ideas that should be quick and exciting and visual and switching, but there's a lot of exploration there to see what can we do something deeper and nobody knows. And you're part of the you have a Youtube channel releasing one video every few years. Um so, so your momentum is currently quite slow but perhaps it will accelerate, but you're you're, you're one of the people that get to define that medium is that, do you enjoy that? The visual Youtube medium of communication as well. I know that when the topic of conversation or the means by which a conversation is communicated or an idea is communicated, if that is sufficiently interesting to me , um I will read a book on it, I would listen to a podcast on it , I would watch a video uh on it.",
          "chapter_name": "The Medium of Communication: Visual Youtube & Deep Conversation"
        },
        {
          "speaker": "Zev Weinstein",
          "speech": "I think if I'm very curious about something uh I will consume it. However possible, I think when I have to consume things which really don't interest me very much. Uh I am indeed much more ready to consume them through some sort of video or discussion that I am through like a long, tedious book. So for the, for the breadth of acquiring knowledge , video is good for the depth the medium doesn't matter. I think it'd be fun to ask you about some big philosophical questions to see if you have an opinion on that. Uh Do you think there's a free will or is free will? Just an illusion? Well, I think classical mechanics would tell us that if we are , if we were to know every piece of information about a system and understand the rules which govern that system, we would be completely able to predict the future with complete accuracy.",
          "chapter_name": "The Medium of Communication: Visual Youtube & Deep Conversation"
        },
        {
          "speaker": "Zev Weinstein",
          "speech": "So if something could know everything about our lives, it could freeze time and and understand the position of every neuron in my mind about about to fire. Um No decision could be uh unpredictable. There in some sense, there is that sort of, that's sort of fate. I think that doesn't make the decisions we make illegitimate. Even if some grand supercomputer could uh understand what decisions we would make beforehand with complete certainty. I think we're making legitimate systems within a system that has no freedom or making legitimate systems within a system that has no freedom. Can you explain what you mean by that?",
          "chapter_name": "The Medium of Communication: Visual Youtube & Deep Conversation"
        },
        {
          "speaker": "Zev Weinstein",
          "speech": "Yeah.",
          "chapter_name": "The Medium of Communication: Visual Youtube & Deep Conversation"
        }
      ]
    },
    {
      "name": "The Predictable Unpredictable Human Experience",
      "content": [
        {
          "speaker": "Zev Weinstein",
          "speech": "So if we were to have just a simple pendulum and I told you how long the rope was, I we froze it at a particular um point and I told you how high, high above the ground the the weight was. And uh, you know, the motion of the pendulum is something which is, it's easy for everyone to imagine. Um I could, if we had all of that information, you could ask me, where will the, what will the pendulum do? 6.5 minutes from now, And we would have a precise answer.",
          "chapter_name": "The Predictable Unpredictable Human Experience"
        },
        {
          "speaker": "Lex Fridman",
          "speech": "That's like, that's an example of a very simple system with a very simple lagrange in. Um and we could completely predict the future that the pendulum has no ability to do anything. That would surprise us. Weirdly, that's true of whatever this four dimensional crazy world we live in, uh looks like if we were to, if we were to understand where every piece of this system was at any given time. And we we understand the laws of motion , how everything worked. If we could compute all of that information somehow, which we will never be able to do. Uh we would every decision you you will ever make could be predicted by that computer.",
          "chapter_name": "The Predictable Unpredictable Human Experience"
        },
        {
          "speaker": "Lex Fridman",
          "speech": "That doesn't mean that your decisions are illegitimate. You are really making those decisions, but with a completely predictable outcome. So , I'm just sort of a little bit high at the moment on the uh on this, on the poetry of a system within a system that has no freedom. So the human experience is the system we've created within the system, there is no freedom. But that system that we've created has a feeling of freedom that to us, ants feels as uh much more real. Then the physics as we understand it , of the underlying the like based system.",
          "chapter_name": "The Predictable Unpredictable Human Experience"
        },
        {
          "speaker": "Zev Weinstein",
          "speech": "So it's almost like not important what the physics of the base system is, that for the, what we've created, the nature of the human experience is, uh, there is a free will or there's something that feels close enough to a free will that it may not be uh worth uh spending too much time on the fact that it's, it's something of an illusion. We will never build a computer that knows everything about every piece of the universe at a given time. Uh and so for all intensive purposes , uh, our decisions are up to us. We just happen to know that their outcomes could be predicted with enough information . So, um speaking of supercomputers that can predict every single thing about the I was going to ever happen. What do you think about the philosophical thought experiment of us living in a simulation? Do you often find yourself pondering of us living in a simulation of this question ? Do you think it is at all a useful thought experiment? I think it's very easy to become fascinated with all of these possibilities and they're completely legitimate uh , possibilities, You know, like do I is there some validity to like solipsism while it can never be falsified or disproven.",
          "chapter_name": "The Predictable Unpredictable Human Experience"
        }
      ]
    },
    {
      "name": "Virtual Reality: The Future of Immersive World",
      "content": [
        {
          "speaker": "Zev Weinstein",
          "speech": "So, I mean, sure, you could be a figment of my uh imagination. Uh It doesn't mean that I will act according to this possibility. I'm not gonna call you mean names and Oh, just to test the system to see how robust it is to distortions. Yeah, so I mean all of these existential thought experiments are completely possible. We could be brains in jars, it doesn't mean that our experience will feel any less valid . And so it doesn't make a difference to me if uh you are some number of ones and zeros or you're a figment of my imagination which lives in a in a stored, stored away brain. Uh it will never really change my experience uh knowing that that's a possibility.",
          "chapter_name": "Virtual Reality: The Future of Immersive World"
        },
        {
          "speaker": "Zev Weinstein",
          "speech": "And so I try to I try to avoid making decisions based on such contemplations. You know, if we take this this previous issue of free will, um I could I could decide that um because I have no choice in my life. If I uh lie around in bed all day and eat chips, I was destined to do that thing. And if I make that decision that I was destined to do that thing, it would be a really poor decision. Uh for me to make, I've school and a dozen commitments. Uh there's somebody listening to this right now, Probably hundreds of people sitting down eating chips and feeling terrible about them. Those dairy sir. If they're listening to this, they're clearly there clearly curious about um possibilities of thought. It's not the, not the bed in the chips that makes the man not the better the chips that makes a man yet another quotable from Xev Y. Is that okay? Uh but you don't think of it as a useful thought experiment from an engineering perspective of, you know, virtual reality of thinking how we can create further and further immersive worlds.",
          "chapter_name": "Virtual Reality: The Future of Immersive World"
        },
        {
          "speaker": "Lex Fridman",
          "speech": "Like would it be possible to create worlds that are so immersive that we would rather live in that world versus the real world? I mean, that's another possible trajectory of the world that you're growing up in, is where more and more immersing ourselves into the digital world. For now it's screens and looking the screens and socializing the screens , but it's possible to potentially create a world that's also visually for all of our human senses as immersive as the physical world. And then, you know, it's uh, to me it's an engineering question of how difficult is it to create a world that's as immersive and more fun than uh the the world. We currently live in a Terrifying concept. And I hate to say it, we might live happier lives in a virtual reality headset 30 years from now , then we are currently living this future. The digital future worries you. It worries me. On the other hand, it may be, it may be a better alternative to um fighting for whatever people are clinging onto and are uh non virtual world or at least the world that we don't yet know as virtual, embrace the future.",
          "chapter_name": "Virtual Reality: The Future of Immersive World"
        }
      ]
    },
    {
      "name": "Thinkers vs Doers: The Meaning of Life and Innovation",
      "content": [
        {
          "speaker": "Zev Weinstein",
          "speech": "We've been talking a lot about thinkers now in the broad definition philosophy , you kind of included innovators of all form. Do you find it useful to draw a distinction between thinkers and doers? I think that the most important gift we have ever been given is our ability to observe the universe and think productively about whatever principles transcend humanity, because as we discussed, that's that's the closest thing we will ever have to um a universal experiences understanding things which must be true um everywhere in order for. So, I think if if we're if we're deciding that that life is meaningful and the human experience is meaningful, uh you could make a very convincing argument that its greatest meaning will be understanding whatever transcends it. Um I think that's only sustainable if people are happy and well fed and uh things of market value are invented and so I think we really need both to live meaningful and successful and possible lives. In terms of who, who my greatest heroes are.",
          "chapter_name": "Thinkers vs Doers: The Meaning of Life and Innovation"
        },
        {
          "speaker": "Lex Fridman",
          "speech": "I can't decide between figures like uh Einstein and Newton and Feinman, and on the other hand, figures like um Carrie Mullis for example, uh I think people like Einstein make our lives meaningful and people like Kerry Mullis, who is probably responsible for saving hundreds of millions of lives, make our make our lives possible and uh good. So in terms of where I would like to find myself uh right with these two different notions of achievement, I don't know what I would more like to achieve. I have an inclination that it will be something scientific because I would like to bring meaning to humanity instead of uh sustenance . But I think both are very important. We can't, we can't sustain our lives if we don't keep growing technologically. I think people like you are making that possible with uh computing because that's one of the few things that's really moving forward in a clear sense. Um, I think I think about this a great deal. So I think both are are very important. So one example that's modern day uh inspiring figure on the , on the latter part of the engineering part on the sustenance is Elon musk does that somebody you draw inspiration from?",
          "chapter_name": "Thinkers vs Doers: The Meaning of Life and Innovation"
        },
        {
          "speaker": "Lex Fridman",
          "speech": "What are your thoughts in general about the kind of unique speck of human that's creating so much uh inspiring innovation in this world so boldly. I know that we will not survive without people like that. Um Ellen is a ridiculous and sensational example of one of these figures. I don't know if he's the best example or the worst example, but he is, he is of his own kind. He is radically individualistic and those are the people who will allow us to continue. Uh as as humans, I'm very happy that we have people like that in this world , you said this thing about if we are to say that life has meaning our life is meaningful , then you could argue that it is a worthy pursuit to transcend life. Do you see that?",
          "chapter_name": "Thinkers vs Doers: The Meaning of Life and Innovation"
        },
        {
          "speaker": "Zev Weinstein",
          "speech": "Another? Just I'm gonna have to I'm gonna have to go back and sleep on that one. Uh Do you do you draw some speaking to me on some inspiration of us? Uh transcending Earth of us moving outside of uh this particular planet that we've called home for a long time and colonizing other planets and perhaps one day expanding outside the solar system and uh expanding, colonizing our galaxy and beyond. Honestly, I know very little about space exploration.",
          "chapter_name": "Thinkers vs Doers: The Meaning of Life and Innovation"
        }
      ]
    },
    {
      "name": "Transcending Humanity: Abstract Thoughts on Aliens and Communication",
      "content": [
        {
          "speaker": "Lex Fridman",
          "speech": "I think it makes complete sense to me why we are starting to think very seriously about it . It's amazing. And baffling an innovative solution to a lot of problems we see as a world population. I can't really offer very much of interest on the topic. I think when I'm talking about like transcending humanity and transcending Earth, um I'm talking usually about deriving truth and that's one of the things that makes like theoretical math and physics um so interesting.",
          "chapter_name": "Transcending Humanity: Abstract Thoughts on Aliens and Communication"
        },
        {
          "speaker": "Zev Weinstein",
          "speech": "It's like, I really, really love biology for example, but biology is a combination of whatever principles and sure evolution and whatever weird coincidences happened billions of years ago. Um the g is more interesting to understand the fundamental mechanisms of evolution for example, than it is the results, the messy results of its processes, I can't say , which is more interesting, I can say , which I think is more is more deep, I think theory and uh abstraction, which can be achieved, completely deductive lee uh is deeper because it has nothing to do with circumstance and everything to do with uh logic and thought. Uh So like if we were ever to to interact with aliens, for example, uh we would not have our biology in common if these were or some sort of really intelligent life form, uh we would have math and physics in common because uh the laws of physics will be the same every everywhere in the universe . They are particular. Anatomy and biology pertains only to life on this, on this planet, and the principles may apply more ubiquitously. Do you ever think about aliens like what they might look like? I try to when I I deal with thought experiments like these, I try to keep a very abstract uh mindset",
          "chapter_name": "Transcending Humanity: Abstract Thoughts on Aliens and Communication"
        },
        {
          "speaker": "Zev Weinstein",
          "speech": "and I noticed that whenever uh try to instead initiate these abstractions, I I corrupt whatever thoughts uh there are for which they're useful. So it's kind of like the labels discussion. So like, the most likely try to make it concrete. It's probably gonna look like some cute version of a human big, it's a little green fellas with the eyes and so on, or whatever. Whatever. The movies have been still like your cultural upbringing, you're going to project onto that . The assumptions you have. That's interesting. So, you prefer to stay a step away and think and abstract notions of what it means to be intelligent, what it means to be a living life form and all that kind of stuff.",
          "chapter_name": "Transcending Humanity: Abstract Thoughts on Aliens and Communication"
        },
        {
          "speaker": "Lex Fridman",
          "speech": "I try to I almost try to pretend I'm I'm blind and I'm deaf and I'm only um in mind with no inductive reasoning capacity when I'm trying to think about thought experiments like these , because I know that uh if I incorporate whatever my eyes instruct my brain, I will uh I will impede my ability to I think as deeply as possible. Because once again, it's the thing which shallows are thought can be the incorporation of circumstance and coincidence and for particular kinds of thought, that's very important. I'm not discounting the use of inductive reasoning uh in many humanities and in many sciences, but for the deepest of thoughts once again, I I feel it's important to try to transcend whatever uh methods of observation characterize human experience. But within that, that's all really beautifully put. I wonder if there is a common mathematics and a common physics between us and alien beings. We still have to make concrete the methods of communication. Yeah. And that's a fascinating question of, like, while remaining in these abstract fundamental ideas, how do we communicate with them?",
          "chapter_name": "Transcending Humanity: Abstract Thoughts on Aliens and Communication"
        },
        {
          "speaker": "Zev Weinstein",
          "speech": "I mean, I suppose that question could be applied to different cultures on earth was finding a common language. Do you think about that kind of problem of basically communicating abstract fundamental ideas? My least favorite aspect of math or physics or any of these really deep sciences is the symbolic component. You know I'm I'm dyslexic, I don't like looking at at symbols there too often a source of of ambiguity and I think you're entirely right that if one thing holds us back with um communication with something that behaves or looks nothing like us. I think if one thing holds us back uh it will be symbols and the communication of deep thought because as I said, I think communication frequently compromises thought by intention or by just theoretical inadequacy. So on this topic actually would be fun to see what your thoughts are.",
          "chapter_name": "Transcending Humanity: Abstract Thoughts on Aliens and Communication"
        }
      ]
    },
    {
      "name": "The Beauty of Mathematics: Human Language, Alien Discovery, and Theories of Everything",
      "content": [
        {
          "speaker": "Lex Fridman",
          "speech": "Do you think math is uh invented or discovered? So you said that math we might share ideas of mathematics and physics with alien life forms, so it's uniform in some sense of uniform throughout the universe. Do you think this thing that we call mathematics is uh something that's kind of fundamental to the world we live in? Or is it just some kind of pretty axioms and theorems have come up with to try to describe the patterns we see in the world. Uh I think it's completely discovered and completely fundamental to all experience.",
          "chapter_name": "The Beauty of Mathematics: Human Language, Alien Discovery, and Theories of Everything"
        },
        {
          "speaker": "Lex Fridman",
          "speech": "I think the only component of mathematics that has been invented is the expression of it . And I think in some sense there's almost uh in arrogance required to believe that whatever aspect, uh we invent having to do with math and physics and the theory, there is an arrogance required to truly believe that that belongs on any sort of stage with the actual beauty of the matters being discovered. So, um we need our minds and in some sense are our pens too, be able to play with these things that uh and communicate about them and those hands and those are and those pens are the things which smudge the most beautiful thing that humanity can ever um experience. And maybe if we interact with some intelligent life form, uh, they will have their own unique smudges . But the canvas uh which is beautiful, must be identical because that is universal and ubiquitous truth and that's what makes it deep and meaningful is that it's so much more important than uh whatever we're programmed to enjoy as an aspect of human experience. Yeah, that that's really beautifully put. The human language is these messy smudges of trying to express something underlying that is beautiful.",
          "chapter_name": "The Beauty of Mathematics: Human Language, Alien Discovery, and Theories of Everything"
        },
        {
          "speaker": "Zev Weinstein",
          "speech": "Speaking of that, on the physics side , do you think the pursuit of a theory of everything in physics, as we may call it in our current times of understanding the basic fabric of reality from a physics perspective is an important pursuit. I think it's essential, as I've said , I think ideation is our only escape from the constraints of human condition and I think that it's important that all great thoughts and ideas are bound together and I think the math is beautiful and it ensures that um the things which bind uh great ideas which have already been had in great discoveries together. It uh it ensures that those strings will be beautiful. Uh I think it's very important to unify all theories that have brought us to to where we are. Do you think humans can do it?",
          "chapter_name": "The Beauty of Mathematics: Human Language, Alien Discovery, and Theories of Everything"
        },
        {
          "speaker": "Lex Fridman",
          "speech": "Do you think humans can solve this puzzle? Is it possible that we with our limited cognitive capacity will never be able to truly understand this deep, like deeply understand this underlying canvas. I think if not it will be people like you who invent uh some sort of I don't know, we'll call it computation for now that will be um able to not only discover that which transcends humanity but to transcend human methods of discovering that which is above it . So Super intelligence systems A. G. I. And so on that are better physicist than us. I wonder if you might be able to comment.",
          "chapter_name": "The Beauty of Mathematics: Human Language, Alien Discovery, and Theories of Everything"
        }
      ]
    },
    {
      "name": "The Beauty and Struggle of Understanding Physic",
      "content": [
        {
          "speaker": "Zev Weinstein",
          "speech": "So your dad does happen to be is somebody who boldly seeks this kind of deep understanding of physics. The underlying natural reality from a physics perspective from a mathematical physics perspective. Uh Do you have hope? Your dad figures it out? I have great hope. You know, it's not it's not supposed to be my journey, it's supposed to be his journey .",
          "chapter_name": "The Beauty and Struggle of Understanding Physic"
        },
        {
          "speaker": "Zev Weinstein",
          "speech": "It's supposed to be his to uh express to the world, Obviously, I'm I'm so proud that I'm connected to someone who is determined to do such a thing . And on the other hand, uh you know , maybe in some sense, I feel bad for him for having to, if he's going to be the thing which which discovers some sort of grand unified theory and expresses it, I feel sorry that he will have to smudge um whatever canvas this thing is, because because he's human really, I think, I know I've seen a little bit of what I think great math and great physics looks like, and it's it's unbelievably beautiful, and then you have to present it to a world with, you know, like market constraints and all of this, like messy sloppiness. I feel bad um in some sense from my dad, because he has to go back and forth between this beautiful world of math and whatever the messiness is of his, you know, his human life and then the scientific community broadly with egos and tensions and exactly the dynamics of our of what makes us human is also very lucky that he gets to play with these sorts of things. It's, it's a mixed, it's a mixed bag. I both feel a little sorry for him for having to deal with the beauty as well as the uh the smudging and the sloppiness of human expression and wow, I think it's difficult not to envy such a um such a beautiful insight or life or or vision so well that's your own path as well as this kind of struggle of as you mentioned, exploring the beauty of different ideas while having to communicate those ideas with the best much as you can uh in a world that wants to put labels, that wants to misinterpret , that wants to uh that wants to destroy the beauty of those ideas and that's you seem to at this time with their youthful enthusiasm uh embracing that struggle despite the fear in the face of fear, so , and uh your dad also carries that same youthful enthusiasm as well, but that said, you know, your dad eric Weinstein, he's a powerful voice, I would say powerful intellect in public discourse , Is this a burden for you or an inspiration or both as a young mind yourself?",
          "chapter_name": "The Beauty and Struggle of Understanding Physic"
        },
        {
          "speaker": "Lex Fridman",
          "speech": "I think as I said, there's this there's this weird contrast of um you know, I know that he has ideas which I think are are very beautiful and I know he has to deal with um the sort of there's there's something you you have to sacrifice in beauty uh when you bring it to a world which is not always um beautiful . Um and there's there's an aspect of that which sort of scares me about this kind of thing, I also think that um especially since I'm trying to think about how I should appear publicly. My dad has been very inspirational and that I think he's he brings a sort of fastidious care to very difficult conversations that was fastidious. Mean, um like it's just very careful and um thoughtful. Um he brings that sort of attitude to um I think really difficult conversations and I know that I don't have that skill yet.",
          "chapter_name": "The Beauty and Struggle of Understanding Physic"
        }
      ]
    },
    {
      "name": "Unconventional Parenting: Zev Weinstein's Dad",
      "content": [
        {
          "speaker": "Zev Weinstein",
          "speech": "I don't think I'm terrible, but the care, the nuance and yet not being afraid to push forward. Yeah, I would really like to to learn from my dad there.",
          "chapter_name": "Unconventional Parenting: Zev Weinstein's Dad"
        },
        {
          "speaker": "Zev Weinstein",
          "speech": "I think also my dad has been very important uh to my life just because I've always been a sort of very idiosyncratic thinker. Uh and I think I don't always know how to interact with the world for those sorts of reasons and I think my dad has always been similar and if not for my dad, I don't know if I would just believe that like I was stupid or something, um because I wouldn't know how to , how to, I don't know if I would know how to interpret uh my differences from convention. So so he gave you, he gave you the power to be different and use that as a superpower . Yeah, I guess you could, you could put it that way, I don't know who I would believe I am if uh I didn't have my dad telling me that it wasn't my own stupidity which alienated me from certain aspects of standard life. So I'm very, very thankful for that. Is there a fond memory you have about an interaction with your dad either?",
          "chapter_name": "Unconventional Parenting: Zev Weinstein's Dad"
        },
        {
          "speaker": "Zev Weinstein",
          "speech": "Funny profound that kind of sticks with you now a lot part part of the reason I asked that of course is just fascinating to see somebody as brilliant as you see how you're the people that you interact with, how they form the mind that you have. But also to give an insight of another public figure like your dad to see from your perspective of um what kind of little magical moments happen in private life I would say . I remember I just posted about this on instagram or something otherwise it didn't happen if you didn't post the yeah one person who's always sort of mattered to whatever weird life and experience I've had has been this this comedian Tom Lehrer. Um Do you do you know him? Yes I love them very much likewise. Um Anyway I remember I think I was five or something . My dad came home with the with the C. D. This Tom Lehrer Cd and he told me to to listen to it and it was all of this like bizarre uh satirical writing about you know like prostitution and cutting up babies and like all kinds of like ridiculously vile um Content for a for a five year old I think uh Beyond just my love of Tom Lehrer I think it was away from my dad to express that from a very young age he was uh he was really ready to treat me like an adult and he was ready to to trust me and share um share his his life and his uh enjoyments with me. Um, in a way that was unconventional because he was willing to uh, discard tradition for the chance that are really uh, unique and meaningful uh parental relationship , trusting that his particular brand of weirdness is something you can understand at a young age and embrace and learn from it. Tom Lehrer, we should clarify is not all about, what is it, murder and prostitution. He's one of the wittiest , most brilliant musical artists.",
          "chapter_name": "Unconventional Parenting: Zev Weinstein's Dad"
        },
        {
          "speaker": "Zev Weinstein",
          "speech": "If if you haven't listened uh, to his work, you should. He's just a rare into like who's able to sort of catchy rhyme, express some really difficult ideas and sat through satire, I suppose. Uh, that's still, even though it's decades ago still resonates today, some of the ideas that he expressed, I will say also that um I think I'm probably uh, a more cultured person. Having listened to Tom Lehrer, then I would have been without. I think a lot of his comedy uh draws upon a cannon, that I was really driven to do research by saying, what does this mean? I don't I don't understand that reference. There are a lot of references there to um really, really inspirational things, but she sort of assumes going into a lot of his songs and for many of us like me have to piece those things together, you know, looking at Wikipedia pages and whatnot. But um, to tie this back to the original question, I think, um, I think there's sort of, uh, a break it. You bought it notion of parenting.",
          "chapter_name": "Unconventional Parenting: Zev Weinstein's Dad"
        },
        {
          "speaker": "Zev Weinstein",
          "speech": "I think really if you're, if you're not gonna accept a standard , uh, you have to invent your own. And I think in some ways that was my dad's way of telling me that if I was to unstamped heard as a child, he wouldn't , he wouldn't invent his own way of parenting me because that was worth it to him. And I think that was very meaningful to me. I know you're young. This is a weird time to ask this question. Uh, are you cognizant on the role of love in your relationship with your dad?",
          "chapter_name": "Unconventional Parenting: Zev Weinstein's Dad"
        }
      ]
    },
    {
      "name": "Son, Dad, and Idealism: A Conversation on Hope and Optimism",
      "content": [
        {
          "speaker": "Zev Weinstein",
          "speech": "Are you at a place mentally as a man yourself, uh, to admit that you love the guy, I love my dad. Like I, uh, with the connection that I think I've had to very few things in the world. I think my dad is one of the people that's allowed me to see myself and I don't know who I would imagine myself to be, if not for my dad that isn't to say that. I agree with him on everything, but I think he's given me courage to accept myself and to believe that I can, uh teach myself where I'm unable to learn from convention. So I have a very, I love my dad very dearly. Yes .",
          "chapter_name": "Son, Dad, and Idealism: A Conversation on Hope and Optimism"
        },
        {
          "speaker": "Zev Weinstein",
          "speech": "Is there ways in which you wish you could be a better son, firstly, I'd like to say, I'm sure before I figure out exactly what those are, I think if I think whenever I come to conclusions on what that means, I'm eager to to take them. Um, what do you mean by that? What, what do you mean by a conclusion? I have an idea for how to be a better son. I think I'm inclined to try to be that person. I think that's true of almost anything. I think if I have, uh, ideas for improvement, it would be wasteful not to not to not to act on them. So , um, I suppose one thing I could say is that, um, I think idealism and what could almost be considered naivete is not necessarily a, um, a lacking of maturity, but instead an obligation to those older than us who have lived lived and seen too much, um, two fully believe and what is naive and right without, um, without the assistance of the young to re inspire uh, traditional idealism. And so perhaps instead of trying to be more mature all the time, I should spend some time trying to be, uh, an idealistic form of hope in the lives of people who maybe have seen too much to retain all of that original hope. So that's something that's, that's difficult, but especially appearing in public as someone as as young as I am, uh I think anything I do which is juvenile by choice will be held against me.",
          "chapter_name": "Son, Dad, and Idealism: A Conversation on Hope and Optimism"
        },
        {
          "speaker": "Zev Weinstein",
          "speech": "So, but maybe that's a sacrifice that I have to make. I have to retain some sort of youthful hope and optimism can't . I mean , I'm gonna get teary eyed, No, but I have allergies, but also that's pretty powerful what you're saying, I certainly share your ideas. It's something I struggle with. I've, just by instinct, you should read the idiot by dostoevsky by instinct. I'm I love being naive and uh seeing the world from a hopeful perspective, from an optimistic perspective, it is it's sad that that is something you pay a price for in this world , like in the academic world, especially as you're coming up uh through through schooling, but just actually, it's a hit on your reputation throughout your life and it's a sad truth, but you have to, like for many things, if it's a principle behold you have to be willing to pay the costs.",
          "chapter_name": "Son, Dad, and Idealism: A Conversation on Hope and Optimism"
        },
        {
          "speaker": "Zev Weinstein",
          "speech": "And ultimately, I believe that in part, a hopeful view will help you realize the best version of yourself, because optimism is the kind of optimism is productive , like believing that the world is and can be amazing, is allows you to create a more amazing world somehow. I mean , I'm not sure uh I'm not sure if it's a human nature of a fundamental law of physics, I don't know , but believing the impossible in the sense of being optimistic about the thing is it's it's some of like going back to what you've said is like believing that a radical, that a powerful single idea that a single individual can revolutionize some framework that we're operating in that will change the world for the better, believing that allows you to have the chance to create that. And so I'm with you on the optimism, but you may have to pay a cost of optimism and uh naive hopefulness. I mean in some sense, optimism limits freedom. Uh, I think if we don't really have much choice in choosing what is perfect if it exists is is an ideal. Um then there isn't much room for creativity and that's a danger of optimism as someone who uh I would like to be creative, I think, I think it was Warren's, Yvonne said, uh excepting dreams, you're never really free and that's something I think about a lot. Um he's an interesting guy also, I really like him.",
          "chapter_name": "Son, Dad, and Idealism: A Conversation on Hope and Optimism"
        },
        {
          "speaker": "Zev Weinstein",
          "speech": "Uh huh on that topic, you do have uh, a bit of an appreciation in connection with music. I saw you play some guitar a few months ago, uh what what uh can you put in like a philosophical sense, your connection to music? Uh what insights about life, but just the way you see the world do you get from music? I think the role music has played in my life was originally motivated by sort of wanting to prove things to myself, I really have no ear for music, I have a terrible sense of pitch and I think a lot of music relies on very standard teaching. If you think about uh lessons, for example, music lessons, there's there's sort of a routine to them which is so archaic and traditional that there's no room for for for deviation. I think all of that suggested to me that I would never have a relationship with music, I loved listening to music, it was just, it was difficult to me, it was sort of saddened me.",
          "chapter_name": "Son, Dad, and Idealism: A Conversation on Hope and Optimism"
        },
        {
          "speaker": "Zev Weinstein",
          "speech": "Um I wanted to know if there was any way I could build a connection to music, given who I am, my own idiosyncrasies. Um what challenges I have, I decided to try to learn music theory before I touched an instrument. Uh Mhm. I think that gave me a very unique opportunity instead of spending my time fruitlessly at the beginning on the syntax of a particular instrument.",
          "chapter_name": "Son, Dad, and Idealism: A Conversation on Hope and Optimism"
        }
      ]
    },
    {
      "name": "Approaching Music: Freedom Through Discipline",
      "content": [
        {
          "speaker": "Zev Weinstein",
          "speech": "This is how you this is your posture on the piano, this is how you hold your fingers. Uh I tried instead to learn what made music work. And the wonderful thing about that was I'm pretty sure that any instrument with discrete notes is mine for the taking within a day or so of having the ability to play with it.",
          "chapter_name": "Approaching Music: Freedom Through Discipline"
        },
        {
          "speaker": "Lex Fridman",
          "speech": "So I think approaching music abstract lee gave me the ability to install and she ate it uh everywhere . And I think it also taught me something about self teaching. Like recently I've tried getting into into classical music because at least traditionally this is the thing which is thought to require the most rigor. Um and traditional uh teaching , I think it's essentially taught me, even if I'll never be a great classical performer, that there is nothing one can't really teach themselves in this in this era. So I've been I've been enjoying uh whatever connection I have with with music. The other thing I'll say about it is that it's a it's a very rewarding learning process. We know, for example, that music uh accesses are neurochemicals very directly.",
          "chapter_name": "Approaching Music: Freedom Through Discipline"
        },
        {
          "speaker": "Lex Fridman",
          "speech": "And if you teach yourself a little bit of theory and are able to in stan she ate it on an instrument without wasting your time or spending your time tediously on learning the particulars of that instrument, you can instantly sit down and access your own dopamine loops. And so you don't really need to motive motivate yourself with music because, you know, like you're giving your brain drugs, you know , who needs motivation to to give themselves drugs and learn something. So, uh I think I think more people should be, should be playing music. I think a lot of people don't realize how easy it can be to approach if you take a sort of um on standard approach and the athletic approach, in your sense was understanding the theory first. And then just from the, from the foundation of the theory , be able to then just uh, take on any instrument and start creating something that sounds reasonably good. Yeah, we're learning something that sounds recently. Good and then plugging into the, as you call them, the dopamine loops of your brain allowing yourself to enjoy the process.",
          "chapter_name": "Approaching Music: Freedom Through Discipline"
        },
        {
          "speaker": "Zev Weinstein",
          "speech": "Yeah. What about the, uh, the pain in the ass rigorous process of practice. So there's something about my dopamine loops , for example, that enjoys doing the same thing over and over and over again and watching myself improve. I think that's because um, music is more effective at accessing us when it's played correctly. And I think you play, I'm positive that you play music much more correctly than I do. So if you are going to sit down and play something that you've learned that peace will be much more satisfying to your ears, into your brain . Then if I were to play that piece, just sitting down within an instrument, but it's sort of a trade off with freedom and, and rigor because even if I should be spending more of my time practicing rigorously.",
          "chapter_name": "Approaching Music: Freedom Through Discipline"
        },
        {
          "speaker": "Lex Fridman",
          "speech": "I know I don't have to, to make me happy so well, Jacko willing , I think has this saying the discipline is freedom. So maybe uh, maybe the repetition of uh, the disciplined repetition is actually one of the mechanism achieving freedom. It's another way to get to freedom that it doesn't have to be a constraint, but in in a sense unlocks greater sets of opportunity than results in a deeper experience of freedom maybe. I mean, particularly if you're thinking about discipline and uh huh method for improvisation, there are million pieces that you could improvise with the same discipline in how to approach that improvisation. So I think, I think",
          "chapter_name": "Approaching Music: Freedom Through Discipline"
        }
      ]
    }
  ]
}