{
  "speakers": [
    "Lex Fridman",
    "Ronald Sullivan"
  ],
  "episode_name": "170-ronald-sullivan-the-ideal-of-justice-in-the",
  "chapters": [
    {
      "name": "The Necessary Role of Universities in Upholding Freedom",
      "content": [
        {
          "speaker": "Lex Fridman",
          "speech": "The following is a conversation with Ronald Sullivan, a professor at Harvard Law School known for taking on difficult and controversial cases. He was on the head legal defense team for the patriots football player, Aaron Hernandez in his double murder case. He represented one of the genus six defendants and never lost the case during his years in Washington, D. C. S public defender services office In 2019, Ronald joined the legal defense team of Harvey Weinstein, a film producer facing multiple charges of rape and other sexual assault. This decision met with criticism from Harvard University students, including an online petition by students seeking his removal as faculty Dean. A winter pulse. Then a letter supporting him signed by 50 to Harvard law School professors appeared in the boston globe on March 8th 2019. Following this, the Harvard administration succumbed to the pressure of a few Harvard students and announced that they will not be renewing Ronald Sullivan's Dean position. This created a major backlash in the public discourse over the necessary role of universities in upholding the principles of law and freedom at the very foundation of the United States. This conversation is brought to you by Brooklyn and sheets, wine access, online, wine store, monk pack, low carb snacks and blink ist app that summarizes books, click their links to support this podcast.",
          "chapter_name": "The Necessary Role of Universities in Upholding Freedom"
        },
        {
          "speaker": "Lex Fridman",
          "speech": "As a side note, let me say that the free exchange of difficult ideas is the only mechanism through which we can make progress. Truth is not a safe space . Truth is humbling and being humbled can hurt, but this is the role of education, not just in the university , but in business and in life. Freedom and compassion can coexist, but it requires work and patience. It requires listening to the voices into the experiences. Unlike our own listening not silencing , I'll do a few minutes of ads now and no ads in the middle.",
          "chapter_name": "The Necessary Role of Universities in Upholding Freedom"
        },
        {
          "speaker": "Lex Fridman",
          "speech": "I tried to have fun with these even though my voice is genetically incapable of sounding like I'm having fun. I do give you time stamps, so go ahead and skip if you do not happen to have the patience of a saint, but I do try to make it. So there are at least like somewhat interesting to listen to. But either way, please do click the links in the description for the sponsors. It really is the best way to support this podcast. This episode is sponsored by Brooklyn sheets. I am not an expert on comfort.",
          "chapter_name": "The Necessary Role of Universities in Upholding Freedom"
        },
        {
          "speaker": "Lex Fridman",
          "speech": "I've often, throughout my life slept on the carpet without anything but a jacket and jeans. But these sheets have been amazing in general for many years. I've mostly lived a minimus life in the things I eat in the content I consume in the possessions that actually have material possessions in the things that have hung up on my wall, which is usually nothing except maybe a picture of finding an Einstein and when you have a minimalist life like that, you could really appreciate quality. I think there's two kinds of products. Of course it's a Venn diagram, but the first category is the ones you get to show to the world and the other is the ones you get to make yourself feel happy , like internally intrinsic versus extrinsic. I guess again, it's probably significant overlap, but I do appreciate quality. I do appreciate products that make me feel good. These sheets are that so it's nice. I will never be dependent on these things. If I do feel myself becoming dependent, I will let go of them. Anyway, go to Brooklyn and dot com and use code lex to get 25 bucks off when you spend $100 or more.",
          "chapter_name": "The Necessary Role of Universities in Upholding Freedom"
        },
        {
          "speaker": "Lex Fridman",
          "speech": "Plus get free shipping as Brooklyn and dot com and enter code lex. This podcast is also sponsored by wine, access online store with expertly selected wine. They make it easy for anyone I. E me from novice to expert to pick and order the most delicious wines from around the world. Their team tastes over 20,000 bottles a year And hand picks only the best for their customers. There's something profoundly joyful about me imagining the tasting of 20,000 bottles. I personally had a lot of joyful experiences, a drinking wine because uh at least for me , one has been a thing that brings close friends and family together over a great meal. So I kind of think there's several categories of alcohol wine is like about sharing, love with friends. And then there's like the other side of the spectrum, which is Tequila where every single experience I've had or Tequila was involved, I'd regret it. Mhm.",
          "chapter_name": "The Necessary Role of Universities in Upholding Freedom"
        }
      ]
    },
    {
      "name": "Lawyer's Fight for Justice in Weinstein Saga",
      "content": [
        {
          "speaker": "Lex Fridman",
          "speech": "So if you choose wine, you're choosing love, if you're choosing to cure, you're choosing danger, but sometimes a little dangerous fun. So, but most of the time you want to stick with wine, you wanna stick with wine access. Let me recommend. This is where I try to sound smart and sophisticated. The 2018 radio silence cabernet seven young napa valley. That's definitely a good one. And it's affordable given the high, high quality, so get 20% off your first order when you go to wine access dot com slash lex, the discount will be applied at checkout. That's wine access dot com slash lex to see my wind picks and get discount and I hope you and I dear listener will share wine together one day. This episode is also brought to you by a monk pack keto granola bars that contains just one g of sugar, two g of net carbs and there are only 100 and 40 calories.",
          "chapter_name": "Lawyer's Fight for Justice in Weinstein Saga"
        },
        {
          "speaker": "Lex Fridman",
          "speech": "It's actually interesting to think about what kind of fuel is needed when you're in the low carb diet when you all of a sudden step up the performance needs. So like if I usually run, you know five or six miles here and there do a few push ups and pull ups and so on. If I all of a sudden have to run like an ultra marathon, which I hope I don't have to, but I very well might need to, once I meet David, there's quite a few people that say you can do the ultra on continuing low carb, like ultra low carb, but there's also a lot of people that say, well, no, in these cases, even if you low carb, you need to load up on carbs, all that stuff. There's so many debates that are so confusing . I don't know what to make of it. I think I go back to the same thing I would go back to, which is you have to experiment on yourself and you have to listen to your body.",
          "chapter_name": "Lawyer's Fight for Justice in Weinstein Saga"
        },
        {
          "speaker": "Lex Fridman",
          "speech": "I don't listen to a random guy on the internet, listen to your body over that. Okay, get 20% off your first purchase of any monk pack product by visiting monk pac dot com. And enter code lex it , check out if you don't like it for any reason, I would personally first question your tastes. But Monk back will not, they'll exchange the product or refund your money guaranteed. That's Monk back dot com and enter code lex. This episode is also supported by blancas , my favorite app for learning new things, blinkers takes the key ideas from thousands of nonfiction books and condenses them down into just 15 minutes.",
          "chapter_name": "Lawyer's Fight for Justice in Weinstein Saga"
        },
        {
          "speaker": "Lex Fridman",
          "speech": "They can read or listen to. They've also started doing this weirdly amazing thing called short casts, which summarizes podcasts have like a selection of podcasts and they summarize them. The ones they choose are like the really well organized podcast. But it's kind of fun to think about them trying to summarize like this podcast that I'm doing or even like the crazier long form podcast , like a joe Rogan experience kind of podcast, Good luck trying to summarize that chimps, D M. T and aliens. There you go.",
          "chapter_name": "Lawyer's Fight for Justice in Weinstein Saga"
        },
        {
          "speaker": "Lex Fridman",
          "speech": "That's the summary. I should work for blink ist. I really actually enjoy this idea of hardcore summarization. Like some people listen to podcasts like two X. Or even more faster. Like there's a lot of value to that or even just like with blinkers summarizing books that are like huge into just like a few pages. I really think that's exceptionally valuable. But it also has to be coupled with actually reading long form content or listening to long form content as well.",
          "chapter_name": "Lawyer's Fight for Justice in Weinstein Saga"
        },
        {
          "speaker": "Lex Fridman",
          "speech": "And I actually think there's space to listening to stuff at like one X. And pausing and giving your mind a chance to think. I really think there's power in silence, you know, you can call it boredom or whatever, but it's that meditative silence that you want to escape. There's an anxious desire to escape that silence. But if you resist that anxious desire, I think brilliant ideas come. So that's the value of long form content. But then the short form content is really valuable because you get condensed information so you're maximizing on information with long form content. You're maximizing on the silence and the chance to think Anyway, go to blankets dot com slash lex to start your free seven day trial and get 25% off of blinkers premium membership.",
          "chapter_name": "Lawyer's Fight for Justice in Weinstein Saga"
        },
        {
          "speaker": "Ronald Sullivan",
          "speech": "That's blankets dot com slash lex. This is the lex Friedman podcast and here is my conversation with Ronald Salman, you were one of the lawyers who represented the Hollywood producer, Harvey Weinstein, In advance of the sexual assault trial for this, Harvard forced you to step down as faculty deans, you and your wife of winter paus, Can you tell the story of the saga from first deciding to represent Harvey Weinstein to the interesting, complicated events that followed. Yeah, sure.",
          "chapter_name": "Lawyer's Fight for Justice in Weinstein Saga"
        }
      ]
    },
    {
      "name": "The Unpopular Cases: Defending the Underdogs",
      "content": [
        {
          "speaker": "Ronald Sullivan",
          "speech": "So I got a call one morning from a colleague at the Harvard law school who asked if uh I would consent to taking a call from, from Harvey, uh he wanted to meet me and uh and chat with me about representing him. I said yes and um one thing led to another. I drove out to Connecticut where he was staying and met with him and some of his advisers and then uh Like day or two later I decided to to take the case.",
          "chapter_name": "The Unpopular Cases: Defending the Underdogs"
        },
        {
          "speaker": "Lex Fridman",
          "speech": "This would have been back in January of 2019, I believe. So the sort of cases I have a very small practice, most of my time is just teaching and writing . But I tend to take cases that most deemed to be impossible. Uh, take the challenging sorts of cases and, and this was, uh, fit the bill . It was quite challenging in the sense that , uh, everyone had, uh, prejudged the case. When I say everyone, I just mean the general sentiment in the public, uh, had the case prejudged, even though the specific allegations did not regard the, any of the people in the, um, in the new yorker, that's the new yorker article that sort of, uh, exposed everything that was going on um, allegedly with, with, with harvey. So I decided to, uh, to take the case and I did, Is there a philosophy behind you taking on these very difficult cases?",
          "chapter_name": "The Unpopular Cases: Defending the Underdogs"
        },
        {
          "speaker": "Ronald Sullivan",
          "speech": "Like is it a set of principles? Is it just your love of the law? Or is it is there like set of principles why you take on the case? Is, yeah, I do like take on, I'd like to take on hard cases and I'd like to take on the cases that are with unpopular defendants, unpopular clients. Um, and with respect to the ladder, that's where Harvey Weinstein fell.",
          "chapter_name": "The Unpopular Cases: Defending the Underdogs"
        },
        {
          "speaker": "Ronald Sullivan",
          "speech": "Uh, it's because, uh, we need lawyers and good lawyers to take the unpopular cases because that those sorts of cases determine what sort of criminal justice system we have. Uh, if we don't protect the rights and the liberties of those whom the society deems to be the least and the last, the unpopular client. And that's the, the camel's nose under the tent. If we let the camel's nose under the tent, the entire tent is going to collapse . That is to say if we short circuit the rights of a client like harvey Weinstein, then the next thing, you know, someone will be at your door knocking it down and violating your rights. There's a, there's a certain creep there with respect to, um, the way in which the state will respect the civil rights and civil liberties of people and these are the sorts of cases that tested.",
          "chapter_name": "The Unpopular Cases: Defending the Underdogs"
        },
        {
          "speaker": "Lex Fridman",
          "speech": "So, you know, for example, uh, there's a, there was a young man many, many years ago named Ernesto Miranda by all accounts, he was not a likable guy. He was, you know, three time knife thief and not a likable guy, but lawyer stepped up and took his case. And because of that, we now have the Miranda warnings, you have the right to remain silent and that those, those warnings that um, officers are, are, are forced to give to people. So it is through these cases that we express oftentimes the best values in our criminal justice system. So I, I proudly take on these sorts of cases in order to vindicate not only the individual rights of the person whom I'm representing, but the rights of citizens writ large who um, most of whom do not experience the criminal justice system and it's partly because of lawyers who take on these sorts of cases and establish rules that protect us, um average everyday, ordinary concrete citizens from a psychological perspective, just you as a human is there is there fear is their stress from all the pressure, because if you're facing, I mean, the whole point, a difficult case, especially in the ladder that you mentioned of the going against popular opinion, you have the eyes of millions potentially looking at you with anger as you try to defend, uh you know , this, these set of laws that this country is built on. No, it doesn't stress me out, particularly, it, uh, you know, it sort of comes with the territory, I try not to get uh to excited in either direction.",
          "chapter_name": "The Unpopular Cases: Defending the Underdogs"
        },
        {
          "speaker": "Ronald Sullivan",
          "speech": "So, a big part of my practice is a wrongful convictions, and I, uh I've gotten over 6000 people out of prison who has been wrongfully incarcerated and a subset of those people have been convicted and, you know, if people have been in jail 2030 years who have gotten out, and those are the sorts of cases where people praise you and and and that sort of thing. And so, look, I do the work that I do, I'm proud of the work that I do, and in that sense, I'm uh sort of a part time Daoist expression reversal is the movement of the DAO. Uh, so I don't get too high, I don't get too low, I just try to do my work and represent people to the best of my ability. So one of the hardest cases of recent history would be the harvey weinstein in terms of popular opinion or unpopular opinion. So well, if you continue on that line, what was that? Where does that story take you of taking on this case? Yeah,",
          "chapter_name": "The Unpopular Cases: Defending the Underdogs"
        }
      ]
    },
    {
      "name": "Harvard's Craven Cowardice",
      "content": [
        {
          "speaker": "Ronald Sullivan",
          "speech": "so I I took on the case and then there was some uh some a few students at the college. So let me back up. I had an administrative post at Harvard College, which is a separate entity from the Harvard Law School . Harvard College is the undergraduate portion of Harvard University and the law school's obviously the law school and I uh initially was appointed as master of one of the houses. We did a name change five or six years into it and and we're called faculty deans. But the houses at Harvard are based on the college system of Oxford and Cambridge. So when students go to Harvard after their first year, they are assigned to a particular house or college and that's where they live and eaten so forth undergraduate , these are undergraduate students. So I was responsible for one of the houses, that's as its faculty dean. Uh so it's an administrative appointment at the college and some students who didn't clearly didn't like Harvey Weinstein began to uh protest about the representation and from there, it uh just mushroomed into one of the most craven cowardly acts by uh any university in modern history.",
          "chapter_name": "Harvard's Craven Cowardice"
        },
        {
          "speaker": "Ronald Sullivan",
          "speech": "It's just a complete and utter repudiation of academic freedom. Uh, and it is a decision that Harvard certainly will live to regret. It's frankly, it's an embarrassment. We expect students to do what students do and I encourage students to have their voices heard and to protest. I mean, that's what students do. What is vexing Are the adults?",
          "chapter_name": "Harvard's Craven Cowardice"
        },
        {
          "speaker": "Ronald Sullivan",
          "speech": "The dean of the Faculty of Arts and Sciences, claudine Gay, absolutely craven and cowardly. The dean of the college. Same thing, rakesh Khurana craven and cowardly . Uh, they Capitulated to the loudest voice in the room and ran around afraid of 19 year old. So 19 year olds are upset that I, I need to, I need to do something. And it appeared to me that they so so desired the approval uh, of students that they were afraid to make the tough decision and the right decision. It really could have been an important teaching moment at teaching moment. Yeah, very important teaching moment. So they forced you to step down from that faculty dean position at the house. It um, I would push back on the description a little bit.",
          "chapter_name": "Harvard's Craven Cowardice"
        },
        {
          "speaker": "Ronald Sullivan",
          "speech": "So, so, so, so I, so I don't write the, the, uh, you know, the references to the op ed, I did the new york times, Harvard made a mistake by making me step down or or something like that. So I don't write those things. I did not step down and refused to step down. Harvard declined to renew my, my, my my contract. And you know, and I made it clear that I was not going to resign as a matter of principle and and forced them to do the cowardly act that they in fact did. And you know, the worst thing about this. Uh they did uh the college uh Dean Gay and Dean Khurana commissioned this survey.",
          "chapter_name": "Harvard's Craven Cowardice"
        },
        {
          "speaker": "Ronald Sullivan",
          "speech": "They've never done this before. Survey from the students. You know, how do you feel at Winthrop House? And the funny thing about the survey is they never released the results. Why did they never released the results? They never released the results because I would bet my salary that the results came back positive for me. And it didn't fit their narrative because most of the students were fine. Most of the students were fine. It was the loudest voice in the room . So they never released it .",
          "chapter_name": "Harvard's Craven Cowardice"
        },
        {
          "speaker": "Lex Fridman",
          "speech": "And you know, I challenged him to this day, release it, Release it. But no, but you know, they wanted to um uh create this narrative. Uh and when the data didn't support the narrative, then they just got got silent. So we're not going to release it . The students demanded it, I demanded it and they wouldn't release it because I am I I just I just know in my heart of Hearts that it it was uh it came back in my favorite that most students at Winthrop House said they were fine.",
          "chapter_name": "Harvard's Craven Cowardice"
        },
        {
          "speaker": "Ronald Sullivan",
          "speech": "Uh there was a group of students that weaponized a term unsafe? They said , we felt unsafe and they they bandied this term about. But I'm again, I'm confident that that the majority of students at Winthrop House said they felt completely fine and the uh felt safe and so forth. And the supermajority I am confident either said, I feel great at at Winthrop or, you know, I don't care one way or the other, and then there was some minority who had had a different view, but um, you know, lessons learned. Uh it was a wonderful opportunity at Winthrop admit some amazing students over the my 10 years as master and then faculty Dean and I'm still in touch with the number of students, some of whom are now my students at the, at the law school. So in the end , I thought it was uh it ended up being a great experience.",
          "chapter_name": "Harvard's Craven Cowardice"
        },
        {
          "speaker": "Ronald Sullivan",
          "speech": "Uh the national media, it was just wonderful and it's just wonderful. They people wrote such wonderful articles and accounts and wag their finger appropriately at Harvard uh uh compared me to john Adams, which I don't think it's an apt comparison, but it's always great to read something like that . Uh But but anyway , that that that was the Harvard uh the Harvard versus Harvey situation.",
          "chapter_name": "Harvard's Craven Cowardice"
        }
      ]
    },
    {
      "name": "Difficult Conversations: The Future of Academia",
      "content": [
        {
          "speaker": "Ronald Sullivan",
          "speech": "So that that seems like a seminal mistake by Harvard. And Harvard is one of the great universities in the world and so sort of its successes and its mistakes are really important for the world as a beacon of like how we make progress.",
          "chapter_name": "Difficult Conversations: The Future of Academia"
        },
        {
          "speaker": "Ronald Sullivan",
          "speech": "So what lessons for the bigger academia that that's under fire a lot these days. Uh what bigger lessons do you take away? Like how do we make Harvard Great, How do we make other universities? Yale, M. I. T. Great in the face of such mistakes? Well, I think that we have moved into a model where we the we have the consumerism nation of Education. Uh that is to say we have feckless administrators who make policy based on what the students say. Um Now this comment is not intended to suggest that students have no voice in governance, but it is just to suggest that the faculty are there for a reason. They are among the greatest minds on the planet earth in their particular fields, at schools like Harvard and Yale stanford the schools that you mentioned, m I. T. Quite literally the greatest minds on earth. Their therefore a reason, things like uh curriculum and so forth, are rightly in the province of faculty.",
          "chapter_name": "Difficult Conversations: The Future of Academia"
        },
        {
          "speaker": "Lex Fridman",
          "speech": "And while you take input and critique and so forth, ultimately the grownups in the room have to be sufficiently responsible to take uh to to take charge and to direct the course of a student's education And um you know, you know, my situation is one example where it really could have been an excellent teaching moment about the value of the 6th amendment, about what it means to treat um what it means to treat people who are in the crosshairs of the criminal justice system, but rather than having that conversation, uh oh, it's just this consumerism nation model. Well, there's a lot of noise out here, so we're going to react in this sort of way. Higher education as well, unfortunately , has been commodified and other sorts of ways that has reduced or or impeded hampered uh these schools commitments to uh free and robust and open dialogue. So, to the degree that academic freedom doesn't sit squarely at the center of the academic mission, uh any school was gonna be in trouble and I really hope that uh um that we weather this current mhm political moment where uh 19 year olds without degrees or running universities and get back to a a system where uh faculty where adults make decisions in the best interests of the university and the best interests of the students even to the degree, though some of those decisions may be uh unpopular and that uh is going to require a certain courage. Um and hopefully in time and I'm confident that in time, um administrators are going to begin to push back on these current trends. Harvard's been around for a long time, it's been around for a long time for a reason.",
          "chapter_name": "Difficult Conversations: The Future of Academia"
        },
        {
          "speaker": "Ronald Sullivan",
          "speech": "And one of the reasons is that it understands itself not to be static. So I have every uh view that Harvard is going to adapt and Get itself back on course and be around another 400 years at least. That's my so I mean what does it kind of boils down to is just having difficult conversations, difficult debates uh when you mentioned sort of 19 year olds and it's funny I've seen this unit at M. I. T. It's not that they shouldn't have a voice should they do seem to I guess you have to experience it and just observe it. They have a strangely disproportionate power. It's very interesting to to basically, I mean you say yes there's great faculty and so on . But you know uh it's not even just that the faculty is smart or wise or whatever it is that they're just silenced. So the terminology that you mentioned is weaponized as a sort of safe spaces or that certain conversations made people feel unsafe. What do you think about this kind of idea?",
          "chapter_name": "Difficult Conversations: The Future of Academia"
        },
        {
          "speaker": "Ronald Sullivan",
          "speech": "You know ? Is there some things that are unsafe to talk about in the university setting? Is their lines to be drawn somewhere? And uh just like you said on the flip side with a slippery slope, is it too easy for the lines to be drawn everywhere? Yeah that's a great question. So this idea of unsafe space at least the vocabulary derives from some research academic research about feeling psychologically uh unsafe. And so the notion here is that there is uh there are forms of uh psychological disquiet that impedes people from experiencing the educational environment to the greatest degree possible. And that's the argument. I and and assuming for a moment that people do have these feelings of of of disquiet uh elite universities like M. I . T. And like Harvard, that's probably the safest space people are gonna be in for their their their lives.",
          "chapter_name": "Difficult Conversations: The Future of Academia"
        }
      ]
    },
    {
      "name": "Humility in Universities: Challenging Assumptions, Civil Discourse",
      "content": [
        {
          "speaker": "Lex Fridman",
          "speech": "Because when they get out into the quote unquote real world, uh they won't have the sorts of nets that these schools provide safety nets that these schools provide. So to the extent that research is descriptive of a psychological feeling, I think that the duty of the universities are to challenge people. It seems to me that it's a shame to go to a place like Harvard, a place like M. I. T. Yell any of these great institutions and come out the same person that you were when you went in uh that seems to be a horrible waste of four years and and and money and and and resources rather, we ought to challenge students that they grow um challenge some of the uh their most deeply held assumptions. Um they may continue to hold them, but the point of an education is to rigorously interrogate um these fundamental assumptions that have guided you uh thus far and to do it uh fairly and civilly. So the extent that there are lines that should be drawn. There's a long tradition in the University of civil discourse. So you should uh drawing lines somewhere between civil discourse and uncivil discourse , the purpose of a university is to talk difficult conversations, tough issues uh talk directly and frankly , but do it civilly, and you know, so to um you know, yelling cuss at somebody uh and that sort of thing.",
          "chapter_name": "Humility in Universities: Challenging Assumptions, Civil Discourse"
        },
        {
          "speaker": "Lex Fridman",
          "speech": "Well, you know, do that on your own space, but observe the norms of civil discourse at at the university. Uh So look, I think that the presumption ought to be that uh the most difficult topics are appropriate to talk about at a universe, that that ought to be the presumption. Now, you know, I should uh um m I t for example, give it's prom imprimatur to someone who is espousing uh the flat Earth theory, you know, the Earth is flat, right? So they're if if certain ideas uh are are so uh contrary to the scientific uh and and and cultural thinking of the of the moment. Yeah, there's space there to draw a line and say, yeah, we're not going to give you this platform to tell our students that the Earth is flat.",
          "chapter_name": "Humility in Universities: Challenging Assumptions, Civil Discourse"
        },
        {
          "speaker": "Ronald Sullivan",
          "speech": "Uh but, you know, a topic that's controversial but contested story, that's what universities are for if you don't like the idea, present better ideas and articulate them, and I think there needs to be a mechanism outside of the space of ideas of humbling. Like I've done martial arts for a long time. I got my ask kicked a lot, I think that's really important. I mean the in the space of ideas, I mean even just an engineering, just all the math classes, my memories of math, which I love, it's kind of pain is basically coming face to face with the idea that I'm not special, that I am much dumber than I thought I was and that anything accomplishing anything in this world requires really hard work. That's really humbling. That makes you, that , that puts you because I remember when I was 18 and 19 and I thought I was going to be the smartest, the best fighter, the Nobel prize winning, uh you know , all those kinds of things and then you come with face to face with the reality and it hurts and it feels like there needs to be efficient mechanisms from the best universities in the world two without abusing you. It's a very difficult line to walk without like mentally or physically abusing you be able to humble you And that's what I felt was missing in these very difficult, very important conversations is the 19 year olds when they spoke up, the mechanism for humbling them with ideas was missing.",
          "chapter_name": "Humility in Universities: Challenging Assumptions, Civil Discourse"
        },
        {
          "speaker": "Lex Fridman",
          "speech": "I got kind of gotten broken broken down because as you say, there does like I sensed fear, everything was permeated with fear and fear is uh paralyzing fear is destructive, especially in a place that's supposed to be all about freedom of ideas and I mean I don't know if you have anything. Um and your thoughts to say on this whole idea of cancel culture were people. Um and a lot of people use it has become political. So staying maybe outside of the world to politics. Is this uh uh you have you have thoughts about it, does it bother you that people are sort of put in this bin and uh labeled us something and then thereby you can ignore everything they say you steven pinker. There's a lot of Harvard folks that are fighting against , I guess these set of ideas. But you have you have thoughts, I think that we as a culture are way, way , way too quick to cancel people. And it's become almost reflexive now.",
          "chapter_name": "Humility in Universities: Challenging Assumptions, Civil Discourse"
        }
      ]
    },
    {
      "name": "Evil, Circumstances, and Choices: A Philosophical Conversation",
      "content": [
        {
          "speaker": "Ronald Sullivan",
          "speech": "Uh you know someone uh say something or makes an offhand comment, even a mistake. Uh Yeah, there's there's a move to simply uh cancel uh folks. So I think that this quote unquote cancel culture has really gotten out of control at this point. It's forcing people to be robotic. Uh in many ways. Uh As I say, not now, I know I'm venturing into your intellectual domain for future robots watching this offense. And there are many, it's discouraging a lot of good people from um getting into public life in any sort of way because you know, who needs the who needs the stress of it when there is some sense you're an inspiration that you're able to withstand the pressure, the pressure of the masses, but it is is it's a set",
          "chapter_name": "Evil, Circumstances, and Choices: A Philosophical Conversation"
        },
        {
          "speaker": "Ronald Sullivan",
          "speech": "it's a sad aspect of human nature that we kind of get into these crowds and we get start chanting and it's fun for some reason and then you forget yourself and then you sort of wake up the next day not not having anticipated the consequences of all the chanting and we will get ourselves in trouble and that, I mean there's some responsibility on the now on social networks and the mechanisms by which they make it more frictionless to do the chanting, to do the canceling, to do the outrage and all that kind of stuff. So I actually on the technology side have a hope that that's fixable. But yeah it does seem to be uh you know it's almost like the internet showed to us that we have a lot of broken ways about which we communicate with each other and we're trying to figure that out staying with the university. The this mistake by Harvard showed that we need to reinvent what the university is and I mean all of this is it's almost like we're finding our baby deer legs and trying to strengthen the institutions that have been very successful for for for a long time, you know, the really interesting thing about Harvey Weinstein and you're choosing these exceptionally difficult cases is also thinking about what it means to defend evil people, what it means to defend these, we could say unpopular and you might push back against the word evil, but bad people in society. Um , first of all, do you think there's such a thing as evil?",
          "chapter_name": "Evil, Circumstances, and Choices: A Philosophical Conversation"
        },
        {
          "speaker": "Lex Fridman",
          "speech": "Or do you think all people are good and it's just circumstances that create evil? And also is there somebody too evil for the law to defend? So that's a so the first question, that's a deep philosophical question, whether the category of evil does any work for me, it does for me. I I do think that I do subscribe to that category, that there is evil in the world as conventionally understood. So, uh , so there are many who will say, yeah, that just doesn't doesn't do any work for me. But the category evil, in fact does intellectual work for me. And I understand it as something that uh, that exists is a genetic or is it the circumstance, like, what kind of work does it do for you?",
          "chapter_name": "Evil, Circumstances, and Choices: A Philosophical Conversation"
        },
        {
          "speaker": "Ronald Sullivan",
          "speech": "Intellectually? I think that it's uh highly contingent that is to say that the conditions in which one grows up and so forth, uh, begins to create this category that we may think of as evil. Now, there are studies and what not that show that uh, certain brain abnormalities and so forth, are more prevalent in, say serial killer. So there may be a biological predisposition to certain forms of conduct , but I don't I don't have the ah biological evidence to make a statement that someone is born evil and, and you know, I'm not a determinist thinker in that way. So you come out the womb evil",
          "chapter_name": "Evil, Circumstances, and Choices: A Philosophical Conversation"
        },
        {
          "speaker": "Ronald Sullivan",
          "speech": "and you're destined to be that way. Um To the extent there may be biological determinants. Uh They're still require some uh nurture as well. Um So but you still put a responsibility for the on the individual. Of course, yeah, we all make choices and so some responsibility on the individual. Indeed. Mhm. We live in a culture unfortunately where a lot of people have a constellation of bad choices in front of them and that makes me very sad uh that people grow up with predominantly bad choices in in front of them and that's unfair and that's that's on all of us.",
          "chapter_name": "Evil, Circumstances, and Choices: A Philosophical Conversation"
        },
        {
          "speaker": "Ronald Sullivan",
          "speech": "But yes, I do think we make we make choices, wow, that's so powerful. The constellation of bad choices. A that's such a powerful way to think about sort of equality, which is the Senate trajectories before you, that you could take if you just roll the dice is uh you know, life is is a kind of optimization problem . Sorry to take us into math over a set of trajectories under imperfect information. Uh So you're going to do a lot of stupid sh it to put it uh in technical terms. Uh But the fraction of the trajectories that take you into uh into bad places or to good places is really important and that's ultimately what we're talking about, an evil might be just a little bit of a predisposition biologically?",
          "chapter_name": "Evil, Circumstances, and Choices: A Philosophical Conversation"
        },
        {
          "speaker": "Lex Fridman",
          "speech": "But the rest is just trajectories that you can take. I've been studying Hitler a lot recently. I've been reading probably way too much and it's it's interesting to think about all the possible trajectories uh, that could have avoided the this particular individual developing the hate that he did the following, that he did the actual final uh there's a few turns in him psychologically where he went from being a leader that just wants to conquer and to uh somebody who allowed his anger and emotion to take over. Where he started making mistakes for uh in terms of militarily speaking, but also started doing , you know, evil things and all the possible trajectories that could have avoided that are fascinating . Including he wasn't that bad at painting and drawing. That's true from the very beginning.",
          "chapter_name": "Evil, Circumstances, and Choices: A Philosophical Conversation"
        }
      ]
    },
    {
      "name": "The Ideal and Reality of Criminal Justice: A Defense Attorney's Perspective",
      "content": [
        {
          "speaker": "Ronald Sullivan",
          "speech": "And uh and it's time in Vienna, there's all these possible things to think about. And of course there's millions of others like him that never came to power and all those kinds of things. Uh, so, but that goes to the second question on the, on the side of evil, do you think? And Hitler is often brought up was like an example of somebody who is like the epitome of evil, do you think you would if you got that same phone call after World War Two and Hitler survived uh during war, you know, uh the trial for war crimes, would you take the case defending uh Adolf Hitler if you don't want to answer that one, is there a line to draw for evil? For who do not defend? No, I think I think everyone to the second one, first everyone has a right to a defense if you're charged criminally in in the United States of America. So no, I do not think that there's someone so evil that they do not deserve a defense. Process matters uh process helps us get to results uh more accurately than we would otherwise.",
          "chapter_name": "The Ideal and Reality of Criminal Justice: A Defense Attorney's Perspective"
        },
        {
          "speaker": "Ronald Sullivan",
          "speech": "So it is important and it's vitally important and indeed more important for uh someone deemed to be evil to receive the same quantum of process and the same substance of process that anyone else would. It's vitally important to the health of our criminal justice system for that to happen. So yes, everybody Hitler included. Uh were uh he charged in the United States for a crime that occurred in the United States. Uh Yes . Um um whether I would do it if I were a public defender and assigned the case. Yes, I started my career as a public defender, represent anyone who was assigned to me. I think that is our our duty uh in private uh practice. I have choices. Uh I likely based on the hypo you gave me and I would tweak it a bit because it would have to be a U. S. Crime.",
          "chapter_name": "The Ideal and Reality of Criminal Justice: A Defense Attorney's Perspective"
        },
        {
          "speaker": "Ronald Sullivan",
          "speech": "And so but but I get the broader point and don't wanna bogged down in technicalities, I'd likely uh pass right right now as I see it unless um it was a case where no nobody else would would would represent him. Uh You know, then I would I would think that I have some sort of duty and an obligation uh to to to do it . But yes, everyone absolutely deserves a right to competent counsel. That is a beautiful ideal. Is difficult to think about it in the face of public pressure. It's just, I mean, It's kind of terrifying to watch the masses during this past year of 2020, to watch the power of the masses to make a decision before any of the data is out.",
          "chapter_name": "The Ideal and Reality of Criminal Justice: A Defense Attorney's Perspective"
        },
        {
          "speaker": "Ronald Sullivan",
          "speech": "If the data is ever out any of the details, any of the processes and I and there is an anger to the justice system. There's a lot of people that feel like even though the ideal you describe is a beautiful one, it does not always operate. Uh Justly it does not operate to the best of its ideals. It operates unfairly. Can we go to the big picture of the criminal justice system, What do you given the ideal works about our criminal justice system and what is broken? Well, there's a lot broken uh right right now",
          "chapter_name": "The Ideal and Reality of Criminal Justice: A Defense Attorney's Perspective"
        },
        {
          "speaker": "Ronald Sullivan",
          "speech": "and I usually focus on on that, but in truth, a lot works about our criminal justice system. So there's a there's an old joke. Uh and it uh it's funny, but it carries a lot of truth to it. And the joke is that um, in the United States, we have the worst criminal justice system in the world except for every place else. And uh, and yes, we we certainly have a number of problems uh and a lot of problems based on race and class and economic station, but we have a process that privileges of liberty and that's a good feature of the criminal justice system. So here's how it works. The idea of the relationship between the individual and the state is such that in the United States, uh, we privilege liberty over and above. Very many value.",
          "chapter_name": "The Ideal and Reality of Criminal Justice: A Defense Attorney's Perspective"
        }
      ]
    },
    {
      "name": "Liberty, Innocence, and the Criminal Justice System",
      "content": [
        {
          "speaker": "Ronald Sullivan",
          "speech": "So much so that a statement by increase Mather, not, you know, Terribly far from where we're sitting right now has gained traction over all these years. And it's that better 10 guilty go free than one innocent person convicted. Uh that is an expression of the way in which we understand liberty to operate in our collective consciousness. We would rather a bunch of guilty people go free than to than to um impact the liberty interests of any individual person. So that's a guiding principle in our criminal justice system. Liberty. And so we set a process that makes it difficult to convict people.",
          "chapter_name": "Liberty, Innocence, and the Criminal Justice System"
        },
        {
          "speaker": "Ronald Sullivan",
          "speech": "We have rules of procedure that are cumbersome and that slow down the process and that um exclude otherwise reliable evidence. And this is all because we place a value on liberty. And I think these are good things and it, uh, and it says a lot about our criminal justice system. Some of the bad features have to do with the way in which, uh, this country sees color as a proxy for criminality and, and treats people of color and radically different ways in the, in the criminal justice system, uh, from arrest to uh, charging decisions to sentencing. Uh, people of color are disproportionately impacted on all sorts of registers. Um, one example and it's a popular one, uh, that although there appears to be no, uh, distinguishable difference between drug use by whites and blacks in the country.",
          "chapter_name": "Liberty, Innocence, and the Criminal Justice System"
        },
        {
          "speaker": "Lex Fridman",
          "speech": "Uh, blacks though Only 12% of the population represent 40% of the, uh, the drug charges in the country. There's, there's, there's some dis equities along race and class in the criminal justice system that we really have to have to have to fix. And they've grown to more than, than bugs in the system and have become features unfortunately, of our system to, to make it more efficient to make judgments. So the racism makes it more efficient. It, uh, it efficiently, uh, moves people from society to the streets. Uh, and that's, uh , and a lot of innocent people get caught up in that. Well, let me ask in terms of the innocence.",
          "chapter_name": "Liberty, Innocence, and the Criminal Justice System"
        },
        {
          "speaker": "Lex Fridman",
          "speech": "So you've gotten a lot of people who are innocent? Are you different? Uh, I guess I guess revealed their innocence, demonstrated their innocence. What's that process? Like what's it like emotionally psychologically, what's it like legally to fight the system in uh through the process of revealing sort of the innocence of a human being. You emotionally and psychologically it can be taxing.",
          "chapter_name": "Liberty, Innocence, and the Criminal Justice System"
        },
        {
          "speaker": "Lex Fridman",
          "speech": "I follow a model of what's called empathic representation and that is I get to know my clients and their family, I get to know their strivings, their aspirations, their fears, their sorrows. So that certainly uh Mhm Sometimes can do psychic injury on one if you you know, you get really invested and really sad and and or happy and it uh it does become emotionally taxing. But the idea of someone sitting in jail for 20 years, completely innocent of the crime. Can you imagine sitting there every day for 20 years doing that? You factually did not do the thing that you were convicted of by a jury of your peers? It's got to be the most incredible thing in the world.",
          "chapter_name": "Liberty, Innocence, and the Criminal Justice System"
        }
      ]
    },
    {
      "name": "Racism, Robots, and Justice: A Fascinating Conversation",
      "content": [
        {
          "speaker": "Lex Fridman",
          "speech": "What but the people who do it and the people who make it and come out on the other side as productive citizens are folks who say they have come to an inner peace in their own minds .",
          "chapter_name": "Racism, Robots, and Justice: A Fascinating Conversation"
        },
        {
          "speaker": "Ronald Sullivan",
          "speech": "And they say these bars aren't going to define me uh that my my humanity is uh is there and it's it's immutable And they are not bitter, which is amazing. I I would tend to think that I'm not that good of a person, I would be bitter for every day of 20 years if I were in jail for something. But you know, but people tell me that you know, that they can't survive like that one cannot survive like that. And you have to come to terms with it. And uh and the people who might have exonerated, I mean they come out, most of them uh come out",
          "chapter_name": "Racism, Robots, and Justice: A Fascinating Conversation"
        },
        {
          "speaker": "Lex Fridman",
          "speech": "and and they just uh really just take on life with of them and and vigor without bitterness. And it's it's a beautiful thing to see. Do you think it's possible to eradicate racism from the judicial system? I do. I think as I think that race insinuates itself in all aspects of our lives and just the judicial system is not immune from that. So to the extent we began to eradicate dangerous and deleterious race thinking from society generally, then it will be eradicated from the criminal justice system. I think we've got a lot of work to do and I think it'll be a while, but but I think it's it's doable.",
          "chapter_name": "Racism, Robots, and Justice: A Fascinating Conversation"
        },
        {
          "speaker": "Lex Fridman",
          "speech": "I mean, you know, uh the country, so historians will look back 300 years from now and take note of the incredible journey of uh diaspora Africans in the in the U. S. An incredible journey from uh you know slavery uh to the the heights of politics and business and judiciary of the academy and so forth and not a lot of time and actually not a lot of time. And if we can have that sort of movement historically. Uh, let's think about what the next 175 years will look like. I'm not saying it's going to be short, but I'm saying that if we keep at it, uh, keep getting to know each other a little better . Keep enforcing laws that prohibit the sort of race based discrimination that people have experienced and provide as a society opportunities for people to thrive in this world. Then I think we can, we can see a better world and if we see a better world, we'll see a better judicial system. So I think it's kind of fascinating if you look throughout history and race is just part of that is, uh , we create the other and uh, treat the other with disdain through the legal system. But just human nature.",
          "chapter_name": "Racism, Robots, and Justice: A Fascinating Conversation"
        },
        {
          "speaker": "Lex Fridman",
          "speech": "I tend to believe we mentioned offline network with robots. It sounds absurd to say, especially to you, especially because we're talking about racism and it's so prevalent today. I do believe that there will be almost like a civil rights movement for robots because with, I think there's a huge value to society of having artificial intelligence systems that are, that interact with humans at our and our human like and the more they become human like he was, they will start, they will start to ask very fundamentally human questions about freedom about suffering about justice and they will have to come face to face. Like look in the mirror in asking the question just because we're biologically based just because we're sort of uh well just because we're human, does that mean we're the only ones that deserve the rights again, giving forming another other group which is robots. And I'm sure there could be along that path. Different versions of other that we form. So racism. Race is certainly a big other that we've made. As you said, a lot of progress on throughout the history of this country.",
          "chapter_name": "Racism, Robots, and Justice: A Fascinating Conversation"
        },
        {
          "speaker": "Ronald Sullivan",
          "speech": "But it does feel like we always create as we make progress create new other groups. And of course the other the other group that perhaps is outside the legal system that people talk about is the essential. Now I eat a lot of meat but the torture of animals, you know that people talk about when we look back from, you know, a couple of centuries from now look back at the kind of things we're doing to animals. We might regret that we might see that in a very different light. And it's kind of interesting to see the future trajectory of what we wake up to about the injustice in our in our ways. Um but the robot one is the one I'm especially focused on because uh but at this moment in time it seems ridiculous. But I'm sure most civil rights movements throughout history seem ridiculous at first . Well it's interesting sort of outside of my uh intellectual bailey wick robots as I understand the development of artificial intelligence.",
          "chapter_name": "Racism, Robots, and Justice: A Fascinating Conversation"
        }
      ]
    },
    {
      "name": "The Social Construction of Consciousness: AI and Human Right",
      "content": [
        {
          "speaker": "Ronald Sullivan",
          "speech": "Uh though the the aspect that uh uh huh still is missing is this notion of consciousness. Uh and that it's it's consciousness, that is the thing that will will move uh if it were to exist. And I'm not saying that it can or will, but if it were to exist would move robots from machines to uh something different. That is something that experienced the world in a way analogous to what how we experience it. Um And also as I understand the science, there's a um unlike what you see on on television that we're not we're not there yet. In terms of this notion of the machines having a consciousness, um uh or a great general intelligence, all those kinds of things. A huge amount of progress has been made and there it's fascinating to watch.",
          "chapter_name": "The Social Construction of Consciousness: AI and Human Right"
        },
        {
          "speaker": "Lex Fridman",
          "speech": "So I'm on both minds as a person who's building them. I'm realizing how sort of quote unquote dumb they are, but also looking at human history and how poor we are predicting the progress of innovation and technology. It's obvious that we have to be humbled by our ability to predict, coupled with the fact that we keep uh to use terminology carefully here, we keep discriminating against the intelligence of artificial systems, the smarter they get, the more ways we find to dismiss their intelligence . Uh so this this has just been going on throughout where I it's almost as if we're threatened in the most primitive human way, uh animalistic way were threatened by the power of other creatures and we want to lessen dismiss them. So Consciousness is a really important one. But the one I think about a lot in terms of consciousness, the very engineering question is whether the display of consciousness is the same as the possession of consciousness. So if a robot tells you, they are conscious, if a robot looks like they're suffering when you torture them, if a robot is afraid of death and says they're afraid of death and are legitimately afraid, like for in terms of just uh everything we as humans used to determine the ability of somebody to be their own entity there. The one that loves one that fears, one that hopes one that can suffer if if a robot like in the dumbest of ways is able to display that we it changed, it starts changing things very quickly. Uh, I'm not sure what it is, but it does seem that there is a huge component to consciousness. That is a social creation.",
          "chapter_name": "The Social Construction of Consciousness: AI and Human Right"
        },
        {
          "speaker": "Lex Fridman",
          "speech": "Like we together create our consciousness like we believe our common humanity together alone, We wouldn't be aware of our humanity and the law as it protects our freedoms. Seems to be a construct of the social construct. And when you add other creatures into it, it's not obvious to me that like you have to build, there will be a moment when you say this thing is not conscious. I think there's going to be a lot of fake it until you make it . And there will be a very gray area between fake and make that is going to force us to contend with with what it means to be an entity that deserves rights were all men are created equal, the men part might have to expand in ways that we are not yet anticipating . That's very interesting.",
          "chapter_name": "The Social Construction of Consciousness: AI and Human Right"
        },
        {
          "speaker": "Lex Fridman",
          "speech": "I mean, my favorite, the fundamental thing I love about artificial intelligence does it gets smarter and smarter. It challenges to think of what is right, the questions of justice, questions of freedom. It basically challenges us two to understand our own mind to understand what like almost from an engineering first principles perspective to understand what it is that makes us human. That is at the core of all the rights that we talk about, all the documents. We right. So even if we don't give rights to artificial intelligence systems, we may be able to construct more fair legal systems to protect us humans.",
          "chapter_name": "The Social Construction of Consciousness: AI and Human Right"
        }
      ]
    },
    {
      "name": "The Law, Race, and Protests: A Complex Trial",
      "content": [
        {
          "speaker": "Ronald Sullivan",
          "speech": "Well, I mean, interesting ontological question between the performance of consciousness and and and actual consciousness to the extent that it's uh, that actual consciousnesses anything beyond some contingent reality. But you posed a number of interesting philosophical questions. And then there's also it strikes me that uh, that uh philosophers of religion would pose another set of questions as well when you deal with issues of uh, of structure versus soul. Body versus soul. And, and uh, it would be a, it will be a complicated mix and I suspect I'll be uh dust by the time those questions get, get worked out.",
          "chapter_name": "The Law, Race, and Protests: A Complex Trial"
        },
        {
          "speaker": "Ronald Sullivan",
          "speech": "And uh, so yeah, the soul, the soul is a fun one. There's no soul, I'm not sure maybe you can correct me, but there's very few discussions of soul in our legal system. Right, right, correct. So, uh, but there is a discussion about what constitutes a human being. And I mean, you gestured at the notion of the potential of the law widening the domain of so of human being. So, in in in in that sense, right. Uh, you know, people are very angry because they can't uh, get sort of pain and suffering damages if someone negligently kills a pet because a pet is not a human being.",
          "chapter_name": "The Law, Race, and Protests: A Complex Trial"
        },
        {
          "speaker": "Ronald Sullivan",
          "speech": "And people say, well, I love my pet, but the law sees uh, a pet as chattel as property like this, this water bottle. Uh, so the current legal definitions, um, trade on a definition of humanity that may not be worked out in any sophisticated way, but certainly, um, there's a there's a share broad and shared understanding of what, what it, what it means. Uh, so it probably doesn't, uh, explicitly containing the definition of something like soul. Uh, but it's it's more robust than, you know, a carbon based organism uh that there's something a little more distinct about what the law thinks a human being is. So if we can dive into uh we've already been doing it, but if we can dive into more difficult territory. So 2020 had the tragic case of George Floyd.",
          "chapter_name": "The Law, Race, and Protests: A Complex Trial"
        },
        {
          "speaker": "Ronald Sullivan",
          "speech": "When you reflect on the protests, on the racial tensions over the death of George Floyd, how do you make sense of it all? What do you take away from these events? The George Floyd moment occurred, occurred at at and historical um moment where people were uh in um quarantine for covid. Um and people uh have these cell phones to a degree greater than we've ever had them before. And this was a sort of the straw that broke the camel's back after a number of these sorts of cellphone videos surfaced. Mhm.",
          "chapter_name": "The Law, Race, and Protests: A Complex Trial"
        },
        {
          "speaker": "Ronald Sullivan",
          "speech": "People were fed up. Uh they there was unimpeachable uh evidence of um a form of mistreatment , whether it constitutes murder, manslaughter. There, the trial is going on now, and jurors will figure that out. But but there was widespread appreciation that a fellow human being was was mistreated that we were just talking about humanity, that there was uh not a sufficient recognition of this person's humanity, the common humanity of this person the common humanity of this person. Well, well said, and people were fed up. So we were already in a covid space where we were exercising care for one another. Uh, and there was just an explosion, the likes of which this country hasn't seen since the, you know, civil rights uh, On the protests of the 1950s and 1960s and people uh, simply said enough enough enough enough, this has to stop.",
          "chapter_name": "The Law, Race, and Protests: A Complex Trial"
        },
        {
          "speaker": "Lex Fridman",
          "speech": "We cannot treat uh fellow citizens in in this way and we can't do it with impunity . And the young people said, we're just, we're just, we're not going to stand for it anymore. And they took to the streets. But with millions of people protesting there is nevertheless taking us back to the most difficult of trials. You have the trial like you mentioned, that's going on now of Derek show in of one of the police officers involved. Uh, what's your thoughts, What are your predictions on this trial where the law, the process of the law is trying to proceed in the face of so much racial tension. Yeah , it's, it's gonna be an interesting trial.",
          "chapter_name": "The Law, Race, and Protests: A Complex Trial"
        },
        {
          "speaker": "Ronald Sullivan",
          "speech": "I've, I've been keeping an eye on it there in jury selection now today as we're talking. Uh, so lots going to depend on what sort of jury gets selected. Uh, yeah. How the aside to take, sorry to interrupt. But so one of the interesting qualities of this trial, maybe you can correct me if I'm wrong, but the cameras are allowed in the courtroom at least during the jury selection. So you get to watch some of this stuff and the other part is the jury selection. Again, I'm very inexperienced , but it seems like selecting and what is it ?",
          "chapter_name": "The Law, Race, and Protests: A Complex Trial"
        },
        {
          "speaker": "Ronald Sullivan",
          "speech": "Unbiased jury is really difficult for this trial. It almost like, uh , I don't know me as a listener, like, you know, listening to people that are trying to talk their way into the jury kind of thing. Trying to decide is this person really unbiased? Are they just trying to hold on to their like deeply held emotions and trying to get onto the jury? I mean, it's incredibly difficult process.",
          "chapter_name": "The Law, Race, and Protests: A Complex Trial"
        }
      ]
    },
    {
      "name": "Jury Selection Dilemma",
      "content": [
        {
          "speaker": "Ronald Sullivan",
          "speech": "I don't know if you can comment on a case. So difficult, like the ones you've mentioned before. How do you select a jury that represents the people and doesn't and and carries the sort of the ideal of the law? Yeah, so a couple things.",
          "chapter_name": "Jury Selection Dilemma"
        },
        {
          "speaker": "Ronald Sullivan",
          "speech": "So first, yes, it is televised and it will be televised as they say gavel to gavel. So the entire trials, the whole thing is going to be televised. So people are getting a view of how laborious jury selection can be. Uh, I think as of yesterday they had picked six jurors and it's it's taken a week and they have to get to 14 . Uh, so they've got, you know, uh, probably another week or more to do. I've been in jury trials where it took a month to choose a jury. So that's the most important part.",
          "chapter_name": "Jury Selection Dilemma"
        },
        {
          "speaker": "Lex Fridman",
          "speech": "You have to, you have to choose the right sort of jury. So unbiased in the criminal justice system has a particular meaning, it means that uh that uh let me tell you what it doesn't mean, it doesn't mean that a person uh is not aware of the case. Uh It also does not mean that a person has informed an opinion about the case. Those are two popular misconceptions. Uh what it does mean is that not withstanding whether an individual has formed an opinion notwithstanding whether an individual knows about the case, uh that individual can set aside any prior opinions, can set aside any notions that they've developed about the case and listen to the evidence presented at trial in conjunction with the judge's instructions on how to uh understand and view that evidence, so if a person can do that, then they are considered unbiased. Uh So, you know , as a longtime defense attorney, I you know, I would be hesitant in a big case like this to pick a juror who's never heard of the case or anything going around because I'm thinking, well who is this person and what what what in the world do they do? Uh So or are they lying to me? I mean how can you not have heard about uh this case? Um so they may bring other problems. So, you know, I don't mind so much, people have heard about the case or folks who formed initial opinions, but you you what you don't want is people who uh have tethered themselves to that opinion, uh in a way that, you know, they can't be convinced otherwise.",
          "chapter_name": "Jury Selection Dilemma"
        },
        {
          "speaker": "Ronald Sullivan",
          "speech": "So, um, but you also have people who uh as you suggested, who just lie because they want to get on the jury or lie because they want to get off the jury. So sometimes people come and say, you know, the most ridiculous, outrageous offensive things uh to know because they know that they'll get excused for cause and others who you can tell uh really badly want to get on the jury. So they're, you know, they're just, they pretend to be the most neutral, unbiased person in the world, what the law calls the reasonable person we have in law, the reasonable person standard. And I would tell my class the, you know, the reasonable person in real life is to person that you would be least likely to want to have a drink with their the most boring uh neutral not interesting sort of person in the world. And so a lot of jurors uh engage in the performative act of presenting themselves as the most sort of even killed rational reasonable person because they really want to get on the jury. Yeah, there's an interesting question, I apologize that I haven't watched a lot because it is very long.",
          "chapter_name": "Jury Selection Dilemma"
        },
        {
          "speaker": "Lex Fridman",
          "speech": "I watched it . Uh you know, there's there's certain questions you've asked in the jury's, you asking the jury selection. I remember uh I think one jumped out at me, which is uh you know something like does the fact that this person is a police officer make you feel any kind of way about them. So trying to get at that you know, I don't know what that is, I guess that's bias and it's such a difficult question to ask. Like I asked myself for that question like how much you know, we all kind of want to pretend that we're not racist, we don't judge, we don't have, we're like these were the reasonable human but you know, legitimately asking yourself like are you, what are the, what are the prejudgments you have in your mind? Uh Yeah.",
          "chapter_name": "Jury Selection Dilemma"
        }
      ]
    },
    {
      "name": "Jury Duty and Social Impacts: A Conversation on O.J. Simpson Trial",
      "content": [
        {
          "speaker": "Ronald Sullivan",
          "speech": "Is that even impossible for a human being like when you look at yourself in the mirror and think about it, is it possible to actually answer that? Yeah. Look I do not believe that people can be completely unbiased, we all have baggage and biased and bring it wherever we go, including to court what you want is to try to find a person who can at least recognize when a bias is working and actively try to do the right thing, that's the best we can we can ask. So if a juror says yeah, you know like I grew up in a place where I tend to believe what police officers say , that's just how I grew up, but if the judge is telling me that I have to listen to every witness equally, then I'll, you know, I'll do my best and I won't weigh that testimony any higher than I would any other testimony. If you have someone to answer a question like that, that sounds more sincere to me. Sounds more honest. And if you want the person , you want a person to try to do that and then in closing arguments, right?",
          "chapter_name": "Jury Duty and Social Impacts: A Conversation on O.J. Simpson Trial"
        },
        {
          "speaker": "Ronald Sullivan",
          "speech": "As the lawyer, what I'd say something like ladies and gentlemen, you know, we chose you to be on this jury because you swore that you would do your level best to be fair. That's why we chose you and I'm confident that you're going to do that here. So when you heard that police officer's testimony, the judge told you, you can't give more credit to that testimony just because it's a police officer and I trust that you're going to do that And that you're going to look at witness number three. You know, john smith, you don't look at john smith, john smith has a different recollection and you're duty bound duty bound to look at that testimony and this person's credibility, you know, the same degree as that other witness . Right?",
          "chapter_name": "Jury Duty and Social Impacts: A Conversation on O.J. Simpson Trial"
        },
        {
          "speaker": "Ronald Sullivan",
          "speech": "And now what you have is just that he said, she said matter and this is a criminal case that has to be reasonable doubt, right? So you know, so you, and and really someone who's trying to do the right thing. Uh it's helpful, but no, you're not going to just find 14 people with no biases. That's that's absurd. Well, that's that's fascinating that uh especially the way you're inspiring, the way you're speaking now is uh I mean, I guess you're calling on the jury, that's kind of the whole system, is you calling on the jury , each individual on the jury to step up and really think, you know, to step up and be their most thoughtful selves, actually, most introspective, Like you're trying to basically ask people to be their best cells and that's and they, I guess a lot of people step up to that and that's why the system works very, I'm very pro jury have juries, they get it right a lot of the time, most of the time, and they really work hard to do it. So what do you think happens? I mean, maybe, uh I'm not so much on the legal side of things, but on the social side, it's like with O. J. Simpson trial, do you think it's possible that Derek showing does not get convicted of the what is the second degree murder? Uh how do you think about that? How do you think about the potential social impact of that? The riots, the protest of either either direction.",
          "chapter_name": "Jury Duty and Social Impacts: A Conversation on O.J. Simpson Trial"
        },
        {
          "speaker": "Lex Fridman",
          "speech": "Any words that are said, the tension here could be explosive, especially with the cameras. Yeah, so yes, there's certainly a possibility that he will be acquitted uh for homicide charges uh for the jury to convict . Uh they have to make a determination as to officer chauvin's former officer chauvin's state of mind whether he intended to cause some harm, whether he was grossly reckless in causing harm. So much so that he disregarded a known risk of death or serious bodily injury. And as you may have read in the papers yesterday, the judge allowed a third degree murder charge in Kentucky, which uh is uh it's the mindset, the state of mind, there is not an intention , but it's uh depraved indifference. Uh And what that means is that the jury doesn't have to find that he intended to do anything . Uh Rather they could find that he was just indifferent to a risk uh Dark. Yeah.",
          "chapter_name": "Jury Duty and Social Impacts: A Conversation on O.J. Simpson Trial"
        },
        {
          "speaker": "Ronald Sullivan",
          "speech": "Yeah, I'm not sure what's worse.",
          "chapter_name": "Jury Duty and Social Impacts: A Conversation on O.J. Simpson Trial"
        }
      ]
    },
    {
      "name": "Lawyers' Words and Trial Impact",
      "content": [
        {
          "speaker": "Ronald Sullivan",
          "speech": "Uh Well that's that's a good point, but it's a it's another basis for the jury to convict, but but look, you never know what happens when you go to a jury trial. So there could be a um an acquittal and if there is, I imagine there would be massive uh protests uh if he's convicted. I don't think that would happen because I just don't see at least nothing I've seen or read suggests that there's a a big pro uh charm and camp out there ready to protest? Well there could be a is there also potential tensions that could arise from the sentencing , I don't know how that exactly works, sort of, not enough years kind of thing could be like all that kind of stuff. I mean it's a lot could happen. So it depends on what he's convicted of.",
          "chapter_name": "Lawyers' Words and Trial Impact"
        },
        {
          "speaker": "Ronald Sullivan",
          "speech": "You know, one count I think like up to 10 years and other counts up to 40 years. Uh So it depends what he's convicted of and yes it depends on how much of the how much time the judge gives him if he is convicted. Uh there's a lot of space for people to be very angry and so we will we will see what happens. I just feel like with a judge and and the lawyers there's an opportunity to have really important long lasting speeches.",
          "chapter_name": "Lawyers' Words and Trial Impact"
        },
        {
          "speaker": "Ronald Sullivan",
          "speech": "I don't know if they think of it that way, especially with the cameras, it feels like they have the capacity to heal or to divide. Um Do you ever think about that as a as a lawyer, as a legal mind that your words aren't just about the case but about they will reverberate through history potentially. Um That is that is certainly a possible consequence of things you say. I don't think that most lawyers think about that in the context of the case. Your role is much more narrow. Your the partisan advocate as a defense lawyer, partisan advocate for uh that client as a prosecutor, your Minister of Justice, um attempting to prosecute that particular case, but the reality is you are absolutely correct that sometimes the things you say , but we'll have a shelf life and you mentioned O. J. Simpson before, you know if the glove doesn't fit you must acquit it's gonna be you know just in in our lexicon for probably a long time now.",
          "chapter_name": "Lawyers' Words and Trial Impact"
        },
        {
          "speaker": "Ronald Sullivan",
          "speech": "So so it it happens but that's not and and it shouldn't be foremost on your mind. What do you make uh what do you make of those Jason's and trials do you do you have thoughts about it ? He's uh he's out and about on social media now. He's a public figure. Is there are lessons to be drawn from that whole saga . Well you know that was an interesting case. I was a young public defender I want to say in my first year as a public defender when that verdict came out. So that case was important in so many ways. One.",
          "chapter_name": "Lawyers' Words and Trial Impact"
        },
        {
          "speaker": "Lex Fridman",
          "speech": "Um It was the first DNA case uh Major DNA case and there were significant lessons learned from that one um mistake that the prosecution made was uh that they didn't present the science in a way that a lay jury could understand it. Um And uh what johnnie Cochran did was he understood the science and was able to uh translate that into a into a vocabulary that he bet that that jury understood. Uh So so Cochran was dismissive of a lot of D. N. A. They said you know he said something like you know they say they found you know uh such and such amount of DNA that's just like me , you know wiping my finger against my nose and and and and just that little bit of D. N. A. And uh that was effective because the prosecution hadn't done a good job of establishing that",
          "chapter_name": "Lawyers' Words and Trial Impact"
        },
        {
          "speaker": "Ronald Sullivan",
          "speech": "yes it's microscopic. You don't need that much. Yes wiping your hand on your nose and touching something . You can transfer a lot of DNA. And that gives you good information. But you know, it was the first time that the public generally and that jury maybe since high school science it heard, you know, you know, nucleotide, I mean it was just all these terms getting thrown at them and",
          "chapter_name": "Lawyers' Words and Trial Impact"
        },
        {
          "speaker": "Ronald Sullivan",
          "speech": "and but it was not weaved into a narrative. So uh Cochran taught us um that no matter what type of case it is, no matter what science is involved. It's still about storytelling. It's still about a narrative. And he was and he was great at that at that uh that that narrative and was consistent with his narrative all the way out . Another lesson that was relearned . Uh It's that you know you never ask a question to which you don't know the answer that's like uh trial.",
          "chapter_name": "Lawyers' Words and Trial Impact"
        },
        {
          "speaker": "Lex Fridman",
          "speech": "Obviously one on one. And so when they gave O .",
          "chapter_name": "Lawyers' Words and Trial Impact"
        }
      ]
    },
    {
      "name": "Aaron Hernandez Trial: Narrative, Legal Case, and Representation",
      "content": [
        {
          "speaker": "Lex Fridman",
          "speech": "J. Simpson the glove and it wouldn't fit. You know you don't you don't do things where you just don't know how it's gonna turn out it was way way too risky. And then and I think that's what acquitted him because that glove the glove just wouldn't fit and he got to do this and ham in front of the camera and all of that. And it was big, do you think about do you think about representations of storytelling like you yourself and your role?",
          "chapter_name": "Aaron Hernandez Trial: Narrative, Legal Case, and Representation"
        },
        {
          "speaker": "Ronald Sullivan",
          "speech": "Absolutely, we tell stories, it is fundamental, we uh since Time and Memorial, we have told stories to help us make sense of the world around us. So um as a scientist, you tell a different type of story, but we as a public have told stories um uh from time immemorial to help us make sense of the physical and the natural world and we are still a species that is moved by storytelling. So that that's first and last and trial work, you have to tell a good story . Um and, you know, the basic introductory books about trial work, teach young students, young students and young lawyers to, to start in opening with this case is about this case is about and then you fill in the blank and you know, that's your narrative, that's the narrative you're gonna, you're gonna tell. And of course you can do the ultra dramatic, the glove doesn't fit kind of the climax and all those kinds of things. Yes , but that's the best of narratives, the best stories. Speaking of other really powerful stories that you were involved with is the Aaron Hernandez trial and the whole story, the whole legal case, can you maybe overview the big picture uh story and legal case of Aaron Hernandez. Yeah, so Aaron, whom I miss a lot, so he was charged with a double murder in, in in the case that I tried and this was a unique case in one of those impossible cases uh in part because Aaron had already been convicted of a murder and so we had a client who was on trial for a double murder after having already been convicted of a separate murder",
          "chapter_name": "Aaron Hernandez Trial: Narrative, Legal Case, and Representation"
        },
        {
          "speaker": "Ronald Sullivan",
          "speech": "and we had a jury pool, uh just about all of whom I knew that he had been convicted of a murder because he was a very popular football player in boston, which is a big football town with the, with the patriots. Uh so you know, so everyone knew that he was convicted murderer and here we are defending for in a double murder case. Um so that was, that was the context, it was not the case in the sense that this murder had gone, gone unsolved for a couple of years and then a nightclub bouncer uh said something to a cop who was working at a club, uh that he and Hernandez was somehow involved in that, in that murder that happened in the theater district, that's the district where all the clubs are in boston and where the homicide occurred and once the police heard Aaron Hernandez is named then it was , you know, they went all out in order to, to, to do this And they found a guy named alexander Bradley, who uh was a very significant uh, a drug dealer in the sort of Connecticut area, very significant, very powerful . Um and uh he essentially, in exchange for a deal uh pointed to Aaron said, yeah,",
          "chapter_name": "Aaron Hernandez Trial: Narrative, Legal Case, and Representation"
        },
        {
          "speaker": "Lex Fridman",
          "speech": "I was with Aaron and uh and Aaron was the, was the murderer. Uh so that's how the case came came to court. Okay, so that that's that's the context . What was your involvement in this case , like legally, intellectually psychologically, uh, when this particular uh, second charge of murder. So a friend called me Jose baez, who is a defense attorney and he uh comes to a class that I teach every year at Harvard , the trial advocacy workshop as one of my uh teaching faculty members. It's a class where we teach students how to try cases. Uh so uh Jose called me and said, hey, uh I got a call from massachusetts, Aaron Hernandez, uh you want to go and and talk to him with me? So I said, sure. So we went up to the, to the prison and uh uh, and met erin and uh I spoke with him for two or three hours at first time and before we left, he said he he wanted to retain us, uh he wanted to work with us and and that started the representation? What was he like?",
          "chapter_name": "Aaron Hernandez Trial: Narrative, Legal Case, and Representation"
        }
      ]
    },
    {
      "name": "Aaron Hernandez's Struggle: Sexuality & Suicide",
      "content": [
        {
          "speaker": "Ronald Sullivan",
          "speech": "What was in that time? What was he worn down by the whole process. Was there still he was lighting that he was not, he he had I mean more than just a light. He was luminous almost. Uh he had a radiant million dollar smile whenever you walked in. My first impression I distinctly remember was wow this is what a professional athlete looks like him.",
          "chapter_name": "Aaron Hernandez's Struggle: Sexuality & Suicide"
        },
        {
          "speaker": "Lex Fridman",
          "speech": "He walked in and he's just just bigger and more fit than you know, than anyone, you know anywhere and it's like wow this and you know when you saw him on television he looked kind of little and I was like so I remember thinking well what do those other guys look like Bird said um and uh and he's extraordinarily polite uh young uh I was surprised by how young he was both in mind and uh embody But chronologically I was you know, thinking he was in his you know in his early 20's I believe. Uh but there seemed to be like an innocence don't uh in terms of just the way he saw the world. Uh I picked that up from the from the documentary. Just taking that in, I think that's right. Yeah. Uh so there is a netflix documentary titled Killer inside the mind of Aaron Hernandez. What are your thoughts on this documentary?",
          "chapter_name": "Aaron Hernandez's Struggle: Sexuality & Suicide"
        },
        {
          "speaker": "Ronald Sullivan",
          "speech": "I know if you got a chance to see, I I did not have not seen it. I did not participate in it. I know I was in it because of uh there was news footage uh that, but I did not participate in it. I have not talked to Aaron about uh, about press or anything before he died. Uh my strong view is that the attorney client privilege survives death. And so I was not inclined to talk about anything that Aaron and I talked about. So I just didn't participate in and I've never watched not even watch. Is that does that apply to most of you work?",
          "chapter_name": "Aaron Hernandez's Struggle: Sexuality & Suicide"
        },
        {
          "speaker": "Ronald Sullivan",
          "speech": "Do you try to stay away from the way the press perceived stuff ? Uh during yes, I try to stay away from it. I will view it afterwards. I just hadn't gotten around to watching Aaron because it's kind of, it's kind of sad. So I just haven't watched it, but I definitely stay away from the press during trial . Uh, and you know, there are some lawyers who watch it religiously to see what's going on, but you know, I'm, I'm confident in my years of training and so forth that and that I can uh, actively since what's going on in the courtroom and, and that I really don't need advice from Joe 476 at gmail. Uh, you know, some random guy on the internet telling me how to try cases. So it's just to me it's just confusing and I just keep it out of my mind and, and even if you think you can ignore it, just reading it will have a little bit of an effect on your mind. I think that's, I think that's right over time, I might accumulate. So the documentary, but in general, uh, it mentioned or kind of emphasized and talked about erin's sexuality or sort of, they were discussing basically the idea that he was a homosexual and some of the trauma, some of the suffering that he endured his life had to do with sort of fear given the society of, of what his father would think of, what others around him, especially in sports culture and football and so on.",
          "chapter_name": "Aaron Hernandez's Struggle: Sexuality & Suicide"
        },
        {
          "speaker": "Ronald Sullivan",
          "speech": "So, I don't know, in your interaction with him, was do you think that maybe even leading up to a suicide, do you think his struggle with coming to terms of the sexuality had a role to play in much of his difficulties? Well, I'm not going to talk about my interactions with them and anything I derived from, from that, but you know, what I will say is that, um, a story broke on the , on the radio, uh, at some point during the trial that Aaron had been in the same sex relationship with someone and some sport, local sportscasters, local boston sportscasters are we really mushroomed, uh, the story. So, um, uh, he and everyone, I was aware of it. Um, you'll , you also may know from the court record that the prosecutors floated a, uh, specious theory, um, for a minute, but then backed off of it, that, you know , that Aaron was that there was some sort of uh, I guess gay rage at work with them and that might be a cause a motive for the killing. And uh, luckily they really backed off of that. That was quite an offensive claim and in theory. So, um, but to answer your question more directly, I mean, I have no idea why he killed himself . It was a surprise and a shock.",
          "chapter_name": "Aaron Hernandez's Struggle: Sexuality & Suicide"
        },
        {
          "speaker": "Ronald Sullivan",
          "speech": "I was scheduled to go see him like a couple of days after it happened. I mean, he was anxious uh, for uh, Jose and I to come in and do the appeal from the murder which he was convicted for. He wanted us to take over that appeal. Um, He was talking about going back to football. I mean, he said, well you talked about this earlier. You talked about the sort of innocent aspect of him. He said, you know, well, Ron maybe not, maybe not the patriots, but you know, I want to get back in the league.",
          "chapter_name": "Aaron Hernandez's Struggle: Sexuality & Suicide"
        },
        {
          "speaker": "Ronald Sullivan",
          "speech": "And I was like, you know, Aaron, that's, that's gonna be tough man. Uh, but uh, but he really, you know , he really believed it. And uh, and then, you know, for a few days later that to happen. It was just, it was a real shock to me. Like when you look back at that at his story, does it make you sad? Very, very, I thought so, one I believe he absolutely did not commit the crimes that we could acquitted him on.",
          "chapter_name": "Aaron Hernandez's Struggle: Sexuality & Suicide"
        },
        {
          "speaker": "Lex Fridman",
          "speech": "I think that was the right answer. Uh for for for that.",
          "chapter_name": "Aaron Hernandez's Struggle: Sexuality & Suicide"
        }
      ]
    },
    {
      "name": "Contingency, Irony, and Solidarity: Navigating Intellectual Tensions",
      "content": [
        {
          "speaker": "Lex Fridman",
          "speech": "Uh I don't know enough about Bradley, the first case. I'm sorry to make a make an opinion on, but in our case, uh you know, uh it was just he had the misfortune of family, a famous name and the police department just really just just just really got got on him there. So um uh yes, it's it's it's I miss him a lot. It was very very sad, surprising. Yeah. And and I mean just on the human side, of course, we don't know the full story, but just everything that led up to suicide, everything right up to uh an incredible professional football player, you know, that whole story if remarkably talented athlete, remarkably talented athlete.",
          "chapter_name": "Contingency, Irony, and Solidarity: Navigating Intellectual Tensions"
        },
        {
          "speaker": "Ronald Sullivan",
          "speech": "And it has to do with all the all the possible trajectories, right, that we can take through life as we were talking about before. And some of them lead to uh to suicide sadly enough. And it's always tragic when you have some you know, somebody with uh with great potential result in and the things that happened. People love it. When I ask about books, I don't know if uh uh whether technical like legal or fiction nonfiction books throughout your life have had an impact on you. If there's something you could recommend or something you could speak to about something that inspired ideas, insights about this world complicated world of ours. Oh wow.",
          "chapter_name": "Contingency, Irony, and Solidarity: Navigating Intellectual Tensions"
        },
        {
          "speaker": "Lex Fridman",
          "speech": "Uh yeah, so uh I'll give you a couple. Uh so one is a contingency irony and solidarity by Richard Ward E. He's he's passed away now, but was a uh philosopher at some of our major institutions, Princeton, Harvard stanford, um Contingency irony in solidarity, at least. That's the book that really helped me work through uh a series of thoughts. So it stands for the proposition that uh that are most deeply held beliefs are contingent, that there there's nothing beyond history or prior to socialization. That's definite story of the human being that's already. Um and he says that our most deeply held beliefs are received wisdom and highly contingent along a number of registers. And he does that. But then goes on to say that uh he nonetheless uh can hold strongly held beliefs recognizing their contingency but still believes them to be true and accurate . And it helps you to work through uh what could be an intellectual tension uh other words.",
          "chapter_name": "Contingency, Irony, and Solidarity: Navigating Intellectual Tensions"
        },
        {
          "speaker": "Ronald Sullivan",
          "speech": "So, so you don't delve into one, doesn't delve into relativism, everything is okay, but it gives you a vocabulary to think about uh how to negotiate these these these realities. Uh do you share this tension? I mean, there there is a real attention, it seems like even like the law, the legal system is all just a construct of our human ideas. And yet it seems to be ah almost feels fundamental to what uh just society is. Yeah, I definitely share, share the tension and and love the his his vocabulary and the way he's helped me resolve the tension. So, right.",
          "chapter_name": "Contingency, Irony, and Solidarity: Navigating Intellectual Tensions"
        },
        {
          "speaker": "Ronald Sullivan",
          "speech": "I mean. Yeah. Yeah. So like you know, uh infanticide for example, perhaps it's uh socially contingent, perhaps it's received wisdom, perhaps it's anthropological uh you know, we need to propagate the species and I still think it's wrong.",
          "chapter_name": "Contingency, Irony, and Solidarity: Navigating Intellectual Tensions"
        },
        {
          "speaker": "Lex Fridman",
          "speech": "And and and and and Rorty has helped me develop a category to say to to say that No, I can't provide any inroads words. Non circular theoretical backup for this proposition at some point. It's gonna run me in a in a circularity problem. But that's okay. I I hope this nonetheless. And for recognition of its contingency. But what it does is makes you humble. Mhm. And and when you're humble, that's good because you know, there's a notion that ideas are always already in progress, never fully formed. Uh I think is is the sort of intellectual I strive to be. And if I have a a a sufficient degree of humility that I don't",
          "chapter_name": "Contingency, Irony, and Solidarity: Navigating Intellectual Tensions"
        }
      ]
    }
  ]
}