{
  "speakers": [
    "Lex Fridman",
    "Francis Collins"
  ],
  "episode_name": "238-francis-collins-national-institutes-of-health-nih",
  "chapters": [
    {
      "name": "Francis Collins: Pushing Frontiers of Science, Health, and Medicine",
      "content": [
        {
          "speaker": "Lex Fridman",
          "speech": "the following is a conversation with Francis Collins. Director of the NIH, the National Institutes of Health, appointed and reappointed to the role by three presidents Obama trump and biden. He oversees 27 separate institutes and centers including Naiad, which makes him Anthony. Fauci is boss at the NIH Francis helped launch and lead a huge number of projects that pushed the frontiers of science, health and medicine, including one of my favorites, the brain initiative that seeks to map the human brain and understand how the function arises from the neural circuitry. Before the NIH Francis led the human genome project, one of the largest and most ambitious efforts in the history of science. Given all that Francis is a humble, thoughtful kind man and because of this to me, he's one of the best representatives of science in the world. He is a man of God and yet also a friend of the late Christopher Hitchens who called him quote one of the greatest living Americans and now a quick few seconds summary of the sponsors. Check them out in the description is the best way to support this podcast.",
          "chapter_name": "Francis Collins: Pushing Frontiers of Science, Health, and Medicine"
        },
        {
          "speaker": "Lex Fridman",
          "speech": "First is 10,000 clothes I like to wear for lifting cardio grappling. Second is all form might go to furniture company. Third is simply safe. The home security company I use fourth is an I a company that helps engineers solve the world's toughest problems and fifth is magic spoon, low carb keto friendly cereal. So the choices, fashion furniture, security engineering or delicious, low carb cereal, choose wisely my friends and now on to the full ad reads as always No ads in the middle. I do try to make this interesting, but you skip them.",
          "chapter_name": "Francis Collins: Pushing Frontiers of Science, Health, and Medicine"
        },
        {
          "speaker": "Lex Fridman",
          "speech": "Please still check out the sponsors. I enjoy their stuff. Maybe you will too. This show is brought to you by 10,000 maker of high quality, well fitting, comfortable training clothes. I wear their foundation shorts for lifting a cardio and I wear their fight shorts for training jiu jitsu and grappling. It's much easier and I would say more fun to to see grappling. It's just a mindless workout. It's nice to get a sweating to roll around all that kind of stuff. But progress is made when you think, especially when you put yourself in bad positions, when you walk in your weak points and you use your mind to solve the puzzles of those weak points. Okay, Anyway, when I was grappling recently, I was wearing 10,000 shorts and somebody recognized the logo and asked me how they are.",
          "chapter_name": "Francis Collins: Pushing Frontiers of Science, Health, and Medicine"
        },
        {
          "speaker": "Lex Fridman",
          "speech": "It's kind of cool. It's a very minimalist logo, but it's recognizable apparently. So I love it. I love the way they feel the way they look. Anyway, go to 10,000 dot CC and enter code lex to receive 15% off your first purchase.",
          "chapter_name": "Francis Collins: Pushing Frontiers of Science, Health, and Medicine"
        },
        {
          "speaker": "Lex Fridman",
          "speech": "That is 10,000 dot CC and enter code lex. This show is also brought to you by all form a furniture company. They shipped to your home quickly take it back for free if you don't like it in the 1st 100 days, it's easy to assemble. It looks beautiful and feels amazing . I love it. I have a black leather love seat that is actually big enough for two people to sit not awkwardly on . So I shared with a bunch of guests as we kind of talked about life and all those kinds of things.",
          "chapter_name": "Francis Collins: Pushing Frontiers of Science, Health, and Medicine"
        },
        {
          "speaker": "Lex Fridman",
          "speech": "The one that stands out in my memory. I think it's Michael mouth. Well we hung out for a bunch of hours after our conversation. Mhm. Talking about life meaning history and politics on that love seat. So I just love the way it looks, especially given my minimalist aesthetic.",
          "chapter_name": "Francis Collins: Pushing Frontiers of Science, Health, and Medicine"
        },
        {
          "speaker": "Lex Fridman",
          "speech": "It's not flashy but it's classy. It just looks great. Anyway, go to all form dot com slash lex. They're offering 20% off all orders if you go to all form dot com slash flex. This show is also brought to you by simply Safe Home Security Company designed to be simple and effective. They just launched their new wireless outdoor security camera. It has an ultra wide 140\u00b0 field of view.",
          "chapter_name": "Francis Collins: Pushing Frontiers of Science, Health, and Medicine"
        },
        {
          "speaker": "Lex Fridman",
          "speech": "10 80 P. HD resolution with an eight X. Zoom. I just like giving the specs I think it has a built in spotlight with color night vision, simply safe was named the best home security system of 2021 by U. S . News and World report. There's a lot of flexibility but not too much flexibility and the deployment of that flexibility is super easy, like specifying what you want and getting it to work.",
          "chapter_name": "Francis Collins: Pushing Frontiers of Science, Health, and Medicine"
        }
      ]
    },
    {
      "name": "Science, Hope, and COVID-19: A Conversation with Francis Collin",
      "content": [
        {
          "speaker": "Lex Fridman",
          "speech": "Getting it all set up, take advantage of simply saves holiday sale, get 40% off your new home security system by visiting simply safe dot com slash lex again, that's simply safe dot com slash lex Hurry up. Since this 40% off deal, this holiday deal ends soon. This show is also brought to you by N. I. formerly known as national instruments and I is a company that has been helping engineers solve the world's toughest challenges for 40 years.",
          "chapter_name": "Science, Hope, and COVID-19: A Conversation with Francis Collin"
        },
        {
          "speaker": "Lex Fridman",
          "speech": "Their motto is engineer ambitiously, arguably the best model of all time. They have a podcast called Testing 123. They have amazing articles at N I dot com slash perspectives covering engineers and innovators. I recently saw a story on instagram where um, this very ad read was being played while the listener was relaxing and enjoying life. Yeah, but back to engineering engineer ambitiously with an eye at an eye dot com slash perspectives. There's a lot of amazing articles on there, like I said, that show the importance of failing through the process of testing and learning from those mistakes and improving the system. That's N. I dot com slash perspectives go there. You'll enjoy it.",
          "chapter_name": "Science, Hope, and COVID-19: A Conversation with Francis Collin"
        },
        {
          "speaker": "Lex Fridman",
          "speech": "This episode is also brought to you by magic spoon, low carb keto friendly cereal as zero g of sugar 13 to 14 g of protein. Only four net grams of carbs, 140 calories needs serving. Like I said, I love reading off specs whether that's for hardware for cereal. You can build your own box or get a variety pack with available flavors like cocoa, fruity, frosted peanut butter , blueberry and cinnamon. They also bring back two flavors cookies and cream and maple waffle. They brought them back permanently.",
          "chapter_name": "Science, Hope, and COVID-19: A Conversation with Francis Collin"
        },
        {
          "speaker": "Lex Fridman",
          "speech": "They did a limited run at first and it sold out immediately. People fell in love And now they can have a committed relationship with those two flavors. Anyway, Magic spoon have a 100% happiness guarantee. So if you don't like it, they refunded go to magic spoon dot com slash lex and use code lex at checkout to save $5 off your order. That's magic spoon dot com slash lex and use code lex This lex Friedman podcast And here is my conversation with Francis Collins. Science at its best is a source of hope.",
          "chapter_name": "Science, Hope, and COVID-19: A Conversation with Francis Collin"
        },
        {
          "speaker": "Francis Collins",
          "speech": "So for me it's been difficult to watch as it has during the pandemic become at times a source of division. What I would love to do in this conversation with you is touch some difficult topics and do so with empathy and humility is the that we may begin to regain a sense of trust in science and then it may once again become a source of hope. I hope that's okay with you. I love the goal . Let's start with some hard questions. You called for quote thorough expert driven an objective inquiry into the origins of COVID-19.",
          "chapter_name": "Science, Hope, and COVID-19: A Conversation with Francis Collin"
        },
        {
          "speaker": "Francis Collins",
          "speech": "So let me ask, is there a reasonable chance that COVID-19 leaked from a lab? I can't exclude that. I think it's fairly unlikely. I wish we had more ability to be able to ask questions of the chinese government and learn more about what kind of records might have been in the lab that we've never been able to see. But most likely this was a natural origin of a virus. Probably starting in a bat. Perhaps traveling through some other intermediate yet to be identified host and finding its way into humans is answering this question within the realm of science. Do you think?",
          "chapter_name": "Science, Hope, and COVID-19: A Conversation with Francis Collin"
        },
        {
          "speaker": "Lex Fridman",
          "speech": "Will we ever know? I think we might know if we find that intermediate host. Um and there has not yet been a thorough enough investigation to say that that's not going to happen. Remember it takes a while to do this with SARS. It was 14 years before we figured out it was the Civet cat that was the intermediate host with murders. It was a little quicker to discover. It was the camel with SARS cov two. There's been some looking but especially now with everything really tense between the us and china.",
          "chapter_name": "Science, Hope, and COVID-19: A Conversation with Francis Collin"
        }
      ]
    },
    {
      "name": "Science in a Pandemic: Gain of Function Research",
      "content": [
        {
          "speaker": "Francis Collins",
          "speech": "If there's looking going on, we're not getting told about it. Do you think it's a scientific question or a political question.",
          "chapter_name": "Science in a Pandemic: Gain of Function Research"
        },
        {
          "speaker": "Francis Collins",
          "speech": "It's a scientific question, but it has political implications. So the world is full of scientists are working together. But in the political space in the political science space there's tensions. What is it like to do great science in a time of a pandemic? When there's political tensions, it's very unfortunate Pasteur said science knows no one country he was right about that. My whole career in genetics especially has dependent upon international collaboration between scientists as a way to make discoveries, get things done.",
          "chapter_name": "Science in a Pandemic: Gain of Function Research"
        },
        {
          "speaker": "Lex Fridman",
          "speech": "Scientists by their nature like to be involved in international collaborations. The human genome project for heaven's sake. 2400 scientists in six countries working together. Not worrying who is going to get the credit giving all the data away. I was the person who was supposed to keep all that coordinated. It was a wonderful experience and that included china that was sort of their first real entry into a big international big science kind of project and they did their part.",
          "chapter_name": "Science in a Pandemic: Gain of Function Research"
        },
        {
          "speaker": "Francis Collins",
          "speech": "It's very different now continue on the line of difficult questions . Um Especially difficult ethical questions. In 2014, us put a hold on gain of function research in response to a number of laboratory by security incidents including Anthrax, smallpox and influenza In December 2017, NIH lifted this ban because quote gain of function research is important in helping us identify, understand and develop strategies and effective countermeasures against rapidly evolving pathogens that pose a threat to public health. All difficult questions have arguments on both sides. Can you argue the pros and cons of gain of function research with viruses? I can and first let me say this term gain of function is causing such confusion that I need to take a minute and just sort of talk about what the common scientific use of that term is and where it is very different when we're talking about the current oversight of potentially dangerous human pathogens.",
          "chapter_name": "Science in a Pandemic: Gain of Function Research"
        },
        {
          "speaker": "Francis Collins",
          "speech": "As you know in science, we're doing gain of function experiments all the time. We support a lot of cancer immunotherapy at NIH right here in our clinical center there are trials going on where people's immune cells are taken out of their body treated with a genetic therapy that revs up their ability to discover the cancer that that patient currently has maybe even at stage four and then give them back as those little ninja warriors go after the cancer and it sometimes works dramatically. That's a gain of function. You gave that patient again and their immune function that may have saved their life. So we gotta be careful not to say, oh gain of function is bad. Most of what we do in science. That's good, involves quite a bit of the hat and we are all living with gains of function every day.",
          "chapter_name": "Science in a Pandemic: Gain of Function Research"
        },
        {
          "speaker": "Francis Collins",
          "speech": "I have a gain of function because I'm wearing these high glasses, otherwise I would not be seeing you as clearly I'm happy for that gain of function. So that's where a lot of confusion has happened. The kind of gain of function which is now subject to very rigorous and very carefully defined oversight is when you are working with an established human pathogen that is known to be potentially causing a pandemic and you are enhancing or potentially enhancing its transmissibility or its virulence. We call that E. P. P p enhanced potential pandemic pathogen that requires this very stringent oversight worked out over three years by the National Science Advisory Board on biosecurity. That needs to be looked at by a panel that goes well beyond NIH to decide are the benefits worth the risks in that situation. Most of the time, it's not worth the risk.",
          "chapter_name": "Science in a Pandemic: Gain of Function Research"
        },
        {
          "speaker": "Francis Collins",
          "speech": "Only three times in the last three or four years have experiments been given permission to go forward. They were all in influenza. So I will argue that if you're worried about the next pandemic, the more you know about the coming enemy, the better chance you have to recognize when trouble is starting. And so if you can do it safely studying influenza or coronavirus is like SARS MERS and SARS Cov two would be a good thing to be able to know about. But you have to be able to do it safely because we all know lab accidents can happen. And I mean look at SARS where there have been lab accidents and people have gotten sick as a result. We don't want to take that chance unless there's a compelling scientific reason.",
          "chapter_name": "Science in a Pandemic: Gain of Function Research"
        },
        {
          "speaker": "Lex Fridman",
          "speech": "That's why we have this very stringent oversight . The experiments being done at the Wuhan Institute of virology as a sub award to our grant to Echo Health in new York did not meet that standard of requiring that kind of stringent oversight. I want to be really clear about that because there's been so much thrown around about it. Was it gain of function",
          "chapter_name": "Science in a Pandemic: Gain of Function Research"
        }
      ]
    },
    {
      "name": "Controversy Over E.P.P.P. Statu",
      "content": [
        {
          "speaker": "Lex Fridman",
          "speech": "Well in the standard use of that term that you would use in science in general you might say it was. But in the use of that term that applies to this very specific example of a potential pandemic pathogen. Absolutely not. So nothing went on there that should not have happened based upon the oversight. There was an instance where the grantee institution failed to notify us about the result of an experiment that they were supposed to tell us where they mixed and matched some viral genomes and got a somewhat larger viral load as a result. But it was not E. P. P. P.",
          "chapter_name": "Controversy Over E.P.P.P. Statu"
        },
        {
          "speaker": "Francis Collins",
          "speech": "It was not getting into that zone. That would have required this higher level of scrutiny. It was all bat viruses, these were not human pathogens. So they didn't cross a threshold within that gray area. That makes for an E. P. P. P. They did not. And anybody who's willing to take the time to look at what TPP means and what those experiments were would have to agree with what I just said.",
          "chapter_name": "Controversy Over E.P.P.P. Statu"
        },
        {
          "speaker": "Francis Collins",
          "speech": "What is the biggest reason it didn't cross that threshold Is it because it wasn't jumping to humans? Is it because it did not have a sufficient increase in violence and transmissibility? What's your sense? E P pp only applies to agents that are known human pathogens of potential of pandemic potential. These were all bat viruses derived in the wild, not shown to be infectious to humans. Just looking at what happened if you took four different bat viruses and you tried moving the spike protein gene from one into one of the others to see whether it would bind better to the ace two receptor that doesn't get across that threshold. And let me also say for those who are trying to connect the dots here which is the most troubling part of this and say, well this is how SARS cov two got started. That is absolutely demonstrably false. Uh These bat viruses that were being studied had only about 80% similarity in their genomes to SARS COv two. They were like decades away in evolutionary terms. And it is really irresponsible for people to claim otherwise speaking of people who claim otherwise rand paul.",
          "chapter_name": "Controversy Over E.P.P.P. Statu"
        },
        {
          "speaker": "Lex Fridman",
          "speech": "What do you make of the battle of wars between senator rand paul and dr Anthony Fauci over this particular point. I don't want to talk about specific members of Congress, but I will say it's really unfortunate that Tony Fauci who is the epitome of a dedicated public servant has now somehow been targeted for political reasons? As somebody that certain figures are trying to discredit perhaps to try to distract from their own failings. This never should have happened.",
          "chapter_name": "Controversy Over E.P.P.P. Statu"
        }
      ]
    },
    {
      "name": "Science, Politics, and Uncertainty: The Gray Area of Gain of Function Experiment",
      "content": [
        {
          "speaker": "Francis Collins",
          "speech": "Here is a person who has dedicated his whole life, uh, trying to prevent illnesses from infectious diseases, including HIV in the 1980s and 90s and now probably the most knowledgeable infectious disease physician in the world and also a really good communicator is out there telling the truth about where we are with SARS cov. Two to certain political figures who don't want to hear it and who are therefore determined to discredit him. And that is disgraceful.",
          "chapter_name": "Science, Politics, and Uncertainty: The Gray Area of Gain of Function Experiment"
        },
        {
          "speaker": "Francis Collins",
          "speech": "So, with politicians there, they often play games with black and white, they try to sort of use uh, the gray areas of science and then paint their own picture. But I have a question about the gray areas of science. So like you mentioned, gain of function is a term that is very specific scientific meeting, but it also has a more general term. And it's very possible to argue that the uh, not to argue not the way politicians argue, but just as human beings and scientists that there was a gain of function achieved at the Wuhan Institute of Virology, but it didn't cross a threshold. I mean, there's a it's uh , but it could have to. So, so here's the thing when you do, these kinds of experiments, unexpected results may be achieved. And that's the gray area of science.",
          "chapter_name": "Science, Politics, and Uncertainty: The Gray Area of Gain of Function Experiment"
        },
        {
          "speaker": "Lex Fridman",
          "speech": "You're you're taking risks with such experiments. And I am very uncomfortable that we can't discuss the uncertainty in the gray area of this. Oh, I'm comfortable discussing the gray area. What I'm uncomfortable with is people deciding to define for themselves what that threshold is based on sort of some political argument. The threshold was very explicitly laid out. Everybody agreed to that in the basis of this three years of deliberation. So that's what it is.",
          "chapter_name": "Science, Politics, and Uncertainty: The Gray Area of Gain of Function Experiment"
        },
        {
          "speaker": "Francis Collins",
          "speech": "If that threshold needs to be reconsidered, let's reconsider it. But let's not try to take an experiment that's already been done and decide that the threshold isn't what it was because that really is doing a disservice to the whole process. I wish there was a discussion even in response to rand paul and I know we're not talking about specific senators, but just that particular case, I'm saying stuff here. I wish there was an opportunity to talk about given the current threshold. This is not gain of function.",
          "chapter_name": "Science, Politics, and Uncertainty: The Gray Area of Gain of Function Experiment"
        },
        {
          "speaker": "Francis Collins",
          "speech": "But maybe we need to reconsider the threshold and have an actual That's an opportunity for a discussion about the ethics of gain of function. You said that there was three studies that passed that threshold with influenza. That's a fascinating human questions. Scientific question about ethics. Because you're playing like you said, there's uh, there's pros and cons you're taking risks here to prevent horribly destructive viruses in the future.",
          "chapter_name": "Science, Politics, and Uncertainty: The Gray Area of Gain of Function Experiment"
        },
        {
          "speaker": "Francis Collins",
          "speech": "But you also are risking creating such viruses in the future with nuclear weapons and nuclear energy, you are uh nuclear energy promises a lot of positive effects. And yet you're taking risks here with mutually assured destruction. Nations possessing nuclear weapons, you're a lot we're not going there. Well, we're not. But a lot of people argue that that's the reason we have nuclear weapons is the reason we've prevented world wars. And yet they also have the risk of starting world wars. And this is what we have to be honest about with the benefits of risks of science that you have to make that calculation. What are the pros and what are the cons? I'm totally with you , but I want to reassure you lex that this is not an issue that's been ignored.",
          "chapter_name": "Science, Politics, and Uncertainty: The Gray Area of Gain of Function Experiment"
        },
        {
          "speaker": "Lex Fridman",
          "speech": "This issue about the kind of gain of function that might result in a serious human pathogen has been front and center in many deliberations for a decade or more involved. A lot of my time along the way by the way, and has been discussed publicly on multiple occasions, including two major meetings of the National Academy of Sciences, getting input from everybody and ultimately arriving at our current framework Now, we actually Back in January of 2020, just before COVID-19 changed everything had planned and even charged that same national uh Science advisory board on biosecurity to reconvene and look at the current framework and say, do we have it? Right, let's look at the experience over those three years and say it's the threshold too easy.",
          "chapter_name": "Science, Politics, and Uncertainty: The Gray Area of Gain of Function Experiment"
        }
      ]
    },
    {
      "name": "Risks and Concerns: Human Civilization Threats",
      "content": [
        {
          "speaker": "Francis Collins",
          "speech": "Too hard. Do we need to reconsider it ? Let's look at the experience. Covid came along. The members of the board said, please, we're all infectious disease experts.",
          "chapter_name": "Risks and Concerns: Human Civilization Threats"
        },
        {
          "speaker": "Francis Collins",
          "speech": "We don't have time for this right now. But I think the time is right to do this. I'm totally supportive of that and that should be just as public a discussion as you can imagine about what are the benefits and the risks. And if somebody decided ultimately this came together and said, we just shouldn't be doing these experiments under any circumstances. If that was the conclusion, Well, that would be the conclusion. But it hasn't been so far. If we can briefly look out into the next 100 years on this, I apologize for the existential questions , but it seems obvious to me that as gain of function type of research and development becomes easier and cheaper.",
          "chapter_name": "Risks and Concerns: Human Civilization Threats"
        },
        {
          "speaker": "Francis Collins",
          "speech": "It will become greater and greater risk. So if it doesn't no longer need to be contained within the laboratories of high security, it feels like this is one of the greatest threats facing human civilization. Do you worry that at some point in the future a leaked man made virus may destroy most of human civilization ? I do worry about the risks and at the moment where we have the greatest control, the greatest oversight is when this is federally funded research. But as you're alluding, there's no reason to imagine that's the only place that this kind of activity would go on if there was an evil source that wished to create a virus that was highly pathogenic in their garage. The technology does get easier. And there is no international oversight about this either that you could say has the same stringency as what we have in the United States.",
          "chapter_name": "Risks and Concerns: Human Civilization Threats"
        },
        {
          "speaker": "Francis Collins",
          "speech": "So yes, that is a concern. It would take a seriously deranged group or person to undertake this on purpose. Given the likelihood that they too would go down. We don't imagine there are going to be bio weapons that only kill your enemies and don't kill you, Sorry, we're too much alike for that to work. So I don't see it as an imminent risk. There's lots of scary novels and movies written about it .",
          "chapter_name": "Risks and Concerns: Human Civilization Threats"
        },
        {
          "speaker": "Francis Collins",
          "speech": "But I do think it's something we have to consider. What are all the things that ought to be watched. You may not know that if somebody is ordering a particular Olivo nucleotide from one of the main suppliers and it happens to match smallpox, they're gonna get caught. So there is effort underway to try to track any nefarious actions that might be going on in the United States or international is an international collaboration of trying to attract the stuff. There is some , I wish it were stronger. This is a general issue in terms of do we have a mechanism, particularly when it comes to ethical issues to be able to decide what's allowable and what's not and enforce it?",
          "chapter_name": "Risks and Concerns: Human Civilization Threats"
        },
        {
          "speaker": "Lex Fridman",
          "speech": "I mean look where we are with germline genome editing for humans. For instance, there is no enforcement mechanism, there's just bully pulpits and governments that get to decide for themselves . You talked about evil.",
          "chapter_name": "Risks and Concerns: Human Civilization Threats"
        }
      ]
    },
    {
      "name": "Trust in Science Leadership Amidst Political Attacks",
      "content": [
        {
          "speaker": "Francis Collins",
          "speech": "What about incompetence? Does that worry you? I was born in the soviet union. My dad a physicist worked at Chernobyl. That comes to mind that wasn't evil. I was I don't know what word you want to put it. Maybe incompetence is too harsh.",
          "chapter_name": "Trust in Science Leadership Amidst Political Attacks"
        },
        {
          "speaker": "Francis Collins",
          "speech": "Maybe that's the inherent incompetence of bureaucracy, I don't know. But for whatever reason there was an accident. Does that worry you? Of course it does. We know that SARS for instance did manage to leak out of a lab in china two or three times and at least in some instances people died fortunately quickly contained all one can do in that circumstance because you need to study the virus and understand it in order to keep it from causing a broader pandemic. But you need to insist upon the kind of biosecurity the BSL 23 and four framework under which those experiments have to be done. And certainly at NIH were extremely rigorous about that. But you can't count on every human being to always do exactly what they're supposed to.",
          "chapter_name": "Trust in Science Leadership Amidst Political Attacks"
        },
        {
          "speaker": "Francis Collins",
          "speech": "So there's a risk there, which is another reason why if we're contemplating supporting research on pathogens that might be the next pandemic. You have to factor that in not just whether people are going to do something that we couldn't have predicted where all of a sudden they created a virus. It's much worse without knowing they were going to do that. But also just having an accident. That's that's in the mix when those estimates are done about whether the risk is worth it or not continuing online of difficult questions. Gonna get to fun stuff after a while. We will soon, I promise.",
          "chapter_name": "Trust in Science Leadership Amidst Political Attacks"
        },
        {
          "speaker": "Lex Fridman",
          "speech": "Yeah, you are the director of the NIH you are dr Anthony Fauci is technically his boss. You have stood behind him. You have supported him just like you did already in this conversation. It is painful for me to see division and distrust. But many people in politics and elsewhere have called for Anthony Fauci to be fired when there's such calls of distrust in public about a leader like Anthony Fauci who should garner trust? Do you think he should be fired? Absolutely not to do so would be basically to give the opportunity for those who want to make up stories about anybody to destroy them.",
          "chapter_name": "Trust in Science Leadership Amidst Political Attacks"
        },
        {
          "speaker": "Lex Fridman",
          "speech": "There is nothing in the ways in which Tony Fauci has been targeted that is based upon truth. How could we then except those cries for his firing as having legitimacy. It's a circular argument. They've decided they don't like Tony So they make up stuff and they twists comments that he's made about things like gain of function where he's referring to the very specific gain of function that's covered by this policy.",
          "chapter_name": "Trust in Science Leadership Amidst Political Attacks"
        },
        {
          "speaker": "Francis Collins",
          "speech": "And they're trying to say he lied to the congress. That's simply not true. They don't like the fact that Tony changes the medical recommendations about what to do with COVID-19 over the space of more than a year. And they call that flip flopping and you can't trust the guy because he says one thing last year and one thing this year, well the science has changed. Delta variant has changed everything. You don't want him to be saying the same thing he did a year ago. That would be wrong.",
          "chapter_name": "Trust in Science Leadership Amidst Political Attacks"
        },
        {
          "speaker": "Lex Fridman",
          "speech": "Now. It was the best we could do. Then people don't understand that or else they don't want to understand that. So when you basically whip up a largely political argument against a scientist and hammer at it over and over again to the point where he now has to have 24/7 security to protect him against people who really want to do violence to him for that to be a reason to say that, then he should be fired is to hand the evil forces the victory. I will not do that. Yeah, yet there's something difficult I'm going to try to express to you.",
          "chapter_name": "Trust in Science Leadership Amidst Political Attacks"
        }
      ]
    },
    {
      "name": "Humility in Science Leadership: Winning Over Trust Amid Pandemic",
      "content": [
        {
          "speaker": "Lex Fridman",
          "speech": "So it may be your guitar playing. It may be something else, but there's a humility to you. It may be because you're a man of God. There's a humility to you that garners trust . And when you're in a leadership position representing science, especially in catastrophic events like the pandemic, it feels like as a leader, you have to go far above and beyond your usual duties.",
          "chapter_name": "Humility in Science Leadership: Winning Over Trust Amid Pandemic"
        },
        {
          "speaker": "Lex Fridman",
          "speech": "And I think there's no question that Anthony Fauci has delivered on his duties, but it feels like he needs to go above as a science communicator. And if there's a large number of people that are that are distrusting him, it's also his responsibility to garner their trust to gain their trust as a as a person who is the face of science. Do you, are you torn on this the responsibility of anthropology of yourself to represent science? Not just the communication of advising what should be done, but giving people hope, giving people trust in science and alleviating division. Do you think that's also responsibility of a leader or is that unfair to ask? I think the best way you give people trust is to tell them the truth, and so they recognize that when you're sharing information, it's the best you've got at that point, and Tony Fauci does that at every moment . I don't think him expressing more humility would change the fact that they're looking for a target of somebody to blame uh to basically distract people from the failings of their own political party. Maybe I'm less targeted not because of a difference in the way in which I convey the information, I'm less visible if Tony were out of the scene and I was placed in that role , I'd probably be seeing a ratcheting up of that same targeting. I would like to believe that if Tony Fauci said that when I originally made recommendations not to our masks that was given on the, on our best available data and now we know that is a mistake. So admit with humility that there is an error.",
          "chapter_name": "Humility in Science Leadership: Winning Over Trust Amid Pandemic"
        },
        {
          "speaker": "Francis Collins",
          "speech": "That's not that's not actually correct, but that's a that's a statement of humility. And I would like to believe despite their attacks, he would win a lot of people over with that. So a lot of people as you're saying would use that. See that Here we go. Here's that dr Anthony Fauci making mistakes. How can we trust him on anything? I believe if he was display that public display of humility to say that I made an error. That would win a lot of people over . That's my that's kind of my sense to face the fire of the attacks from politics.",
          "chapter_name": "Humility in Science Leadership: Winning Over Trust Amid Pandemic"
        },
        {
          "speaker": "Lex Fridman",
          "speech": "You have like politicians will attack no matter what. But the question is the people to win over the people that the biggest concern I've had is that there was this distrust of science that's been brewing and I'm maybe you can correct me, but I'm a little bit unwilling to fully blame the politicians because politicians play their games, no matter what, it just feels like. This was an opportunity to inspire people with the power of science. The development of the vaccines, no matter what you think of those vaccines is one of the greatest accomplishments in the history of science is indeed and the fact that that's not inspiring . Listen, I host a podcast. Whenever I say positive stuff about the vaccine, I get to hear a lot of different opinions. The fact that I do is a big problem to me because it's an incredible an incredible accomplishment of science And so I",
          "chapter_name": "Humility in Science Leadership: Winning Over Trust Amid Pandemic"
        }
      ]
    },
    {
      "name": "Uncertainty in Leadership: Balancing Science and Public Trust in Crisis",
      "content": [
        {
          "speaker": "Francis Collins",
          "speech": "yeah, I'm sorry but I have to put responsibility on the leaders even if it's not their mistakes, that's what the leadership is. That's what leadership is. You take responsibility for the situation. I wonder if there's something that could have been done better. Two give people hope that science will save us as opposed to science will divide us. I think you have more confidence in the ability to get beyond our current divisions than I do. After seeing just how deep and dark they have become. Tony Fauci has said multiple times. The recommendation about not wearing masks was for two reasons a shortage of masks which were needed in hospitals and a lack of realization early in the course of the epidemic that this was a virus that could heavily infected asymptomatic people as that changed.",
          "chapter_name": "Uncertainty in Leadership: Balancing Science and Public Trust in Crisis"
        },
        {
          "speaker": "Francis Collins",
          "speech": "He changed now did he make an error? No, he was making a judgment based on the data available at the time but he certainly made that clear over and over again. It has not stopped those who would like to demonize him from saying, Well, he just flip flopped. Um you can't trust the guy. He says one thing today and one thing tomorrow? Well, masks is a tricky one. So this is a tricky one. Early on.",
          "chapter_name": "Uncertainty in Leadership: Balancing Science and Public Trust in Crisis"
        },
        {
          "speaker": "Francis Collins",
          "speech": "I'm a co author on the paper was one of many, but this was a survey paper overlooking the the evidence. It's a summary of the evidence we have for the effectiveness of masks. It seems that it's difficult to do rigorous scientific study and masks. It is difficult. There's a lot of philosophical and ethical questions I won't ask you, but within this mhm. It's back to your words and Anthony Fauci is words when you're dealing with so much uncertainty and so much potential uncertainty about how catastrophic this virus is in the early days and knowing that each word you say may create panic.",
          "chapter_name": "Uncertainty in Leadership: Balancing Science and Public Trust in Crisis"
        },
        {
          "speaker": "Francis Collins",
          "speech": "How do you communicate science with the world? Yeah, it's a philosophical, it's an ethical it's a practical question. There was a discussion about masks a century ago and that to lead to panic. So, I mean, I'm trying to put myself in the mind in your mind and the mind of Anthony Fauci in those early days knowing that there's limited supply masks, like what do you say? Do you fully convey the uncertainty of the situation of the, of the challenges of the supply chain? Or do you say that masks don't work. That's a complicated calculation. How do you make that calculation. Mm It is a complicated calculation as a scientist. Your temptation would be to give a full brain dump of all the details of the information about what's known and what isn't known.",
          "chapter_name": "Uncertainty in Leadership: Balancing Science and Public Trust in Crisis"
        },
        {
          "speaker": "Francis Collins",
          "speech": "What experiments need to be done most of the time . That's not going to play well in a sound bite on the evening news. So you have to kind of distill it down to a recommendation that is the best you can do at that time with the information you've got. So you're a man of God . And we'll return to that to talk about some some also unanswerable philosophical questions. But first, let's linger on the vaccine because in the in the religious, in the christian community, there was some hesitancy with the vaccine. It still is.",
          "chapter_name": "Uncertainty in Leadership: Balancing Science and Public Trust in Crisis"
        }
      ]
    },
    {
      "name": "The Battle of Truth: COVID-19 Vaccine Hesitancy",
      "content": [
        {
          "speaker": "Francis Collins",
          "speech": "So as there's a lot of data showing high efficacy and safety of vaccines of Covid vaccines, but still they are far from perfect as all vaccines are. Can you empathize with people who are hesitant to take the Covid vaccine or to have their Children take the Covid vaccine. I can totally empathize, especially when people are barraged by conflicting information coming at them from all kinds of directions. I've spent a lot of my time in the last year trying to figure out how to do a better job of listening because I think we have all got the risk of assuming we know the basis for somebody's hesitancy and that often doesn't turn out to be what you thought. And the variety of reasons is quite broad. I think I'm big concern is just this sense of uncertainty about whether this was done too fast and that corners were cut and there are good answers to that. Along with that, a sense that maybe this vaccine will have long term effects that we won't know about for years to come.",
          "chapter_name": "The Battle of Truth: COVID-19 Vaccine Hesitancy"
        },
        {
          "speaker": "Lex Fridman",
          "speech": "And one can say that hasn't been seen with other vaccines and there's no particular reason to think this one is going to be different than the dozens of others that we have experience with. But you can't absolutely say no, there's no chance of that. So it does come down to listening and then trying in a fashion that doesn't convey a message that you're smarter than the person you're talking to his head isn't going to help uh, to really address what the substance is of the concerns. But my heart goes out to so many people who are fearful about this because of all the information that has been dumped on them. Some of it by politicians, a lot of it by the internet, some of it by parts of the media that seemed to take pleasure in stirring up this kind of fear for their own reasons. And that is shameful.",
          "chapter_name": "The Battle of Truth: COVID-19 Vaccine Hesitancy"
        },
        {
          "speaker": "Lex Fridman",
          "speech": "I'm really sympathetic with the people who are confused and fearful. I am not sympathetic with people who are distributing information that's demonstrably false and continue to do so they're taking lives. I didn't realize how strong that sector of disinformation it would be. And it's been in many ways more effective than the means of spreading the truth. This is gonna take us into another place. But let's see if there's something I'm really worried about in this country and it's not just this country, but it's the one I live in Is that we have another epidemic besides COVID-19 and it's an epidemic of the loss of the anchor of truth. The truth as a means of making decisions, truth as a means of figuring out how to wrestle with the question.",
          "chapter_name": "The Battle of Truth: COVID-19 Vaccine Hesitancy"
        },
        {
          "speaker": "Lex Fridman",
          "speech": "Like should I get this vaccine for myself for my Children seems to have lost its primacy . And instead it's an opinion of somebody who expressed it very strongly or some facebook posts that I read two hours ago and for those to become substitutes for objective truth . Not just of course for vaccines , but for many other issues, like was the 2020 election actually fair. This worries me deeply. It's bad enough to have polarization and divisions, but to have no way of resolving those by actually saying, okay, what's true here makes me very worried about the path we're on. And I'm usually an optimist. Well to give you an optimistic angle on this.",
          "chapter_name": "The Battle of Truth: COVID-19 Vaccine Hesitancy"
        },
        {
          "speaker": "Francis Collins",
          "speech": "I actually think that uh, this sense that there's no one place for truth. It's just a thing that will inspire leaders in science communicators to speak. Not from a place of authority, but from a place of humility. I think it's just challenging people to communicate in a new way to be listeners First. I think the problem isn't that there's a lot of misinformation. I think that um, people, the, the internet and the world are distrustful of people who who speak as if they possess the truth with an authoritarian kind of tone, Which was I think defining for what science was in the 20th century.",
          "chapter_name": "The Battle of Truth: COVID-19 Vaccine Hesitancy"
        },
        {
          "speaker": "Francis Collins",
          "speech": "I just think it has to sound different in the 21st with a in the battle of ideas. I think humility and love winds and that's how science wins, not through having quote unquote truth because now everybody can just say, I have the truth. Um, I think you have to speak, like I said, from humility, not authority. And so it just challenges our leaders to uh go back and uh learn to be part of my french less assholes and uh more kind and like you said, to listen to listen to the experiences of people that are good people, not, not the ones who are trying to manipulate the system and play a game and so on, but real, you know, real people who are just afraid of uncertainty of hurting those they loved and so on. So I think it's just an opportunity for leaders to go back and take a class on effective communication. I'm with you on , shifting more from where we are to humility and love. That's gotta be the right answer.",
          "chapter_name": "The Battle of Truth: COVID-19 Vaccine Hesitancy"
        },
        {
          "speaker": "Lex Fridman",
          "speech": "That's very biblical. By the way , we'll get there. I have to bring up joe Rogan. I don't know if you know who he is. I do. He's a podcaster, comedian fighting commentator and my now friend and I've ever met in a believer too.",
          "chapter_name": "The Battle of Truth: COVID-19 Vaccine Hesitancy"
        },
        {
          "speaker": "Lex Fridman",
          "speech": "Yes , that is the question I have to ask you about.",
          "chapter_name": "The Battle of Truth: COVID-19 Vaccine Hesitancy"
        }
      ]
    },
    {
      "name": "Joe Rogan's COVID-19 Treatment Stance: A Skeptic's Persuasion?",
      "content": [
        {
          "speaker": "Lex Fridman",
          "speech": "Uh, he has gotten some flack in the mainstream media for not getting vaccinated and when he got Covid recently taken Ivermectin as part of a cocktail of treatments, the NIH actually has a nice page and Ivermectin saying quote, there is insufficient evidence to recommend either for or against the use of Ivermectin for the treatment of Covid 19 Results from adequately powered, well designed and well conducted clinical trials are needed to provide more specific evidence-based guidance on the role of Ivermectin in the treatment of COVID-19 . So let me ask, why do you think there has been so much attack on Joe Rogan and anyone else that's talking about I've ever met in when there's insufficient evidence for or against? Well, let's unpack that. First of all, I think the concerns about joe are not limited to his taking. I remarked in much more seriously. His being fairly publicly negative about vaccines at a time where people are dying.",
          "chapter_name": "Joe Rogan's COVID-19 Treatment Stance: A Skeptic's Persuasion?"
        },
        {
          "speaker": "Francis Collins",
          "speech": "700,000 people have died from COVID-19 estimates by Kaiser or at least 100,000 of those were unnecessary deaths of unvaccinated people and for joe to promote that further. Even as this pandemic rages through our population is simply irresponsible. So yeah, the ivermectin is just one other twist. Obviously Ivermectin has been controversial for months and months. Um, the reason that it got particular attention is because of the way in which it seemed to have captured the imagination of a lot of people and to the point where they were taking doses that were intended for livestock and some of them got pretty sick as a result from overdosing on this stuff. That was not good judgment.",
          "chapter_name": "Joe Rogan's COVID-19 Treatment Stance: A Skeptic's Persuasion?"
        },
        {
          "speaker": "Francis Collins",
          "speech": "The drug itself remains uncertain. Uh, there's a recent review that looks at all of the studies of Ira Mactan and basically concludes that it probably doesn't work . Uh, we are running a study right now. I looked at that data this morning uh, in a trial called Active six, which is one of the ones that my public private partnership is running. We're up to about 400 patients who've been randomized to Ivermectin or placebo and should know perhaps as soon as a month from now in a very carefully controlled trial. Did it help or did it not?",
          "chapter_name": "Joe Rogan's COVID-19 Treatment Stance: A Skeptic's Persuasion?"
        },
        {
          "speaker": "Francis Collins",
          "speech": "So there will be an answer coming back to joe again, I don't think the fact that he took to connect and hoping it might work is that big a knock against him. It's more the conveying of, We don't trust what science says, which is, vaccines are going to save your life. We're going to trust what's on the internet that says, ivermectin and hydroxychloroquine really do work, even though the scientific community says probably not let me push back in that a little bit. So he doesn't he doesn't say let's not listen to science. He doesn't say the vaccine don't get vaccinated. He says, it's okay to ask questions. How risky is the vaccine for certain populations?",
          "chapter_name": "Joe Rogan's COVID-19 Treatment Stance: A Skeptic's Persuasion?"
        },
        {
          "speaker": "Francis Collins",
          "speech": "What are the benefits and risks? There's other friends of joe and uh friends of mine, like Sam Harris who says if you look at the data, it's obvious that the benefits outweigh the risks. And what Joe says is yes, but let's still openly talk about risks. And he often brings his up anecdotal evidence of people who have had uh highly negative effects from vaccines. Science is not done with anecdotal evidence. And so you could infer a lot of stuff from the way he expresses it, but he also communicates a lot of interesting questions.",
          "chapter_name": "Joe Rogan's COVID-19 Treatment Stance: A Skeptic's Persuasion?"
        },
        {
          "speaker": "Francis Collins",
          "speech": "Uh, and that's something maybe you can comment on this. You know, there's certain groups that are healthy, they have their younger, they have, they exercise a lot, they get the uh, you know, nutrition, all those kinds of things. He shows skepticism on whether it's so obvious that they should get vaccinated and the same is he makes this, he kind of presents the same kind of skepticism for kids for young kids. So with empathy and uh you know listening my Russian in eloquent description of what joe believes. What what is your kind of response to that? Why should certain categories of healthy and young people still get vaccinated? Do you think?",
          "chapter_name": "Joe Rogan's COVID-19 Treatment Stance: A Skeptic's Persuasion?"
        },
        {
          "speaker": "Francis Collins",
          "speech": "Well first just to say it's great for joe to be a skeptic to ask questions.",
          "chapter_name": "Joe Rogan's COVID-19 Treatment Stance: A Skeptic's Persuasion?"
        }
      ]
    },
    {
      "name": "Vaccine Efficacy vs Viral Variants: A Pandemic Dilemma",
      "content": [
        {
          "speaker": "Francis Collins",
          "speech": "We should all be doing that. But then the next step is to go and see what the data says and see if they're actually answers to those questions. So coming to healthy people, I've done a bunch of podcast besides this 11 I think I remember most was a podcast with a World Wide wrestling superstar. Very nice. He's about six ft six and just absolutely solid muscle and he got Covid and he almost died and recovering from that. He said I've got to let my supporters . No because you can imagine worldwide wrestling fans are probably not big embrace others of the need for vaccines and he wants he just turned himself into a spokesperson for the fact that this virus doesn't care how healthy you are, how much you exercise. What a great specimen you are. It wiped him out . And we see that You know, the average person in the IMF right now with COVID-19 is under age 50 .",
          "chapter_name": "Vaccine Efficacy vs Viral Variants: A Pandemic Dilemma"
        },
        {
          "speaker": "Francis Collins",
          "speech": "I think there's a lot of people still thinking oh it's just those old people in the nursing homes that's not going to be about me. They're wrong. There are plenty of instances of people who were totally healthy with no underlying disease is taking good care of themselves, not obese exercising who have died from this disease. 700 Children have died from this disease. Yes. Some of them had underlying factors like obesity, but a lot of them did not. So it's fair to say younger people are less susceptible to serious illness kids even less so and then um young adults but it ain't zero. And if the vaccine is really safe and really effective, then you probably want everybody to take advantage of that.",
          "chapter_name": "Vaccine Efficacy vs Viral Variants: A Pandemic Dilemma"
        },
        {
          "speaker": "Francis Collins",
          "speech": "Even though some are dropping their risks more than others. Everybody's dropping their risks. Some are you worried about variants ? So looking out into the future, are you, what's your vision for all the possible trajectories that this virus takes in human society? I'm totally worried about the variants. Delta was such an impressive arrival on the scene in all the wrong ways. I mean it took over the world in the space of just a couple months because of its extremely contagious ability viruses would be beautiful if they weren't terrifying.",
          "chapter_name": "Vaccine Efficacy vs Viral Variants: A Pandemic Dilemma"
        },
        {
          "speaker": "Lex Fridman",
          "speech": "Yeah, exactly. I mean, this whole story of viral evolution. Scientifically, it's just amazingly elegant. Anybody who really wanted to understand how evolution works in real time Study SARS Cov two because it's not just Delta, it's alpha and its beta and gamma and it's the fact that these sweep through the world's population. Bye, fairly minor differences in fitness. So the real question many people are wrestling is is delta. It it is it is it such a fit virus that nothing else will be able to displace it?",
          "chapter_name": "Vaccine Efficacy vs Viral Variants: A Pandemic Dilemma"
        },
        {
          "speaker": "Lex Fridman",
          "speech": "I don't know I mean there's now delta A. Y. Four which is a variant of delta that at least in the U. K. Seems to be taking over the delta population as though it's maybe even a little more contagious. That might be the first hint that we're seeing something new here. It's not a completely different virus. It's still delta but it's delta plus you know the big worry lex is what's out there that is so different that the vaccine protection doesn't work. We don't know how different it needs to be for the vaccine to stop working. That's the that's the terrifying thing about each of these variants.",
          "chapter_name": "Vaccine Efficacy vs Viral Variants: A Pandemic Dilemma"
        },
        {
          "speaker": "Francis Collins",
          "speech": "It's like uh it's always a pleasant surprise of the vaccine. Seems to have still have efficacy. And hooray for our immune system. May I say because the vaccine immunizes you against that original Wuhan virus. Um Now we can see that especially after two doses and even more so after a booster your immune system is so clever that it's also making a diversity of antibodies to cover some other things that might happen to that virus to make it a little different And you're still getting really good coverage. Uh even for beta which was a South Africa B1351 which is the most different.",
          "chapter_name": "Vaccine Efficacy vs Viral Variants: A Pandemic Dilemma"
        },
        {
          "speaker": "Francis Collins",
          "speech": "It looks pretty good but that doesn't mean it will always be as good as that. If something gets really far away from the original virus now the good news is we would know what to do in that situation. The M. RNA vaccines allow you to redesign the vaccine like that and to quickly get it through a few 1000 participants in a clinical trial to be sure it's raising antibodies and then bang, you could go but I don't want to have to do that. There will be people's lives at risk in the meantime. And what's the best way to keep that from happening?",
          "chapter_name": "Vaccine Efficacy vs Viral Variants: A Pandemic Dilemma"
        },
        {
          "speaker": "Francis Collins",
          "speech": "We'll try to cut down the number of infections because you don't get variants unless the virus is replicating in a person. So how do we uh solve this thing, how do we get out of this pandemic? What's like if you had like a wand or something or uh you could really implement policies, What's the full cocktail of solutions here? It's a full cocktail.",
          "chapter_name": "Vaccine Efficacy vs Viral Variants: A Pandemic Dilemma"
        }
      ]
    },
    {
      "name": "Testing, Testing: The Key to Controlling COVID-19 Pandemic",
      "content": [
        {
          "speaker": "Francis Collins",
          "speech": "It's not just one thing In our own country here in the us, it would be getting those 64 million reluctant people to actually go ahead and get vaccinated or 64 million people who didn't get vaccinated Adults, not even counting the kids 64 million that astounding. Uh get the kids vaccinated. Hopefully their parents will see that as a good thing too.",
          "chapter_name": "Testing, Testing: The Key to Controlling COVID-19 Pandemic"
        },
        {
          "speaker": "Francis Collins",
          "speech": "Get those of us who are due for boosters boosted because that's going to reduce our likelihood of having breakthrough infections and keep spreading it convince people that until we're really done with this and we're not now that social distancing and mask wearing indoors are still critical to cut down the number of new infections. But of course that's our country, this is a worldwide pandemic. I worry greatly about the fact that low and middle income countries for the most part not even gotten started with access to vaccines and we have to figure out a way to speed that up Because otherwise that's where the next variant will probably arrive and who knows how bad it will be and it will cross the world quickly as we've seen happen repeatedly in the last 22 months I think I'm really surprised annoyed, frustrated that testing uh rapid at home testing from the very beginning wasn't a big big part of the solution it seems first of all , nobody is against it. That's one huge plus for testing it's everybody supports second of all like that's what America is good at is like mass manufacturer stuff like like stepping up, engineer stepping up and really deploying it. Plus without the collection of data is giving people freedom is giving them information and then freedom to decide what to do with that information. It's such a powerful solution.",
          "chapter_name": "Testing, Testing: The Key to Controlling COVID-19 Pandemic"
        },
        {
          "speaker": "Lex Fridman",
          "speech": "I don't understand. Well now I think the biden administration is uh I think emphasized like the scaling of testing manufacturer. So, but I just feel like it's an obvious solution. Get a test that costs less than a dollar manufacturer because less than a dollar to buy . And just everybody gets tested every single day. Don't share that data with anyone. You just make the decisions and I believe in the intelligence of people to make the right decision to stay at home when the test is positive. I am so completely with you on that. And NIH has been smack in the middle of trying to make that dream come true. We're running a trial right now in Georgia indiana Hawaii.",
          "chapter_name": "Testing, Testing: The Key to Controlling COVID-19 Pandemic"
        },
        {
          "speaker": "Francis Collins",
          "speech": "And where's the other 1? Oh Kentucky basically blanketing and community with free. I'm testing. That's beautiful. And look to see what happens as far as stemming the spread of the epidemic and measuring it by wastewater because you can really tell whether you've cut back the amount of infection in the community. Yeah, I'm so with you. We got off to such a bad start.",
          "chapter_name": "Testing, Testing: The Key to Controlling COVID-19 Pandemic"
        },
        {
          "speaker": "Francis Collins",
          "speech": "Was testing uh and of course all the testing was being done for the first several months in big box laboratories where you had to send the sample off and put it through the mail somehow and get the results back? Sometimes five days later after you've already infected a dozen people. It was just a completely wrong model. But it's what we had and everybody was like, oh we gotta stick with PcR because if you start using those home tests that are based on antigens, lateral flow probably there's going to be false positives and false negatives. Okay sure. No test is perfect but having a test it's not acceptable or accessible is the worst setting.",
          "chapter_name": "Testing, Testing: The Key to Controlling COVID-19 Pandemic"
        },
        {
          "speaker": "Francis Collins",
          "speech": "So we NIH with some requests from congress got a billion dollars to create this program called rapid acceleration of diagnostics red X. And we turned into a venture capital organization and we invited every small business or academic lab that had a cool idea about how to do home testing to bring it forward. And we threw them into what we called our shark tank of business experts, engineers, technology people, people understood how to deal with supply chains and manufacturing. And right now today there are about two million tests being done based on what came out of that program including most of the home tests that you can now buy on the pharmacy shelves and we did that and I wish we had done it faster. But it was an amazingly speedy effort and you're right. Companies are really good Once they've gotten FDA emergency use authorization and we helped a lot of them get that they can scale up their manufacturing I think in December we should have about 410 million tests for that month ready to go. And if we can get one or two more platforms approved and by the way we are now helping FDA by being their validation lab we can get a couple more of these approved. We could be in the half a billion tests a month, which is really getting where we need to be . Wow.",
          "chapter_name": "Testing, Testing: The Key to Controlling COVID-19 Pandemic"
        },
        {
          "speaker": "Lex Fridman",
          "speech": "Yeah, that's a dream. That's a dream. For me. It seems like an obvious solution engineering solution. Everybody's behind it at least to hope versus division. I love it .",
          "chapter_name": "Testing, Testing: The Key to Controlling COVID-19 Pandemic"
        },
        {
          "speaker": "Lex Fridman",
          "speech": "Okay. Happy story. Happy story Was waiting for one. Yeah. All right, well, one last dive into the non happy. But you won't even have to comment on it. Uh, well, comment on the broader philosophical questions. So, NIH again, I said joe Rogan is the first one who pointed me to this. An age was recently accused of funding research of a paper that had images of sedated puppies with their heads inserted into small enclosures containing disease carrying sand flies.",
          "chapter_name": "Testing, Testing: The Key to Controlling COVID-19 Pandemic"
        }
      ]
    },
    {
      "name": "Ethical Dilemmas in Science Research: Chimps, Dogs, and Cat",
      "content": [
        {
          "speaker": "Lex Fridman",
          "speech": "So I could just say that this story is not true or at least the , I think it is true that the paper that showed those images cited and my age is a funding source, but that citation is not correct. Yeah. Uh, but that brings up a bigger philosophical question that could have been correct. How difficult is it as a director of an age or just an age is an organization that's funding so many amazing deep research studies to ensure the ethical fortitude of those studies. When the ethics of science is, there's such a gray area between what is and what isn't ethical. Well, tough issues. Um, certainly animal research is a tough issue. I was going to bring up. It's a good example of that tough issue is in 2015 you announced that NIH would no longer support any biomedical research involving chimpanzees.",
          "chapter_name": "Ethical Dilemmas in Science Research: Chimps, Dogs, and Cat"
        },
        {
          "speaker": "Francis Collins",
          "speech": "So that's like one example of looking in the mirror thinking deeply about what is and isn't ethical. And there was a conclusion that biomedical research on chimps is not ethical. That was the conclusion. That was based on a lot of deep thinking and a lot of input from people who have considered this issue and a panel of the National Academy of Sciences that was asked to review the issue. I mean, the question that I wanted them to look at was are we actually learning anything that's really essential from chimpanzee invasive research at this point? Or is it time to say that these closest relatives of ours um should not be subjected to that any further and ought to be retired to a sanctuary. And that was the conclusion that there was really no kind of medical experimentation that needed to be done on chimps in order to proceed. So why are we still doing this?",
          "chapter_name": "Ethical Dilemmas in Science Research: Chimps, Dogs, and Cat"
        },
        {
          "speaker": "Francis Collins",
          "speech": "Many of these were chimpanzees that were purchased because we thought they would be good hosts for HIV aids and they sort of weren't and they were kept around in these primate laboratories with people coming up with other things to do, but they weren't compelling scientifically. So I think that was the right decision. I took a lot of flak from some of the scientific community said , well you're caving in to the animal rights people and now that you've said no more research on chimps, what's next? Certainly when it comes to companion animals, um everybody's heart starts to be hurting when you see anything done that seems harmful to a dog or a cat have a cat, I don't have a dog. And I understand that completely. That's why we have these oversight groups that decide before you do any of that kind of research . Is it justified?",
          "chapter_name": "Ethical Dilemmas in Science Research: Chimps, Dogs, and Cat"
        },
        {
          "speaker": "Francis Collins",
          "speech": "And what kind of provisions is going to be made to avoid pain and suffering? And those are those have input from the public as well as the scientific community. Is that completely saying that every step that's happening there is ethical by some um standard . That would be hard for anybody to agree to. No, but at least it's a consensus of what people think is acceptable. Uh dogs are the only host for some diseases like leishmaniasis, which was that paper that we were not responsible for.",
          "chapter_name": "Ethical Dilemmas in Science Research: Chimps, Dogs, and Cat"
        },
        {
          "speaker": "Francis Collins",
          "speech": "But I know why they were doing the experiment or like lymphatic filariasis, which is an experiment that we are supporting in Georgia that involves dogs getting infected with a parasite. Because that's the only model we have to know whether a treatment is going to work or not. So I will defend that I am not in the place of those who think all animal research is evil because I think if there's something that's going to be done to save a child from a terrible disease or an adult and it involves animal research that's been carefully reviewed, then I think ethically why it doesn't make me comfortable. It still seems like it's the right choice. I think to say all animal research should be taken off the table is also very unethical because that means you have basically doomed a lot of people for whom that research might have saved their lives to having no more hope. And to me personally, there's far greater concerns ethically in terms of factory farming, for example, the treatment of animals in other context, there's so much that goes on outside of medical research. That is much more troubling. That said, I think all cats have to go, that's just my off the record opinion. That's why I'm not involved with any ethical decisions. I'm just joking.",
          "chapter_name": "Ethical Dilemmas in Science Research: Chimps, Dogs, and Cat"
        },
        {
          "speaker": "Francis Collins",
          "speech": "Internet. I love cow, you're a dog. I'm a dog person. I'm sorry. Have you seen the new yorker cartoon where their two dogs in the bar having a martini and one saying that they're dressed up in their business suits and one says to the other, you know, it's not enough for the dogs to win.",
          "chapter_name": "Ethical Dilemmas in Science Research: Chimps, Dogs, and Cat"
        }
      ]
    },
    {
      "name": "Collaborative Science: A Conversation with NIH Director",
      "content": [
        {
          "speaker": "Lex Fridman",
          "speech": "The cats have to lose uh beautiful. Uh so uh a few weeks ago, you've announced that you're resigning from the NIH at the end of the year, I'm stepping down, still going still going to be at NIH in a different capacity. Different capacity. Right. And it's over a decade of an incredible career overseeing the NIH is its director.",
          "chapter_name": "Collaborative Science: A Conversation with NIH Director"
        },
        {
          "speaker": "Lex Fridman",
          "speech": "What are the things you're most proud of of the NIH in your time here as its director? Maybe memorable moments? Uh there's a lot in 12 years. Science has just progressed in amazing ways over those 12 years. Think about where we are right now. Something like gene editing being able to make changes in DNA even for therapeutic purposes which is now curing sickle cell disease Unthinkable.",
          "chapter_name": "Collaborative Science: A Conversation with NIH Director"
        },
        {
          "speaker": "Francis Collins",
          "speech": "When I became director in 2009 the ability to study single cells and ask them what they're doing and get an answer. Single cell biology just has emerged in this incredibly powerful way. Having the courage to be able to say we could actually understand the human brain seemed like so far out there and we're in the process of doing that with the brain initiative, taking all that we've learned about the genome and applying it to cancer to make individual cancer treatment really precision and developing cancer immunotherapy which seemed like sort of a backwater into some of the hottest science around all those things sort of erupting and much more to come. I'm sure we're on an exponential curve of medical research advances. And that's glorious to watch. And of course Covid 19 as a beneficiary of decades of basic science understanding what M. R. N. A. Is understanding basics about corona viruses and spike proteins and how to combine structural biology and immunology and genomics into this package. That allows you to make a vaccine in 11 months.",
          "chapter_name": "Collaborative Science: A Conversation with NIH Director"
        },
        {
          "speaker": "Francis Collins",
          "speech": "Just I would never have imagined that possible in 2009. So to have been able to kind of be the midwife helping all of those things get Earth. That's been just an amazing 12 years. And as NIH director you have this convening power and this ability to look across the whole landscape of biomedical research and identify areas that are just like ready for something big to happen. But it isn't going to happen spontaneously without some encouragement without pulling people together from different disciplines who don't know each other and maybe I don't know how to quite understand each other scientific language and create an environment for that to happen. That has been just an amazing experience. I mean I mentioned the Brain initiative as one of those The brain initiative right now.",
          "chapter_name": "Collaborative Science: A Conversation with NIH Director"
        },
        {
          "speaker": "Francis Collins",
          "speech": "I think it was about 600 investigators working on this uh last week the whole issue of nature magazine was about the output of the brain initiative basically now giving us a cell census of what those cells in the brain are doing which has just never been imaginable. And interestingly most uh more than half of the investigators in the brain initiative or engineers. They're not biologists in a traditional sense . I love that may be partly because my PhD is in quantum mechanics. So I think it's really a good idea to bring disciplines together and see what happens . That's an exciting thing. And I well not ever forget having the chance to announce that program in the east room of the White House with President Obama who totally got it and totally loved science and working with him in some of those rare moments of sort of one on one conversation in the oval office.",
          "chapter_name": "Collaborative Science: A Conversation with NIH Director"
        },
        {
          "speaker": "Francis Collins",
          "speech": "Just him and me about science. That's a gift. What's it like talking to Barack Obama about science? He seems to be a sponge. I've heard him I'm an artificial intelligence person and I've heard him talk about Ai and it was like it made me think of somebody like whispering in his ear or something because he was saying stuff that totally passed the Bs test. Like he really understands stuff he does. That means he listened to a bunch of experts on ai he was like explaining the difference between narrow artificial intelligence and strong Ai. Like he was he was saying all this both technical and philosophical stuff and it just made me",
          "chapter_name": "Collaborative Science: A Conversation with NIH Director"
        },
        {
          "speaker": "Lex Fridman",
          "speech": "I don't know it made me hopeful about the depth of understanding that a human being and political office can attain. That gave me hope as well and having those experiences oftentimes in a group. Another example where I was trying to figure out how do we take what we've learned about the genome and really apply it at scale to figure out how to prevent illness? Not just treat it, but prevent it Out of which came this program called All of us, this million strong american cohort of participants who make their electronic health records and their genome sequences and everything else available for researchers to look at. That came out of a couple of conversations with Obama and others in his office and he asked the best questions. That was what struck me so much. I mean in a room full of scientists and we'd be talking about the possible approaches and he would come up with this incredibly insightful penetrating question. Not that he knew that what the answer was going to be, but he knew what the right question was. I think the courts of that is curiosity.",
          "chapter_name": "Collaborative Science: A Conversation with NIH Director"
        }
      ]
    },
    {
      "name": "Collaborative Science Leadership: Breaking Boundaries for Open Acce",
      "content": [
        {
          "speaker": "Lex Fridman",
          "speech": "Yeah. It's I don't think he's even like he's trying to be a good leader. He's legit curious. Yes. That he almost like a kid in a candy store, gets to talk to the world experts. He got he somehow sneaked into this office and gets gets to talk to the world experts. And that's that's that's the kind of energy that I think leads to uh beautiful leadership in the space of science.",
          "chapter_name": "Collaborative Science Leadership: Breaking Boundaries for Open Acce"
        },
        {
          "speaker": "Francis Collins",
          "speech": "Another thing I've been able to do as director is to try to break down some of the boundaries that seem to be traditional between the public and the private sectors when it comes to areas of science that really could and should be open access anyway, why don't we work together? And that was obvious early on and after identifying a few possible um collaborators who are chief scientists of pharmaceutical companies, it looked like we might be able to do something in that space out of that was born something called the Accelerating Medicines partnership AMP. And it took a couple of years of convening people who usually didn't talk to each other and there was a lot of suspicion, academic scientists saying uh those scientists and pharma, they're not that smart, they're just trying to make money. And the academic scientists getting the wrap from the pharmaceutical scientists, all they want to do is publish papers , they don't really care about helping anybody. And we found out both of those stereotypes were wrong . And over the course of that couple of years built a momentum behind three starting projects. One in Alzheimer's, one of diabetes, one of rheumatoid arthritis and lupus very different.",
          "chapter_name": "Collaborative Science Leadership: Breaking Boundaries for Open Acce"
        },
        {
          "speaker": "Lex Fridman",
          "speech": "Each one of them trying to identify what is an area that we both really need to see advance and we could do better together and it's going to have to be open access otherwise and she's not going to play and guess what industry, if you really want to do this, you got to have skin in the game. What cover half the cost you've got to cover the other day, I love enforcing open access. So resulting in open science, millions of dollars gone into this and it has been a wild success after many people were skeptical. A couple years later, we had another project on Parkinson's.",
          "chapter_name": "Collaborative Science Leadership: Breaking Boundaries for Open Acce"
        },
        {
          "speaker": "Lex Fridman",
          "speech": "More recently, we've added one on schizophrenia. Just this week, we added one on gene therapy on bespoke gene therapy for ultra rare diseases, which otherwise are going to have enough commercial appeal. But if we did this together , especially with FDA at the table and they have been, we could make something happen, turn this into a sort of standardized approach where everything didn't have to be a one off. I'm really excited about that. So what began as three projects is six and it's about to be seven next year with a heart failure project and all of us have gotten to know each other And if it weren't for that background, when COVID came along, it would have been a lot harder to build the partnership called active, which has been my passion for the last 20 months. Accelerating COVID-19 therapeutic interventions and vaccines.",
          "chapter_name": "Collaborative Science Leadership: Breaking Boundaries for Open Acce"
        }
      ]
    },
    {
      "name": "Collaborative Vaccine Development: A Dance of Hope",
      "content": [
        {
          "speaker": "Francis Collins",
          "speech": "We just had our leadership team meeting this morning. I was amazing what's been accomplished. That's a pretty much 100 people who dropped everything just to work on this. About half from industry and half from government and academia and that's how we got vaccine master protocols designed. So we all agreed about what the end points had to be. And You wondered why are the 30,000 participants in each of these trials? Because of actives group mapping out what the power needed to be for this to be convincing.",
          "chapter_name": "Collaborative Vaccine Development: A Dance of Hope"
        },
        {
          "speaker": "Francis Collins",
          "speech": "Same with therapeutics. Uh we have run at least 20 therapeutic agents through trials that active supported in record time. That's how we got monoclonal antibodies that we know work. Um, that's been, that would not have been possible if I didn't already have a sense of how to work with the private sector that came out of AMP AMP took two years to get started active took two weeks . We just kept get 100 people over, keep the lawyers out of the room way. Uh now you're gonna get yourself in trouble . So I do hope one day the story of this incredible vaccine development of vaccine protocols and trials and all those kind of details.",
          "chapter_name": "Collaborative Vaccine Development: A Dance of Hope"
        },
        {
          "speaker": "Francis Collins",
          "speech": "The messy, beautiful details of science and engineering and and uh that led to the manufacturing the deployment and the scientific test. It's such a nice dance between engineering in the space of manufacture the vaccines. You know, you start before the studies are complete. You start making the vaccines just in case if the studies proved to be positive, then you can start deploying them just like so many uh parties that you said private and public playing together. That's just a beautiful dance. That is one of the is one of for me the sources of hope in this very tricky time where there's a lot of uh things to be cynical about in terms of uh the game's politicians play and the and the hardship experience of the economy and all those kinds of things.",
          "chapter_name": "Collaborative Vaccine Development: A Dance of Hope"
        },
        {
          "speaker": "Francis Collins",
          "speech": "But to me this dance was a vaccine development was done just beautifully and it gives me hope. It does me as well. And it was in many ways the finest hour that science has had in a long time being called upon when everyday counted and making sure that time was not wasted and things were done rigorously but quickly. So you're incredibly good as the leader of the NIH. It seems like you're having a heck of a lot of fun. Why uh, why step down from this role after so much fun?",
          "chapter_name": "Collaborative Vaccine Development: A Dance of Hope"
        },
        {
          "speaker": "Francis Collins",
          "speech": "Well no other NIH director has served more than one president after being appointed by one you're sort of done. And the idea of being carried over For a second presidency with Trump. And now a third one with biden is unheard of. I just think lex it's scientific organizations benefit from new vision and 12 years is a really long time to have the same leader. And if I wasn't going to stick it out for the entire biden four year term , it's good not to wait too late during that to signal an intent to step down because the president's got to find the right person, got to nominate them, gotta get the senate to confirm them, which is a unpredictable process right now And you don't want to try to do that . And the second half of somebody's term as president. This has got to happen now. So I kind of decided back at the end of May that this should be my final year and I'm okay with that.",
          "chapter_name": "Collaborative Vaccine Development: A Dance of Hope"
        },
        {
          "speaker": "Francis Collins",
          "speech": "I do have some mixed emotions because I love the N I h I love the job . It's exhausting. I'm Traditionally for the last 20 months anyway, working 100 hours a week. It's just that's what it takes to juggle all of this. And that keeps me from having a lot of time for anything else .",
          "chapter_name": "Collaborative Vaccine Development: A Dance of Hope"
        },
        {
          "speaker": "Francis Collins",
          "speech": "And I wouldn't mind because I don't think I'm done yet. I wouldn't mind having some time to really think about what the next chapter should be and I have none of that time right now . Do I have another calling? Is there something else I could contribute that's different than this? I'd like to find that out. I think the right answer is you're just stepping down to focus on your music career, but that that might not be a good plan for anything very sustainable, but I think that is a sign of a great leader as George Washington did stepping down at the right time, Williams.",
          "chapter_name": "Collaborative Vaccine Development: A Dance of Hope"
        },
        {
          "speaker": "Lex Fridman",
          "speech": "Yes, Quit when I think he hit a home run on his last at bat and his average was 400 at the time. No one to walk away.",
          "chapter_name": "Collaborative Vaccine Development: A Dance of Hope"
        }
      ]
    },
    {
      "name": "Mapping Our Instruction Book: The Awe of Human Genome Project",
      "content": [
        {
          "speaker": "Lex Fridman",
          "speech": "I mean it's hard, but it's beautiful to see in a leader . Uh you also oversaw the human genome project. You mentioned the brain initiative which has, you know, it's a dream to map the human brain and there's the dream to map the human code which was the human genome project. And you've said that it is humbling for me and awe inspiring to realize that we have caught the first glimpse of our own instruction book previously known only to God. How does that if you can just kind of wax poetic for a second, how does it make you feel that we were able to map this instruction book, look into our own code and be able to reverse engineer it. It's breathtaking.",
          "chapter_name": "Mapping Our Instruction Book: The Awe of Human Genome Project"
        },
        {
          "speaker": "Francis Collins",
          "speech": "It's so fundamental. And yet for all of human history, we are ignorant of the details of what that instruction book looked like. And then we crossed the bridge into the territory of the known and we had that in front of us still written in a language that we had to learn how to read . And we're in the process of doing that and will be for decades to come. But we owned it. We had it and it has such profound consequences. It's both the book about our history . Um it's a book of sort of the parts list of a human being, the genes that are in there and how they're regulated and it's also a medical textbook and that can teach us things that will provide answers to illnesses we don't understand and alleviate suffering and premature death. So it's a pretty amazing thing to contemplate.",
          "chapter_name": "Mapping Our Instruction Book: The Awe of Human Genome Project"
        },
        {
          "speaker": "Francis Collins",
          "speech": "And it has utterly transformed the way we do science and it is in the process of transforming the way we do medicine. Although much of that still lies ahead . You know while we were working on the genome project it was sort of hard to get this sense of a wellness because it was just hard work and you were getting you know another mega bass. Okay, this is good. But when did you actually step back and say we did it? It's the profound nous of that. I mean there were two points I guess One was the announcement on that June 26 2000 where the whole world heard well we don't quite have it",
          "chapter_name": "Mapping Our Instruction Book: The Awe of Human Genome Project"
        },
        {
          "speaker": "Francis Collins",
          "speech": "but we got a pretty good draft and suddenly people are like realizing oh this is this a big deal For me. It was more when we got the full analysis of it published in February 2001 and that issue of nature paper that eric lander and bob Waterston and I were the main authors and we toiled over and tried to get as much insight as we could in there about what the meaning of all this was. But you also had this sense that we are such beginning readers here, we are still in kindergarten trying to make sense out of this three billion letter book and we're going to be at this for generations to come. You are a man of faith christian and you are a man of science. What is the role of religion and of science and society and in the individual human mind and heart like yours? Well, I was not a person of faith when I was growing up, I became a believer in my twenties, influenced as a medical student by recognition that I hadn't really thought through the issues of what's the meaning of life? Why are we all here? What happens when you die? Is there a god? Science is not so helpful in answering those questions.",
          "chapter_name": "Mapping Our Instruction Book: The Awe of Human Genome Project"
        }
      ]
    },
    {
      "name": "The Scientist and the Atheist: A Tale of Friendship and Faith",
      "content": [
        {
          "speaker": "Francis Collins",
          "speech": "So I had to look around in other places and ultimately came to my own conclusion that Atheism, which is where I had been, was the least supportable of the choices because it was the assertion of a universal negative which scientists aren't supposed to do. And agnosticism came as an attractive option but felt a little bit like a cop out. So I had to keep going trying to figure out why the believers actually believe this stuff and came to realize it was all pretty compelling that there is no proof, I can't prove to you or anybody else that God exists. But I can say it's pretty darn plausible and ultimately, what kind of God is it caused me to search through various religions and see well, what, what do people think about that? And to my surprise, encountered the person of jesus christ as unique in every possible way and answering a lot of the questions I couldn't otherwise answer. And somewhat kicking and screaming, I became a christian even though at the time as a medical student already interested in genetics, people predicted my head would then explode because these were incompatible worldviews. They really have not been for me.",
          "chapter_name": "The Scientist and the Atheist: A Tale of Friendship and Faith"
        },
        {
          "speaker": "Francis Collins",
          "speech": "I am so fortunate. I think that in a given day wrestling with an issue, It can have both the rigorous scientific component and it can have the spiritual component of COVID-19 is a great example. These vaccines are both an amazing scientific achievement and an answer to prayer. When I'm wrestling with vaccine hesitancy and trying to figure out what answers to come up with. I get so frustrated sometimes and I'm comforted , bye reassurances that God is aware of that this is",
          "chapter_name": "The Scientist and the Atheist: A Tale of Friendship and Faith"
        },
        {
          "speaker": "Francis Collins",
          "speech": "I don't have to do this alone. Um so I know there are people like your friend Sam Harris who feel differently. Sam wrote a rather famous op ed in the new york times when I was nominated as the NIH director saying this is a terrible mistake. You can't you can't you can't have somebody who believes in God running the N. I H he's just gonna completely ruin the place. Well, I have a testimonial Christopher, Hitchens, a devout atheist if I could say so, was a friend of yours and referred to you as quote, one of the greatest living americans and stated that you were one of the most devout believers he has ever met. He further stated that you were sequencing the genome of the cancer that would ultimately claim his life and that your friendship, despite their differing opinions on religion, was an example of the greatest armed truth in modern times. What did you learn from Christopher Hitchens about life or perhaps what is a fond memory you have of this man with whom you've disagreed, but who is also your friend? Yeah, I loved hitch, I'm sorry, he's gone iron sharpens iron. There's nothing better for trying to figure out where you are with your own situation and your own opinions, your own worldviews than in counting somebody who's completely in another space and who's got the gift as hitch did of challenging everything and doing so over a glass of scotch or two or three",
          "chapter_name": "The Scientist and the Atheist: A Tale of Friendship and Faith"
        }
      ]
    }
  ]
}