{
  "speakers": [
    "Lex Fridman",
    "Interviewer",
    "Sarma Melngailis"
  ],
  "episode_name": "288-sarma-melngailis-bad-vegan",
  "chapters": [
    {
      "name": "Raw Food Restaurant Rise and Fall: Sarma Galis' Story",
      "content": [
        {
          "speaker": "Lex Fridman",
          "speech": "the following is a conversation with Sarma melon Galis, a chef and restauranteur who was the subject of the netflix documentary, bad vegan fame, fraud and fugitives that documents the rise and fall of her vegan raw food restaurants in new york city. That ended in which she called a road trip from hell, being arrested in Tennessee. Her pleading guilty for stealing over $2 million and serving four months at Rikers Island jail. Sarma disputes the veracity of the documentary and its conclusions saying that she was misrepresented. So I wanted to talk to her to get the full story to seek understanding of who she is as a human being, the good and the bad and now a quick few second mention of the sponsor. Check them out in the description is the best way to support this podcast. We got mail gun for email campaigns by Optimizers, for health notion for startups, better help for stress management and eight sleep for sweet sweet naps choose wisely my friends and now onto the full agrees as always no ads in the middle. I hate those. I try to make these interesting, but if you skip them, please still check out the sponsors. I enjoy their stuff. Maybe you will too. This episode is brought to you by a male gun by cinch the leading email delivery service for businesses around the world.",
          "chapter_name": "Raw Food Restaurant Rise and Fall: Sarma Galis' Story"
        },
        {
          "speaker": "Lex Fridman",
          "speech": "But honestly it's not just for businesses because I've been using it forever and I love it. Uh has a really powerful api that you can use. Programmatically, which is how I've mostly used it. I don't know if that's how most people use it, but that's how I use it and it's it's really, really incredible. I've considered a lot of different options and this is the one I landed on a long time ago. So when they came around and said they actually want to sponsor this podcast, they're fans of the podcast. That was a that was an honor .",
          "chapter_name": "Raw Food Restaurant Rise and Fall: Sarma Galis' Story"
        },
        {
          "speaker": "Lex Fridman",
          "speech": "They have something called the send time optimization capability, which finds the best sentence for everyone on your list and delivers your message is when people are most likely to engage, discover how easy it is to connect with your customers or just with regular people. I'm not a big fan of the word customer. I know businesses use that word, I understand it. That's probably how you should think when you're running a business. But customers are humans too. So whether it's a customer or a human being and you want to send them an email programmatically or otherwise visit mail gun dot com to learn more. The next sponsor is by optimizers that have a new magnesium supplement when I fast or I'm doing keto or doing carnivore sodium potassium and magnesium are just essential.",
          "chapter_name": "Raw Food Restaurant Rise and Fall: Sarma Galis' Story"
        },
        {
          "speaker": "Lex Fridman",
          "speech": "And magnesium out of those three, I think is the trickiest one to get right. Andrew Huberman of the Huberman lab podcast talks a lot about it. I talked to him off line to here's a bunch of advice, some of which I remember some of which I'm just way too responsible and therefore forget anyway, I offload the, having to think about stuff by using a supplement that takes care of all the stuff on this front. It's called magnesium breakthrough from by Optimizers. Most supplements contain only one or two forms of magnesium like glycerin, it or site trait, those are the big sexy ones. But in reality there are at least seven that your body needs and benefits from if you want to get this right",
          "chapter_name": "Raw Food Restaurant Rise and Fall: Sarma Galis' Story"
        },
        {
          "speaker": "Lex Fridman",
          "speech": "and you don't have to think about it. Let the signs take over, make sure your body is operating correctly, whatever the heck kind of diet you're doing, go with mag breakthrough dot com slash lex and use code lex 10 for 10% off any order, that's lex 10 for 10% off any order.",
          "chapter_name": "Raw Food Restaurant Rise and Fall: Sarma Galis' Story"
        }
      ]
    },
    {
      "name": "Green Hair and Loneliness: Salma's World Perspective",
      "content": [
        {
          "speaker": "Lex Fridman",
          "speech": "This show is also brought to you by notion a note taking and team collaboration tool that all the cool kids are talking about and I don't mean that it's some kind of weird infomercial statement that actually legit is the case. Whenever I talk to developers whenever I talk to sort of productivity gurus that are trying to optimize their work life, which is true in the tech space through in the graduate students bass, where people just have so little time and so much on their plate that they're obsessed with optimization and so there you have to use the best note taking tool for the job and they all go to notion a notion does a lot of different things. It's just an incredible tool for the individual.",
          "chapter_name": "Green Hair and Loneliness: Salma's World Perspective"
        },
        {
          "speaker": "Lex Fridman",
          "speech": "But the thing they want me to tell you about is that it's also good for startups. It can provide a full on quote operating system for running every aspect of your company as it grows quickly. Notion is running a special offer just for startups. Get up to 1000 bucks off notions team plan by going to notion dot com slash startups to give you a sense that's almost a year of free notion for a team of 10 got a notion dot com slash startups. That's notion dot com slash startups. This episode is also brought to you by better help spelled HELP help.",
          "chapter_name": "Green Hair and Loneliness: Salma's World Perspective"
        },
        {
          "speaker": "Lex Fridman",
          "speech": "They figure out what you need to match you with a licensed professional therapists and under 48 hours. They actually sponsor a few podcasts that I really enjoy. It's always fun to listen to sort of the differences in the way the different podcasters do the reeds. I've recently got a chance to talk to bob lee who's this hilarious stand up comedian. Just hilarious, funny human.",
          "chapter_name": "Green Hair and Loneliness: Salma's World Perspective"
        },
        {
          "speaker": "Lex Fridman",
          "speech": "He hosts the tiger belly podcast and bad friends podcast and yeah, better help sponsors him and them. And uh those podcasts is uh they're definitely way sillier to me, I think talk therapy psychiatry in general has been um, a lifelong fascination anyway. Better help is online service that's easy, private, affordable available anywhere. You can check them out at Better help dot com slash lex for 10% off your first month. That's better help dot com slash lex. This episode is also brought to you by a sleep and its pod pro mattress. It controls temperature with a nap and it's packed with sensors and can cool down to as low as 55\u00b0 on each side of the bed separately. There are very few things in life that bring me as much happiness as a well timed power nap. And I have to be honest, the man I am at the beginning of the nap and the man I am after are just two different people. I just feel amazing.",
          "chapter_name": "Green Hair and Loneliness: Salma's World Perspective"
        },
        {
          "speaker": "Lex Fridman",
          "speech": "I feel refreshed even more refreshing. I am when I wake up in the morning. The joy the happiness I get from it is especially elevated when I'm on an eight sleep mattress. So it's cool with a warm blanket, just like when you have a cold ice cream with hot chocolate on top. The mixture between cool and warm is heaven. That's the best way I can put it. Any way you can go to eight sleep dot com slash lex to check out their prod pro cover and save 200 bucks at checkout .",
          "chapter_name": "Green Hair and Loneliness: Salma's World Perspective"
        },
        {
          "speaker": "Lex Fridman",
          "speech": "Eight sleep currently ships within the U. S . Of a Canada and the United Kingdom. That's a sleep dot com slash lex. This is the lex Fridman podcast to support it. Please check out our sponsors in the description and now Dear friends, Here's Salma Gonzalez. You said that you did a lot of reading when you were growing up and you mentioned fear and loathing in las Vegas by hunter? S Thompson. So from the reading you've done in those early days, how did you see the world?",
          "chapter_name": "Green Hair and Loneliness: Salma's World Perspective"
        },
        {
          "speaker": "Sarma Melngailis",
          "speech": "Was it to you a beautiful place or a cruel place? I don't think I thought about the world. You were focused on family just basic day to day life. I think I was focused on day to day, had an awareness of not fitting in. But I think back then it felt like something was wrong versus some people are just that way. And speaking of books I read a book called um party of one by a woman named Anneli Rufus that somebody gave me and suggested I read and that helped a lot. That was, that was one book that made me feel like it made me understand things from the past that I hadn't understood before, specifically kind of feeling out of place, even among my family, which is where you're not supposed to feel out of place. Yeah, I'm not sure where I saw it, but I think you mentioned that you were a bit of a loner and I also think I saw somewhere pictures of you with with green hair in high school and a wild haircut. Was that about?",
          "chapter_name": "Green Hair and Loneliness: Salma's World Perspective"
        },
        {
          "speaker": "Sarma Melngailis",
          "speech": "Is that is that real? Am I just imagining No, you're not imagining it. It's strange because I was kind of a loner. So it would be strange to do something that calls so much attention to yourself because back then, I mean I grew up in a suburb of boston um in Newton and anybody that was there around that time probably if you said you know that girl with green hair, blue hair was blue. Most of the time they would remember like seeing me walking down the street because it stood out like crazy, especially back then now it wouldn't stand out so much, but back then it really stood out . So I was trying to think about why I did that when I was kind of a kind of shy and on the one hand wouldn't want to bring attention to myself, but I did something that did um and it wasn't my family to their credit, they were fine with it, so it wasn't a rebellion against them or anything like that, they were fine with it, I don't think they loved it. But your dad was a physicist at M. I. T. Yes, so uh so he he was he was cool here with your green hair when your rebellion, that's just the way of life. He was fine with the green hair, but I think in some ways maybe they had to be fine with it because I didn't cause problems otherwise and I got good grades in school. I was a very low maintenance child, I think even with the green hair. Uh so Hunter?",
          "chapter_name": "Green Hair and Loneliness: Salma's World Perspective"
        }
      ]
    },
    {
      "name": "Protector: The Power of Love in 'Leon: The Professional'",
      "content": [
        {
          "speaker": "Sarma Melngailis",
          "speech": "S Thompson wrote a lot of good stuff, he has a lot of just brilliant quotes, a lot of brilliant lines. Um So one of the ones I love is life should not be a journey to the grave with the intention of arriving safely in a pretty and well preserved body, but rather to skid in broadside in a cloud of smoke, thoroughly used up, totally worn out and loudly proclaiming, wow, what a ride, What do you think about that? Is that good life advice from Hunter? S Thompson? I think so, I think he followed it right somewhere.",
          "chapter_name": "Protector: The Power of Love in 'Leon: The Professional'"
        },
        {
          "speaker": "Interviewer",
          "speech": "Um I heard recently what he consumed in a day and it was kind of astonishing. It's funny when I was in college, they were always really interesting people coming through speakers and whatnot, and I tended to not go to events and whatnot, but in the four years I was there, I mean really interesting people came through and gave talks, you know, I don't know, just a lot of famous people. And um but then one day, Hunter? S Thompson came to speak and it was the only one I attended was the only interesting person who came to speak on the campus that I attended was Hunter? S Thompson and he had a, you know, he had a glass of whatever it was, whiskey and I don't remember a whole lot about it, but it was, it was entertaining and yeah, I mean later in his life he started making less and less sense , but he was still somehow like embodying the crazy that he represented throughout his life, the boldness, this fearlessness, the wildness, all that kind of stuff.",
          "chapter_name": "Protector: The Power of Love in 'Leon: The Professional'"
        },
        {
          "speaker": "Interviewer",
          "speech": "And we'll talk about johnny Depp a little bit too funny enough. There's like a echo, obviously he johnny Depp played him or he started unloading and they hung out together and it just seemed to somehow like the universal rhymes in these two individuals, they're both mad men and in different kind of ways. So you also told me that leon the professional is one of your favorite films. It's also the reason you named your dog leon. So what do you find beautiful and powerful about this film? I've watched it a bunch of times, but it's been a while since I've watched it.",
          "chapter_name": "Protector: The Power of Love in 'Leon: The Professional'"
        },
        {
          "speaker": "Sarma Melngailis",
          "speech": "Um so for people who haven't watched it, there's a guy named leon played by john, you know, there's a Um a young girl 13 14 Matilda played by Natalie Portman and she's abused, She has a really hard life, Her parents are spoiler alert uh murdered and then she finds protection under this um fella uh leon who's also happens to be a professional assassin and he is also kind of a forrest gump type character, like he's a really simple, simple human. Um he almost, he seems to be like the immature one or like rather the one who is young and she seems to have a wisdom far beyond her age because of the hard life she had to live through and then, and then they're here huddling together from the cruelty of the world um in and finding connection. Yeah, I think it's one of those films where there's so many interesting things about it, but you know, I'm sure one of them is just the contradiction of him being a caring person and reluctant to get attached to her. You know, he tries to , I think he knows he's he's very reluctant to get attached to her in the beginning. Um and so you see all of his humanity , but yet he's also an assassin that kills people. So um that's interesting",
          "chapter_name": "Protector: The Power of Love in 'Leon: The Professional'"
        },
        {
          "speaker": "Interviewer",
          "speech": "and I think probably a psychoanalyst would have a field day with why I like that so much. Um and I haven't , I haven't gone there myself, but there's something I think about she, even in the brief part that depicts her in the beginning, it seems clear that she's sort of out of place in her family. Um and um and then yeah, there's all kinds of interesting things about their relationship along the way, what I like about that movie and I had to think about it recently because I've read stuff about it that bothered me or it bothered me the fact that I haven't really thought about it before for people haven't watched the movie. So here's a young underage girl who kind of comes on to him. First of all, I think she actually just doesn't know what like familiar love is. So this is the only way she knows how to express love. That's one and two is, you know, a lot of bad people in this world would take advantage of that, right?",
          "chapter_name": "Protector: The Power of Love in 'Leon: The Professional'"
        },
        {
          "speaker": "Interviewer",
          "speech": "And the fact that um she finally met a human being who doesn't and is just there to protect her. That's a real sort of um I don't know, a powerful statement of what it means to be sort of like a father figure, I suppose a protector. So that that to me, I I love the idea of being sort of the protector. That there's something like uh something worthwhile in this world to protect amidst all the cruelty that's all around. That's that's a beautiful kind of you're basically saving this young humans or you're repairing this young humans path to love to real love in life. Because that idea of love was destroyed for her just family. Everything is is everything is uh sort of everything around is broken . And he's kind of repairing it by reestablishing what that kind of love can be. I don't know.",
          "chapter_name": "Protector: The Power of Love in 'Leon: The Professional'"
        },
        {
          "speaker": "Interviewer",
          "speech": "And the plant they they saved the plant also. Well there's also just a simple the simplicity of the film. Just some cinematic perspective is beautiful , the music, the way it looks, the minimalism, even the violence was beautiful. Yeah, violence. It was over the top and also the bad guy, the bad cop played by um Gary Oldman. Yeah, I think he was listening to Beethoven or something like that and you're taking some sort of pills and drugs and some kind and uh so there was a kind of like, like like it's part of the orchestra.",
          "chapter_name": "Protector: The Power of Love in 'Leon: The Professional'"
        },
        {
          "speaker": "Sarma Melngailis",
          "speech": "Like the violence was part of the of some kind of musical creation. Yeah . It's interesting because I turn away from violence or films usually that have violence or tv or anything that has that sort of um element to it except in certain cases where um where the violence is beautiful. Yeah. Yeah. Or um did you see the movie True Romance?",
          "chapter_name": "Protector: The Power of Love in 'Leon: The Professional'"
        },
        {
          "speaker": "Interviewer",
          "speech": "Uh Yes, that's my second favorite movie. Okay that's probably my favorite movie. Oh well interesting. That's my second favorite movie. Um that's that's a more simple kind of love but also with the violence that is beautiful you could say. Yeah. And my um my favorite scene is the one with Patricia Arquette and James Gandolfini. Oh",
          "chapter_name": "Protector: The Power of Love in 'Leon: The Professional'"
        }
      ]
    }
  ]
}