{
  "speakers": [
    "Lex Fridman",
    "Ray Kurzweil"
  ],
  "episode_name": "321-ray-kurzweil-singularity-superintelligence-and-immortality",
  "chapters": [
    {
      "name": "Ray Kurzweil's Optimistic View of Human Civilization",
      "content": [
        {
          "speaker": "Lex Fridman",
          "speech": "the following is a conversation with Ray Kurzweil, author, inventor and futurist who has an optimistic view of our future as a human civilization predicting that exponentially improving technologies will take us to a point of a singularity beyond which super intelligent artificial intelligence will transform our world in nearly unimaginable ways. 18 years ago in the book singularity is near, He predicted that the onset of the singularity will happen in the year 2045. He still holds to this prediction and estimate. In fact he's working on a new book on this topic that will hopefully be out next year And now a quick second mention of the sponsor. Check them out in the description. It's the best way to support this podcast. We got Shopify for e commerce net Suite for business management software lin owed for Linux systems masterclass for online learning and indeed for hiring, choose wisely my friends and now onto the full ad reads as always no ads in the middle. I try to make this interesting but if you skip them, please still check out our sponsors. I enjoy their stuff. Maybe you will too. This show is brought to you by Shopify, a platform designed for anyone to sell anywhere with a great looking online store that brings you idea to life and tools to manage day to day operation. I am so long overdue on merch as a fan of a lot of people and podcasts and shows and stuff like that.",
          "chapter_name": "Ray Kurzweil's Optimistic View of Human Civilization"
        },
        {
          "speaker": "Lex Fridman",
          "speech": "I love getting their merch. It's a cool way to just celebrate the thing you love shop provides an exemplary company in this whole space. It seems like a fun thing to do. Merch is fun. And so anyway, Shopify is a platform that enables that kind of thing. Super easy, very easy to set up, very easy to buy from. That's why what is it?",
          "chapter_name": "Ray Kurzweil's Optimistic View of Human Civilization"
        },
        {
          "speaker": "Lex Fridman",
          "speech": "1.7 million entrepreneurs use it. That's wild. Get a free trial and full access to Shopify his entire suite features when you sign up at Shopify dot com slash lex, that's all lower case Shopify dot com slash lex. The show is also brought to you by net suite and all in one cloud business management system and manages financials, human resources, inventory, e commerce and many business related details. I talked to a lot of people that run large and medium sized and small companies, a lot of them are becoming good friends of mine. It's just clear to me that running a company at every stage of it from start up, when it's just you one founder or co founder to when it's many thousands of people, it's just so complicated. There's so many things involved, so many more things than just the kind of engineering or the brainstorming or the idea development or product development, that kind of stuff and that's the stuff I love of course, but you have to get everything else right to like from, from the human resource, from the hiring process. The hiring process alone is just so fascinating . So whatever sort of machinery of running a business you need to get right, you should use the best tool for the job. That's what net suite is.",
          "chapter_name": "Ray Kurzweil's Optimistic View of Human Civilization"
        },
        {
          "speaker": "Lex Fridman",
          "speech": "You can go to net suite dot com slash flex to access their one of a kind financing program. This episode is also brought to you by lin owed Linux virtual machines. I mean the best operating system, the best interface in terms of cloud compute I've ever used is lin owed the best operating system is what else do you want from life Friends? The best operating system in the best cloud service. That makes it super easy.",
          "chapter_name": "Ray Kurzweil's Optimistic View of Human Civilization"
        },
        {
          "speaker": "Lex Fridman",
          "speech": "You can create as many machines as you want . You can get your computer infrastructure for a small project for a huge project. You can develop, you can deploy any scale. It works. Uh there's also really good customer service, 24 7 all days of the year. It's a lower cost than AWS. But uh, I mean so many things I just love including the interface.",
          "chapter_name": "Ray Kurzweil's Optimistic View of Human Civilization"
        },
        {
          "speaker": "Lex Fridman",
          "speech": "Just the little things, the little things about the online to face managing the computers, this is creating new ones, monitoring them, just everything. The whole thing, Super intuitive. I love it, visit leno dot com slash lex for free credit. This show is brought to you by master class $180 a year gets you an all access pass to watch courses from the best people in the world and their respective disciplines. The list here. Friends is ridiculous. I can mention a few, A few of the ones I've listened to and there's actually a few, I'm not going to mention that I've listened to that are amazing as well.",
          "chapter_name": "Ray Kurzweil's Optimistic View of Human Civilization"
        },
        {
          "speaker": "Lex Fridman",
          "speech": "But chris Hadfield Neil degrasse, Tyson will write on gaming Carlos, Santana, probably my favorite guitar player, Garry Kasparov and chess. Daniel Negreanu, Daniel Negreanu on poker and Daniel Negreanu is soon going to be a guest martin. If there's a person that's a dream guest on this podcast is probably martin Scorsese, he's definitely up there. If you want to learn about a thing, learn it from the best people in the world period, not the best educators of a thing, but the best doers of the thing Anyway.",
          "chapter_name": "Ray Kurzweil's Optimistic View of Human Civilization"
        }
      ]
    },
    {
      "name": "The Singularity: Ray Kurzweil's Prediction and Controversy",
      "content": [
        {
          "speaker": "Lex Fridman",
          "speech": "I highly recommend you, check it out, get unlimited access to every master class and get 15% off an annual membership at masterclass dot com slash lex. This show is brought to you by indeed hiring website.",
          "chapter_name": "The Singularity: Ray Kurzweil's Prediction and Controversy"
        },
        {
          "speaker": "Lex Fridman",
          "speech": "I've used them many times for many hiring efforts. I've done in the past, by the way. I'm currently using them for a large number of hiring I'm doing and you should visit lex Friedman dot com slash hiring. Have a bunch of job posts there or you can go through indeed have the post up there as well Anyway, doesn't matter. The point is this is the best tool for the job of hiring.",
          "chapter_name": "The Singularity: Ray Kurzweil's Prediction and Controversy"
        },
        {
          "speaker": "Lex Fridman",
          "speech": "It does the first step really well, which is getting you the first batch of quality candidates I think they call it indeed instant match. They sort of basically match the resumes to the job description and give you a really nice initial pool and then help you flip through that pool down. I mean the whole process from the beginning pool to the end perfect candidate that will make your life a beautiful flourishing experience. They help you out with that. Indeed, has a special offer only available for a limited time. Check it out at indeed dot com slash lex. This is the lex Friedman podcast. To support it.",
          "chapter_name": "The Singularity: Ray Kurzweil's Prediction and Controversy"
        },
        {
          "speaker": "Ray Kurzweil",
          "speech": "Please check out our sponsors in the description and now dear friends, here's Ray Kurzweil in your 2005 book titled The singularity is near you predicted that the singularity will happen in 2045. So now, 18 years later, do you still estimate that the singularity will happen on 2045 maybe first, what is the singularity? The technological singularity? And when will it happen ? Singularity is what computers really change? Our view of what's important and change who we are. But we're getting close to some salient things that will change who we are. The key thing is 2029 when computers will pass the turing test and there's also some controversy whether the turing test is valid.",
          "chapter_name": "The Singularity: Ray Kurzweil's Prediction and Controversy"
        },
        {
          "speaker": "Ray Kurzweil",
          "speech": "I believe it is. Uh Most people do believe that but there's some controversy about that. But stanford got very alarmed at my prediction about 2029 I made this in 1999 in my book the age of spiritual machines and then you repeated the prediction in 2005, 2000 five. So they held international conference, you might have been aware of it of Ai experts in 1999 to assess this view. So people gave different predictions and they took a poll was really the first time that Ai experts worldwide were polled on this prediction. Uh and the average poll was 100 years, 20% believed it would never happen . And that was the view in 1999 80 percent believed it would happen but not within their lifetimes. There's been so many advances in ai uh that the poll of ai experts has come down over the years . So a year ago something called Meticulous which may be aware of assesses different types of experts on the future. They again assessed what Ai experts then felt and they were saying 2042 for the turning test. So it's coming down",
          "chapter_name": "The Singularity: Ray Kurzweil's Prediction and Controversy"
        },
        {
          "speaker": "Ray Kurzweil",
          "speech": "and I was still saying 2029 a few weeks ago again did another poll and it was 2030. So a experts now basically agree with me, I haven't changed at all, I've stayed with 2029. Um and the experts now agree with me but they didn't agree at first. So alan turing formulated the turing test and right now what he said was very little about it. I mean the 1950 paper where he had articulated the turing test, he is like a few lines that uh talk about the turing test um and it really wasn't very clear how to administer it and and he said if if they did it in like 15 minutes that would be sufficient, which I don't really think is the case. These large language models. Now. Some people are convinced by it already, I mean you can talk to it and have a conversation with you and you can actually talk to it for hours.",
          "chapter_name": "The Singularity: Ray Kurzweil's Prediction and Controversy"
        },
        {
          "speaker": "Ray Kurzweil",
          "speech": "Um So it requires a little more depth. There's some problems with large language models which we can talk about. Um But some people are convinced by the turing test. Now , if somebody passes the turing test, what what are the implications of that? Does that mean that they're sentient? They're conscious or not, it's not necessarily clear what the implications are. Anyway, I believe 2029 that's 67 years from now.",
          "chapter_name": "The Singularity: Ray Kurzweil's Prediction and Controversy"
        },
        {
          "speaker": "Ray Kurzweil",
          "speech": "Uh We'll have something that passes the turing test and a valid during test meaning it goes for hours, not just a few minutes, please speak to that a little bit. What is your formulation of the touring test? You've proposed a very difficult version of the turing test . So what what does that look like basically? It's just to assess it over several hours. Um and also have a human judge that's fairly sophisticated on what computers can do and can't do Um If you take somebody who's not that sophisticated or even a average engineer, uh they may not really assess various aspects of it. So you really want the human to challenge the system exactly, exactly on its ability to do things like common sense reasoning. Perhaps that's actually a key problem with large language models. They don't do uh these kinds of um tests that would involve assessing chains of reasoning. Um but you can lose track of that.",
          "chapter_name": "The Singularity: Ray Kurzweil's Prediction and Controversy"
        },
        {
          "speaker": "Ray Kurzweil",
          "speech": "If you if you talk to them, they actually can talk to you pretty well and you can be convinced by it, but it's somebody that would really convince you that it's a human, uh whatever that takes, maybe it would take days or weeks. Um but it would really convince you that it's human. Um Large language models uh can appear that way. You can read conversations and that they appear pretty good. There are some problems with it.",
          "chapter_name": "The Singularity: Ray Kurzweil's Prediction and Controversy"
        },
        {
          "speaker": "Ray Kurzweil",
          "speech": "It doesn't do math very well. You can ask how many legs did 10 elephants have, and they'll tell you, well, okay, each elephant has four legs and 10 elephants. So it's 40 legs. And you go, okay, that's pretty good. How many legs do 11 elephants have? And they don't seem to understand the question.",
          "chapter_name": "The Singularity: Ray Kurzweil's Prediction and Controversy"
        }
      ]
    },
    {
      "name": "Consciousness Debate: Human vs Machine",
      "content": [
        {
          "speaker": "Ray Kurzweil",
          "speech": "Do all humans understand that question? No, that's the key thing. I mean how advanced the human do you want it to be, But we do we do expect a human to be able to do multi chain reasoning to be able to take a few facts and put them together. Not perfectly. We see that you know in a lot of polls that people don't do that perfectly at all. But um so it's not it's not very well defined but it's it's something where it really would convince you that it's human is your intuition that large language models will not be solely the kind of system that passes the turing test in 2029. We need something.",
          "chapter_name": "Consciousness Debate: Human vs Machine"
        },
        {
          "speaker": "Ray Kurzweil",
          "speech": "No, I think it will be a large language model but they have to go beyond what they're doing now . I think we're getting there. And and another key issue is if somebody actually passes the turing test validly, I would believe their conscious and not everybody would say that's okay, we can pass the turing test but we don't really believe that it's conscious, that's a whole nother issue . Um But if it really passes the turing test, I would believe that it's conscious. But I don't believe that of large language models today. If it appears to be conscious, that's as good as being conscious. At least for you in some in some sense.",
          "chapter_name": "Consciousness Debate: Human vs Machine"
        },
        {
          "speaker": "Ray Kurzweil",
          "speech": "I mean consciousness is not something that's scientific. I mean I believe you're conscious but it's really just a belief and we believe that about other humans that that at least appear to be conscious um When you go outside of shared human assumption like animals conscious. Some people believe they're not conscious. Some people believe they are conscious and would a machine that acts just like a human be conscious. I mean, I believe it would be, but but that's really a philosophical belief.",
          "chapter_name": "Consciousness Debate: Human vs Machine"
        },
        {
          "speaker": "Ray Kurzweil",
          "speech": "It's not, you can't prove it. I can't take an entity and prove that it's conscious. There's nothing that you can do that would be that would indicate that it's like saying a piece of art is beautiful. You can say it multiple people can experience, a piece of art is beautiful, but you can't prove it. But it's also an extremely important issue. I mean, imagine if you had something with nobody is conscious , the world may as well not exist .",
          "chapter_name": "Consciousness Debate: Human vs Machine"
        },
        {
          "speaker": "Lex Fridman",
          "speech": "Um and so some people like say Marvin Minsky um said, well consciousness is not logical, it's not scientific and therefore we should dismiss it. And any and any talk about consciousness is just not to be believed. But when he actually engaged with somebody who was conscious, he actually acted as if they were conscious. He didn't ignore that . He acted as if consciousness does matter exactly where as he said, it didn't matter. Well that's Mara Minsky, he's full of contradictions, but that's true of of a lot of people as well. Um But do you, consciousness matters.",
          "chapter_name": "Consciousness Debate: Human vs Machine"
        },
        {
          "speaker": "Ray Kurzweil",
          "speech": "But to me it's very important. But but I would say it's not a scientific issue. It's a philosophical issue and people have different views and some people believe that anything that makes the decision is conscious. So your light switches conscious, it's level of consciousness is low, it's not very interesting but but that's a consciousness uh and anything so a computer that makes a more interesting decision. Still not at human levels, but it's also conscious and at a higher level than your light switch. Uh So that's one view.",
          "chapter_name": "Consciousness Debate: Human vs Machine"
        },
        {
          "speaker": "Lex Fridman",
          "speech": "Uh There's many different views of what consciousness is. So a system passes the turing test, it's not scientific. But uh in issues of philosophy , things like ethics start to enter the picture. Do you think there would be?",
          "chapter_name": "Consciousness Debate: Human vs Machine"
        }
      ]
    },
    {
      "name": "The Rise of Conscious Machines: 2029 and Beyond",
      "content": [
        {
          "speaker": "Ray Kurzweil",
          "speech": "We would start contending as a human species about the ethics of turning off such a machine. Yeah, I mean that's definitely come up, hasn't come up in reality yet but yet, but I'm talking about 2029 that's not that many years from now.",
          "chapter_name": "The Rise of Conscious Machines: 2029 and Beyond"
        },
        {
          "speaker": "Lex Fridman",
          "speech": "Um And so what are our obligations to it? Uh It has a different I mean a computer that's conscious, it has a little bit different uh connotations than a human. Um We have a continuous consciousness. We're in an entity that does not last forever . Um Now actually a significant portion of humans still exist and are therefore still conscious. Um But anybody who is over a certain age doesn't exist anymore. That wouldn't be true of a computer program, you could completely turn it off and a copy of it could be stored and you could recreate it and so it has a different type of validity.",
          "chapter_name": "The Rise of Conscious Machines: 2029 and Beyond"
        },
        {
          "speaker": "Ray Kurzweil",
          "speech": "Uh you can actually take it back in time. You could eliminate its memory and have it go over again. I mean it has a different kind of connotation than humans do. Well perhaps you can do the same thing with humans. It's just that we don't know how to do that yet.",
          "chapter_name": "The Rise of Conscious Machines: 2029 and Beyond"
        },
        {
          "speaker": "Ray Kurzweil",
          "speech": "It's possible that we figure out all of these things on the machine first. But that doesn't mean the machine isn't conscious. I mean if you look at the way people react say three C. P. O. Or other uh machines that are conscious in movies uh they don't actually present how it's conscious but we see that they are a machine and people will believe that they are conscious and they'll actually worry about it if they get into trouble and so on. So 2029 is going to be the first year when a major thing happens and that that will shake our civilization to start to consider the role of a. I I mean this one guy google claimed that the machine was conscious. That's just one person so it starts to happen to scale. Well that's exactly right because most people have not taken that position.",
          "chapter_name": "The Rise of Conscious Machines: 2029 and Beyond"
        },
        {
          "speaker": "Ray Kurzweil",
          "speech": "I don't take that position. I mean I've used uh different things um like this and they don't appear to to me to be conscious as we eliminate various problems of of these large language models more and more people will accept that they're conscious. So when we get to 2029 more uh I think a large fraction of people will believe that they're conscious. Uh So it's not gonna happen all at once. Uh I believe that would actually happen gradually and it's already started to happen.",
          "chapter_name": "The Rise of Conscious Machines: 2029 and Beyond"
        },
        {
          "speaker": "Ray Kurzweil",
          "speech": "And so that takes us one step closer to the singularity. Another step then is in the twenties thirties when we can actually connect our neocortex, which is where we do our thinking to computers. And I mean, just as this actually gains a lot to being connected to computers that will amplify its abilities. I mean if this did not have any connection , it would be pretty stupid. It could not answer any of your questions if you're just listening to this. By the way, race holding up the the all powerful uh smartphone. So we were gonna do that directly from our brains.",
          "chapter_name": "The Rise of Conscious Machines: 2029 and Beyond"
        },
        {
          "speaker": "Ray Kurzweil",
          "speech": "I mean, these are pretty good. These already have amplified our intelligence. I'm already much smarter than I would otherwise be if I didn't have this. Because I remember when I first spoke the age of intelligent machines. Um there was no way to get information from computers. I actually would go to a library, find the book, find the page that had an information I wanted and I go to the copier and my most significant uh information tool was a roll of quarters where I could feel the the copier. So we're already greatly advanced that we have these things, there's a few problems with it .",
          "chapter_name": "The Rise of Conscious Machines: 2029 and Beyond"
        },
        {
          "speaker": "Ray Kurzweil",
          "speech": "First of all , I I constantly put it down and I don't remember where I put it. I've actually never lost it, but you have to find it and then you have to turn it on. So there's a certain amount of steps.",
          "chapter_name": "The Rise of Conscious Machines: 2029 and Beyond"
        }
      ]
    },
    {
      "name": "Brain-Cloud Connections: Ray Kurzweil's Vision of the Future",
      "content": [
        {
          "speaker": "Ray Kurzweil",
          "speech": "It would actually be quite useful if someone would just listen to your conversation. And so uh oh, that's, you know, so and so actress and tell you what you're talking about. So going from active to passive where it just permeates your whole life. Yeah, exactly. The way your brain does when you're awake, your brain is always there right now, that's something that could actually just just about be done today, we would listen to your conversation, understand what you're saying, I understand what you're not missing and give you that information.",
          "chapter_name": "Brain-Cloud Connections: Ray Kurzweil's Vision of the Future"
        },
        {
          "speaker": "Ray Kurzweil",
          "speech": "But another step is to actually go inside your brain. Uh and there are some prototypes where you can connect your brain. They actually don't have the amount of bandwidth that we need. They can work, but they work fairly slowly. So if if it actually would connect to your neocortex and the neocortex, which describing how to create a mind. The neocortex is actually uh it has different levels and as you go up the levels, it's kind of like a pyramid, The top level is fairly small and that's the level where you want to connect uh these brain extenders. Um So I believe that will happen in the 20 thirties.",
          "chapter_name": "Brain-Cloud Connections: Ray Kurzweil's Vision of the Future"
        },
        {
          "speaker": "Ray Kurzweil",
          "speech": "Well, actually, so just the way this is greatly amplified by being connected to the cloud. We can connect our own brain to the cloud and uh just do what we can do by using this machine. Do you think it would look like the brain computer interface of like neuralink? So would it be, Well, never like it's an attempt to do that. It doesn't have the bandwidth that we need. Um Right, right. But I think, I mean they're going to get permission for this because there are a lot of people who absolutely need it because they can't communicate. And I know a couple of people like that who have ideas and they cannot they don't they cannot move their muscles and so on. They can't communicate . Uh So for them this would be very valuable.",
          "chapter_name": "Brain-Cloud Connections: Ray Kurzweil's Vision of the Future"
        },
        {
          "speaker": "Ray Kurzweil",
          "speech": "But we could all use it basically. It would be uh turn us into something that would be like we have a phone, but it would be in our minds, it would be kind of instantaneous and maybe communication between two people would not require this low bandwidth mechanism of language. Yes, exactly. We don't know what that would be, although we do know that uh computers can share information like language instantly. They can share many, many books in in a second. So we could do that as well if you look at what our brain does, it actually can manipulate different parameters.",
          "chapter_name": "Brain-Cloud Connections: Ray Kurzweil's Vision of the Future"
        },
        {
          "speaker": "Ray Kurzweil",
          "speech": "So we we talk about these large language models um I mean I had written that uh it requires a certain amount of information in order to be effective and that we would not see a I really being effective until it got to that level. And we had large language models, there were like 10 billion bytes didn't work very well. They finally got to 100 billion bytes and now they work fairly well . And now we're going to a trillion bytes, if you say uh lambda has 100 billion bytes, What does that mean? Well what if you had something that had one bite, 11 parameter?",
          "chapter_name": "Brain-Cloud Connections: Ray Kurzweil's Vision of the Future"
        },
        {
          "speaker": "Ray Kurzweil",
          "speech": "Maybe you want to tell whether or not something is uh an elephant or not. And so you put in something that would detect its trunk , it has a trunk, it's an elephant. If it doesn't have a trunk it's not an elephant that would work fairly well. There's a few problems with it. Um and it really wouldn't be able to tell what the trunk is. But anyway and maybe other things other than elephants have trunks. You might get really confused exactly. I'm not sure which animals have trunks, but you know how do you define a trunk? But yeah that's one parameter . You,",
          "chapter_name": "Brain-Cloud Connections: Ray Kurzweil's Vision of the Future"
        }
      ]
    },
    {
      "name": "AI-Human Brain Merger: Simulating Biology & Medical Breakthroughs",
      "content": [
        {
          "speaker": "Ray Kurzweil",
          "speech": "okay so these things have 100 billion parameters. So they're able to deal with very complex issues. All kinds of trunks. Human beings actually have a little bit more than that. But they're getting to the point where they can emulate humans. Um If we were able to connect this to our neocortex we would basically add more of these abilities to make distinctions and it could ultimately be much smarter and also be attached to information that we feel is reliable .",
          "chapter_name": "AI-Human Brain Merger: Simulating Biology & Medical Breakthroughs"
        },
        {
          "speaker": "Ray Kurzweil",
          "speech": "Um So that's where we're headed. So you think that there will be a merger in the thirties, an increasing amount of merging between the human brain and the Ai brain. Exactly. And and the Ai brain is really an an emulation of human beings. I mean that's why we're creating them because human beings act the same way and this is basically to amplify them. I mean this amplifies our brain. Um it's a little bit clumsy to interact with",
          "chapter_name": "AI-Human Brain Merger: Simulating Biology & Medical Breakthroughs"
        },
        {
          "speaker": "Ray Kurzweil",
          "speech": "but it definitely, you know way beyond what we had 15 years ago. But the implementation becomes different just like a bird versus the airplane. The even though the Ai brain is an emulation, it starts adding features we might not otherwise have like ability to consume a huge amount of information quickly. Like look up thousands of Wikipedia articles in one take Exactly . We can get for example issues like simulated biology where it can uh simulate many different things at once. Um We already had one example of simulated biology which is the Moderna vaccine.",
          "chapter_name": "AI-Human Brain Merger: Simulating Biology & Medical Breakthroughs"
        },
        {
          "speaker": "Ray Kurzweil",
          "speech": "Um and and that's gonna be now the way in which we create uh medications but they were able to simulate what each example of an M. RNA would do to a human being. And they were able to simulate that quite reliably. And we actually simulated billions of different M. RNA sequences and they found the ones that they were the best and they created the vaccine and they did and talked about doing it quickly. They did that in two days.",
          "chapter_name": "AI-Human Brain Merger: Simulating Biology & Medical Breakthroughs"
        },
        {
          "speaker": "Ray Kurzweil",
          "speech": "How long would a human being take to to simulate billions of different sequences? And I don't know that we could do it at all, but it would take many years. They did it in two days. And one of the reasons that people didn't like vaccines, it's because it was done too quickly, it was done too fast. And they actually included the time it took to test it out which is 10 months. So they figured okay it took 10 months to create this actually, it took us two days and we also will be able to ultimately do the test in a in a few days as well because we can simulate how the body will respond to.",
          "chapter_name": "AI-Human Brain Merger: Simulating Biology & Medical Breakthroughs"
        },
        {
          "speaker": "Lex Fridman",
          "speech": "That's a little bit more complicated because the bodies has a lot of different elements and we have to simulate all of that . But that's coming as well. Ultimately we could create it in a few days and then test it in a few days and would be done. Uh and we can do that with every type of medical, you know, insufficiency that we have. So curing all diseases um improving certain functions of the body supplements, drugs for recreation, for health, for performance, for productivity, all that that's where we're headed because I mean right right now we are very inefficient way of creating these new medications. Um But we've already shown it and the Moderna vaccine is actually the best of the vaccines we've had. Uh and it literally took two days to create uh and we'll get to the point where we can test it out also quickly, are you impressed by alpha fold and uh the solution to the protein folding which essentially is simulating modeling this permanent building block of life which is a protein and its three D. Shape.",
          "chapter_name": "AI-Human Brain Merger: Simulating Biology & Medical Breakthroughs"
        },
        {
          "speaker": "Ray Kurzweil",
          "speech": "It's pretty remarkable that they can actually predict what the three D. Shape of these things are. But they did it with the same type of neural net, that one for example the globe test, it's all the same, it's all the same. They took that same thing and just changed the rules to chess. And within a couple of days it now played a master level of chess greater than any human being. Um And and the same thing then worked for alpha phone which no human had done. I mean human beings could do the best humans could maybe do 15 20% uh of figuring out what the shape would be and after a few takes it it ultimately did just about 100%. Do you still think the singularity will happen in 2045?",
          "chapter_name": "AI-Human Brain Merger: Simulating Biology & Medical Breakthroughs"
        },
        {
          "speaker": "Ray Kurzweil",
          "speech": "And what does that look like? You know what, once we can amplify our brain with computers directly, which will happen in the twenties thirties. That's gonna keep growing . And that's another whole theme, which is the exponential growth of computing power. Yeah.",
          "chapter_name": "AI-Human Brain Merger: Simulating Biology & Medical Breakthroughs"
        }
      ]
    },
    {
      "name": "Exponential Growth of Computing: 80 Years of Moore's Law",
      "content": [
        {
          "speaker": "Lex Fridman",
          "speech": "So looking at price performance of computation from 1939 to 2021. Right, So that starts with the very first computer actually created by german during World War Two. And you might have thought that that might be significant.",
          "chapter_name": "Exponential Growth of Computing: 80 Years of Moore's Law"
        },
        {
          "speaker": "Lex Fridman",
          "speech": "But actually the Germans didn't think computers were significant and they completely rejected it. And the second one is also the Zeus A two. And by the way, we're looking at a plot with the X axis being the year from 1935 to 2025 on the Y axis and log scale as competition per second, per constant dollar. So, dollar normalized the inflation and it's growing linearly on the log scale, which means it's growing exponentially. The third one was the british computer uh which the allies did take very seriously and it cracked the german code and enables the british to win the battle of Britain, which otherwise absolutely would not have happened if they hadn't cracked the code using that computer, but that's an exponential graph? So a straight line on that graph is exponential growth and you see 80 years of exponential growth. and I would say about every five years and this happened shortly before the pandemic people saying, well they call it moore's Law, which is not the correct because it's not all intel fact that started decades before intel was even created, it wasn't with transistors formed into a grid, it's not just transistor count or transistor size relays, then went to vacuum tubes, then went to individual transistors and and then to integrated circuits.",
          "chapter_name": "Exponential Growth of Computing: 80 Years of Moore's Law"
        },
        {
          "speaker": "Lex Fridman",
          "speech": "Um And integrated circuits actually starts like in the middle of this graph and it has nothing to do with Intel. Intel actually was a key part of this, but a few years ago they stopped making the fastest chips. Uh But if you take the fastest chip of any technology in that year you get this kind of graph and it's it's definitely continuing for 80 years. So you don't think moore's law broadly defined is dead, has been declared dead multiple times.",
          "chapter_name": "Exponential Growth of Computing: 80 Years of Moore's Law"
        },
        {
          "speaker": "Ray Kurzweil",
          "speech": "I don't like the term moore's law because it has nothing to do with more or with the intel . But yes, uh the exponential growth of computing is continuing uh has never stopped. I mean, it went through World War Two, it went through global recessions, it's just continuing. Um And if you continue that out along with software gains, which is all another issue. Um And they really multiply whatever you get from software games, you multiply by the computer gains you get faster and faster speed. Uh This is actually the fastest computer models that have been created . And that actually expands roughly twice a year, like every six months.",
          "chapter_name": "Exponential Growth of Computing: 80 Years of Moore's Law"
        },
        {
          "speaker": "Ray Kurzweil",
          "speech": "It expands by two. So we're looking at a plot from 2010 to 2022 on the X axis is the publication date of the model and the perhaps sometimes the actual paper associated with it and on the Y axis is training computing flops. And so basically this is looking at the increase in the not transistors but the computational power of neural networks. Yes. The computational power that created these models and that's doubled every six months which is even faster than transistor division. Yeah. Actually, since it goes faster than the amount of cost, this has actually become a greater investment to create these.",
          "chapter_name": "Exponential Growth of Computing: 80 Years of Moore's Law"
        }
      ]
    },
    {
      "name": "The Singularity: Exponential Cognitive Capabilities and the Future of Humanity",
      "content": [
        {
          "speaker": "Lex Fridman",
          "speech": "But at any rate, by the time you get to 2045 we'll be able to multiply our intelligence many millions fold. And this is very hard to imagine what that would be like.",
          "chapter_name": "The Singularity: Exponential Cognitive Capabilities and the Future of Humanity"
        },
        {
          "speaker": "Ray Kurzweil",
          "speech": "And that's the singularity where we can't even imagine, right? That's why we call it the singularity. The singularity in physics, something gets sucked into its singularity and you can't tell what's going on in there because no information can get out of it. There's various problems with that . But that's the idea it's it's too uh",
          "chapter_name": "The Singularity: Exponential Cognitive Capabilities and the Future of Humanity"
        },
        {
          "speaker": "Lex Fridman",
          "speech": "It's too much beyond what we can imagine. Do you think it's possible? We don't notice that what the singularity actually feels like is we just live through it with exponentially increasing uh cognitive capabilities and we almost because everything is moving so quickly. Don't aren't really able to introspect that our life has changed. Yeah, but I mean we will have that much greater capacity to understand things so we should be able to look back looking at history, understand history but we will need people basically like you and me to actually think about think about it.",
          "chapter_name": "The Singularity: Exponential Cognitive Capabilities and the Future of Humanity"
        },
        {
          "speaker": "Ray Kurzweil",
          "speech": "But we might be distracted by all the other sources of entertainment and fun because the exponential power of intellect is growing but also will be a lot of fun. Uh The the amount of ways you can have , you know, we already have a lot of fun with computer games and so on that are really quite remarkable. What do you think about the digital world the metaverse? Virtual reality ? Will that have a component in this or will most of our advancement being physical? Well that's a little bit like second life.",
          "chapter_name": "The Singularity: Exponential Cognitive Capabilities and the Future of Humanity"
        },
        {
          "speaker": "Lex Fridman",
          "speech": "Although the second life actually didn't work very well because it couldn't actually handle too many people. And I don't think the metaverse has come to being I think there will be something like that. It won't necessarily be from that one company. I mean there's gonna be competitors but yes, we're gonna live increasingly online and particularly when if our brains are online , I mean how could we not be online. Do you think it's possible that given this merger with ai most of our meaningful interactions will be in this virtual world? Most of our life, we fall in love, we make friends, we come up with ideas.",
          "chapter_name": "The Singularity: Exponential Cognitive Capabilities and the Future of Humanity"
        },
        {
          "speaker": "Ray Kurzweil",
          "speech": "We do collaborations, we have fun actually , know somebody who's marrying somebody that they never met. Uh I think they just met her briefly before the wedding, but she actually she actually fell in love with this other person, uh never having met them. Uh And I think it's I think the love is real, so that's a beautiful story, but do you think that story is one that might be experienced as opposed to by hundreds of thousands of people, but instead by hundreds of millions of people. I mean it really gives you appreciation for these virtual ways of communicating. Uh and if anybody can do it, then it's really not such a freak story. Uh So I think more and more people will do that, but that's turning our back on our entire history of evolution or the old days. We used to fall in love by holding hands and and sitting by the fire, that kind of stuff here , you're actually have five patents on where you can hold hands even if you're separated. Great.",
          "chapter_name": "The Singularity: Exponential Cognitive Capabilities and the Future of Humanity"
        },
        {
          "speaker": "Ray Kurzweil",
          "speech": "Um So the touch, the sense, it's all just senses, it's all just yeah, I mean it is, it's not just that you're touching someone or not, there's a whole way of doing it and it's very subtle and but ultimately we can emulate all of that . Are you excited by that future? Do you worry about that future? Mhm. I have certain worries about the future but not virtual touch. Well I agree with you.",
          "chapter_name": "The Singularity: Exponential Cognitive Capabilities and the Future of Humanity"
        },
        {
          "speaker": "Ray Kurzweil",
          "speech": "You describe six stages in the evolution of information processing in the universe as you started to describe. Can you maybe talk through some of those stages from the physics and chemistry to D. N. A. And brains and then to the to the very end to the very beautiful end of this process. It actually gets more rapid. So physics and chemistry, that's how we started. Um Beginning of the universe. We have lots of electrons and verse things traveling around. And and that took too many billions of years. Kind of jumping ahead here to kind of some of the last stages where we have things like love and creativity. It's really quite remarkable that that happens. But finally physics and chemistry created biology and D. N. A. And now you had actually one type of molecule that described the cutting edge of this process.",
          "chapter_name": "The Singularity: Exponential Cognitive Capabilities and the Future of Humanity"
        }
      ]
    },
    {
      "name": "Human-AI Merger vs. Replacement: Kurzweil's Perspective",
      "content": [
        {
          "speaker": "Ray Kurzweil",
          "speech": "Um And we go from physics and chemistry to biology and finally biology created brains. I mean not all not everything that's created by biology has a brain but eventually brains came along and all of this is happening faster and faster. Yeah it created an increasingly complex organisms. Another key thing is actually not just brains but our thumb uh Because because there's a lot of animals with brains, even bigger than humans, elephants have a bigger brain, whales have a bigger brain, but they have not created technology because they don't have a thumb. So that's one of the really key elements in the evolution of humans. This uh physical manipulator device that's useful for puzzle solving in the physical reality. So I could think I could look at a tree and go, oh, I could actually trip that branch down and eliminate the leaves and carve a tip on it, and I would create technology.",
          "chapter_name": "Human-AI Merger vs. Replacement: Kurzweil's Perspective"
        },
        {
          "speaker": "Lex Fridman",
          "speech": "Uh and you can't do that if you don't have a thumb. Um So uh thumbs and created technology and technology also had a memory, and now those memories are competing with the scale and scope of human beings and ultimately will go beyond it. And then we're gonna emerge human technology with uh with human intelligence and understand how human intelligence works, which I think we already do, and we're putting that into our human technology. So, create the technology inspired by our own intelligence. And then that technology supersedes us in terms of its capabilities and we ride along, Or do you, do you ultimately see as we ride along? But a lot of people don't see that .",
          "chapter_name": "Human-AI Merger vs. Replacement: Kurzweil's Perspective"
        },
        {
          "speaker": "Ray Kurzweil",
          "speech": "They say, well, you've got humans and you've got machines and there's no way we can ultimately compete with humans, and you can already see that lisa doll who's like the best go player in the world says he's not gonna play go anymore, because playing go for human, that was like the ultimate in intelligence because no one else could do that. Uh But now a machine can actually go way beyond him. And so he says, well there's no point playing it anymore. That may be more true for games than it is for life . I think there's a lot of benefit to working together with Ai in regular life. So if you were to put a probability on it, is it more likely that we merge with Ai or AI replaces us? A lot of people just think computers come along and they compete with them. We can't really compete and that's the end of it . Uh As opposed to them increasing our abilities.",
          "chapter_name": "Human-AI Merger vs. Replacement: Kurzweil's Perspective"
        },
        {
          "speaker": "Lex Fridman",
          "speech": "And if you look at most technology, it it increases our abilities. Um I mean look at the history of work, look at what people did 100 years ago, Does any of that exist anymore? People, I mean if you were to predict that all of these jobs would go away and would be done by machines. People say , well that's gonna be, no one's gonna have jobs and it's gonna be massive unemployment. Um But I show in this book that's coming out uh the amount of people that are working, even as a percentage of the population has gone way up. We're looking at the X. Axis year from 17 74 to 2024. And on the Y axis.",
          "chapter_name": "Human-AI Merger vs. Replacement: Kurzweil's Perspective"
        },
        {
          "speaker": "Ray Kurzweil",
          "speech": "Personal income per capita in constant dollars. And it's growing super linearly. I mean it's 2021 constant dollars and it's gone way up. That's not what you would predict, given that we would predict that all these jobs would go away. But the reason it's gone up is because we basically enhanced our own capabilities by using these machines as opposed to them just competing with us. That's a key way in which we're going to be able to become far smarter than we are now by increasing the number of different parameters we can consider in making a decision. I was very fortunate, I am very fortunate to be able to get a glimpse preview of your upcoming book, uh singularities nearer. And uh one of the themes outside of just discussing the increasing exponential growth of technology.",
          "chapter_name": "Human-AI Merger vs. Replacement: Kurzweil's Perspective"
        },
        {
          "speaker": "Ray Kurzweil",
          "speech": "One of the themes is that things are getting better in all aspects of life. And you talk just about just about this. So one of the things you're saying is with jobs. So, let me just ask about that there is a big concern that automation especially powerful ai will get rid of jobs. There are people who lose jobs. And as you were saying, the senses throughout history of the 20th century, automation did not do that ultimately. And so the question is, will this time be different.",
          "chapter_name": "Human-AI Merger vs. Replacement: Kurzweil's Perspective"
        }
      ]
    },
    {
      "name": "Will Life Improve with Super Intelligence Systems?",
      "content": [
        {
          "speaker": "Ray Kurzweil",
          "speech": "Right, That is the question will, will this time be different . And it really has to do with how quickly we can merge with this type of intelligence uh with a lambda or GPT three is out there",
          "chapter_name": "Will Life Improve with Super Intelligence Systems?"
        },
        {
          "speaker": "Lex Fridman",
          "speech": "and maybe it's overcome some of its, you know, key problems. Uh and we really have an enhanced human intelligence, that might be a negative scenario. Um But I mean that's that's why we create technologies to enhance ourselves. Uh and I believe we will be enhanced, we're not just gonna sit here with uh 300 million uh modules in our neocortex, we're gonna be able to go beyond that um because that's useful, but we can multiply that by 1,000,000 million. Um And you might think, well, what's the point of doing that? It's like asking somebody that's never heard music well, what's the value of music? I mean, you can't appreciate it until you've created it. There's some worry that there will be a wealth disparity , you know, class or wealth disparity, only the rich people will be basically the rich people will first have access to this kind of thing.",
          "chapter_name": "Will Life Improve with Super Intelligence Systems?"
        },
        {
          "speaker": "Ray Kurzweil",
          "speech": "And then because of this kind of thing, because the ability to merge will get richer exponentially faster. And I say that's just like cellphones, I mean, there's like four billion cell phones in the world today. In fact, when cell phones first came out, you had to be fairly wealthy, they weren't very inexpensive, she had to have some wealth in order to afford them . There were these big sexy phones and they didn't work very well, They did almost nothing. So you can only afford these things if you're wealthy at a point where they really don't work very well. So um so achieving scale is and making it inexpensive as part of making the thing work well.",
          "chapter_name": "Will Life Improve with Super Intelligence Systems?"
        },
        {
          "speaker": "Ray Kurzweil",
          "speech": "Exactly. So these are not totally cheap , but they're pretty, pretty cheap. Uh you can get them for a few $100 especially given the kind of things that provides for you . There's a lot of people in the third world that have very little, but they have a smartphone. Yeah, absolutely. And the same will be true with a I I mean I see homeless people have their own cell phones and yeah, so your senses any kind of advanced technology will take the same trajectory right, ultimately becomes cheap and will be affordable.",
          "chapter_name": "Will Life Improve with Super Intelligence Systems?"
        },
        {
          "speaker": "Ray Kurzweil",
          "speech": "Uh I probably would not be the first person to put uh something in my brain to connect to computers um because I think it will have limitations, but once it's really perfected and at that point it'll be pretty inexpensive. I think it'll be pretty affordable. So in which other ways as you outline your book is life getting better? Because I think, well, I have I mean, I have 50 charts in there. Yeah. Where everything is getting better . I think there's a kind of cynicism about um like even if you look at extreme poverty, for example, for example, this is actually a poll taken on extreme poverty and the people were asked his poverty gotten better or worse and the options are increased by 50% increased by 25% remain the same, decreased by 25% decreased by 50%.",
          "chapter_name": "Will Life Improve with Super Intelligence Systems?"
        },
        {
          "speaker": "Ray Kurzweil",
          "speech": "If you're watching this or listening to this, try to try to vote for yourself, 70% thought it had gotten worse and and that's the general impression, 88% thought it had gotten worse, remained the same. Only 1% thought it decreased by 50% and that is the answer. It actually decreased by 50%. So only 1% of people got the right optimistic estimate of how poverty is right and, and, and this is the reality. And it's true of almost everything you look at, you don't want to go back 100 years or 50 years. Things were quite miserable then , but we tend not to remember that. So, literacy rate increasing over the past few centuries.",
          "chapter_name": "Will Life Improve with Super Intelligence Systems?"
        },
        {
          "speaker": "Lex Fridman",
          "speech": "Across all the different nations, nearly 200% across many of the nations in the world, it's gone way up, average years of education have gone way up. Life expectancy is also increasing. Life expectancy was 48 in 1900 it's over 80 now and it's going to continue to go up, particularly as we get into more advanced stages of simulated biology for life expectancy. These trends are the same for at birth, age one, age five, age 10. So it's not just the infant mortality and I have 50 more graphs in the book about all kinds of things , even spread of democracy which bring up some sort of controversial issues. It still has gone way up.",
          "chapter_name": "Will Life Improve with Super Intelligence Systems?"
        },
        {
          "speaker": "Lex Fridman",
          "speech": "Well that one is uh it's gone way up, but that one is a bumpy road , right? Exactly. And some somebody might represent democracy and and go backwards, but we basically had no democracies before the creation of the United States, which was all over two centuries ago, which in the scale of human history isn't that long , do you think super intelligence systems will help with democracy?",
          "chapter_name": "Will Life Improve with Super Intelligence Systems?"
        }
      ]
    },
    {
      "name": "Democracy, Misinformation, and AI: A Dangerous Mix",
      "content": [
        {
          "speaker": "Ray Kurzweil",
          "speech": "So what is democracy? Democracy is giving a voice to the populace and um having their ideas, having their beliefs , having um their views represented? Well, I hope so.",
          "chapter_name": "Democracy, Misinformation, and AI: A Dangerous Mix"
        },
        {
          "speaker": "Ray Kurzweil",
          "speech": "Uh I mean, we've seen social networks can spread conspiracy theories uh which have been quite negative being, for example, being against any kind of stuff that would help your health. So, those kinds of ideas have on social media, where you notice is they increase engagement. So dramatic division increases engagement. Do you worry about ai systems that will learn to maximize that division? I mean, I do have some concerns about this. Uh and I have a chapter in the book about the perils of advanced ai um spreading misinformation on social networks is one of them, but there are many others.",
          "chapter_name": "Democracy, Misinformation, and AI: A Dangerous Mix"
        },
        {
          "speaker": "Lex Fridman",
          "speech": "What's the one that worries you the most that we should think about to try to avoid. Well, it's it's hard to choose. Um, we do have the nuclear power that evolved when I was a child. I remember in, we would actually do these drills against nuclear war. We'd get under our desk and put our hands behind our heads to protect us from a nuclear war seems to work. We're still around. So, um, you're protected. But that's still a concern. And there are key dangerous situations that can take place in biology.",
          "chapter_name": "Democracy, Misinformation, and AI: A Dangerous Mix"
        },
        {
          "speaker": "Ray Kurzweil",
          "speech": "Someone could create, uh, a virus That's very, I mean, we have viruses that are uh, hard to spread and they can be very dangerous. And we have viruses that are easy to spread, but they're not so dangerous. Um, somebody could create something that would be very easy to spread and very dangerous and be very hard to stop. Uh, could be something that would spread without people noticing because people could get it. They'd have no symptoms and then everybody would get it and then symptoms would occur maybe a month later. So I mean, and that and that actually doesn't occur normally because if we were to have a problem with that, we wouldn't exist. So the fact that humans exist means that we don't have viruses that can spread easily and kill us because otherwise we wouldn't exist. Yeah, viruses don't want to do that. They want, they want to spread and keep the host alive somewhat. So you can describe various dangerous with biology .",
          "chapter_name": "Democracy, Misinformation, and AI: A Dangerous Mix"
        },
        {
          "speaker": "Lex Fridman",
          "speech": "Also nanotechnology, uh, which we actually haven't experienced yet , but there are people that creating nanotechnology. And described that in the book. Now you're excited by the possibilities of nanotechnology. Of nanobots, of being able to do things inside our body inside our mind. That's going to help. What's exciting, What's terrifying about nanobots? What's exciting is that that's a way to communicate with our neocortex because it's each neocortex is pretty small and you need a small entity that can actually get in there and establish a communication channel and that's gonna really be necessary to connect our brains to ai within ourselves because otherwise it would be hard for us to compete with it. Yeah.",
          "chapter_name": "Democracy, Misinformation, and AI: A Dangerous Mix"
        }
      ]
    },
    {
      "name": "Nanobots, AI, and Human Destruction in the 21st Century",
      "content": [
        {
          "speaker": "Ray Kurzweil",
          "speech": "Yeah. And that's key actually, because a lot of the things like neuralink are really not high band with you, so nanobots is the way you achieve high bandwidth. How much intelligence would those nanobots have? Yeah, they don't need a lot, just enough to basically establish communication channel to one nanobots. So just primarily about the communication between external computing devices and our biological thinking machine, what worries you about nanobots? Is it similar to the, with the virus is, well, I mean, it's the great goo chan challenge. Yes. Um if you have uh nanobots that's uh wanted to create any any kind of entity and repeat itself and was able to operate in a natural environment, it could turn everything into that entity and basically destroy all uh biological life.",
          "chapter_name": "Nanobots, AI, and Human Destruction in the 21st Century"
        },
        {
          "speaker": "Ray Kurzweil",
          "speech": "So you mentioned nuclear weapons, I'd love to hear your opinion about the 21st century, and whether you think we might destroy ourselves, and maybe your opinion, if it has changed by looking at what's going on in Ukraine, that we could have a hot war with nuclear powers involved and the tensions building and the seeming forgetting of how terrifying and destructive nuclear weapons are. Do you think humans might destroy ourselves in the 21st century? And if we do how and how do I avoid it? I don't think that's gonna happen despite the terrors of that war, it is a possibility. But I mean, I don't it's unlikely in your mind. Yeah.",
          "chapter_name": "Nanobots, AI, and Human Destruction in the 21st Century"
        },
        {
          "speaker": "Ray Kurzweil",
          "speech": "Even with the tensions we've had with this one uh nuclear power plant that's been taken over. Um it's very tense, but I don't actually see a lot of people worrying that that's gonna happen. I think we'll avoid that. We had two nuclear bombs go off in 45 so now we're 77 years later. Yeah, we're doing pretty good. We've never had another one go off through anger. People forget people forget the lessons of history.",
          "chapter_name": "Nanobots, AI, and Human Destruction in the 21st Century"
        },
        {
          "speaker": "Lex Fridman",
          "speech": "Well, yeah , I mean, I am worried about it. I mean , that that is definitely a challenge. But you believe that we'll make it out and ultimately super intelligent air will help us make it out as opposed to uh destroy us. I think so, but we we do have to be mindful of these dangers and and there are other dangers besides nuclear weapons. So to get back to merging with ai we would be able to upload our minds in a computer in a way where we might even transcend the constraints of our bodies.",
          "chapter_name": "Nanobots, AI, and Human Destruction in the 21st Century"
        },
        {
          "speaker": "Ray Kurzweil",
          "speech": "So copy our mind into a computer and leave the body behind. Let me describe one thing I've already done with my father. So we created technology. This is public came out I think six years ago, where you could ask any question and the release products, which I think is still on the market. Uh, it would read 200,000 books and then and then find the one sentence in 200,000 books that best answered your question.",
          "chapter_name": "Nanobots, AI, and Human Destruction in the 21st Century"
        },
        {
          "speaker": "Ray Kurzweil",
          "speech": "Uh, it's actually quite interesting. You can ask all kinds of questions and you get the best answer in 200,000 books. But I was also able to to take it and uh not go through 200,000 books, but go through a book that I put together , which is basically everything my father had written. So everything he had written had gathered. And we created a book. Everything that Frederick as well had written. Now, I didn't think this actually would work that well because uh stuff he'd written was stuff about how to lay out.",
          "chapter_name": "Nanobots, AI, and Human Destruction in the 21st Century"
        },
        {
          "speaker": "Lex Fridman",
          "speech": "I mean, he did uh directed coral groups and music groups and he would be laying out how people should where they should sit and and how to fund this and all kinds of things that really weren't , didn't seem that interesting. Um and yet when you ask a question, it would go through it and it would actually give you a very good answer. So I said, well, you know who's the most interesting composer? And he said , well, definitely Brahms, he would go on about how Brahms was fabulous and talk about the importance of music education and can have a conversation with him, which was actually more interesting than talking to him because if you talk to him, he'd be concerned about how they're going to lay out this property to give a coral group. You'd be concerned about the day to day versus the big question and you did ask about the meaning of life and he answered love, Do you miss him? Yes, I do .",
          "chapter_name": "Nanobots, AI, and Human Destruction in the 21st Century"
        }
      ]
    },
    {
      "name": "Innovating Through Lucid Dreams: Ray Kurzweil's Creative Proce",
      "content": [
        {
          "speaker": "Ray Kurzweil",
          "speech": "Um yeah, you get used to missing somebody after 52 years and I didn't really have intelligent conversations with them until later in life. Um in the last few years he was sick, which meant he was home a lot and I was actually able to talk to him about different things like music and other things . And uh so I missed that very much. What did you learn about life from your father ? What what part of him is is with you now? He was devoted to music and when you would create something to music and put them in a different world.",
          "chapter_name": "Innovating Through Lucid Dreams: Ray Kurzweil's Creative Proce"
        },
        {
          "speaker": "Ray Kurzweil",
          "speech": "Uh otherwise he was very shy. Um and if people got together, he tended not to interact with people just because of his china's, but when he created music that he was like a different person. Do you have that in you, that kind of light that shines? I mean, I got involved with technology, it's like age five and you fell in love with it in the same way he did with music . Yeah, I remember this actually happens with my grandmother. She had a manual typewriter and she wrote a book, One, Life is not enough. It's actually a good title for a book I might write, but it was about a school she had created. Well actually, her mother created it. So my mother's mother's mother created the school in 18 68. And it was the first school in europe that provided higher education for girls that went through 14th grade.",
          "chapter_name": "Innovating Through Lucid Dreams: Ray Kurzweil's Creative Proce"
        },
        {
          "speaker": "Ray Kurzweil",
          "speech": "If you were a girl and you were lucky enough to get an education at all, it would go through like ninth grade and many people didn't have any education as a girl. Uh, This went through 14th grade. Um, Her mother created it, she took it over and the, and the book was about uh, the history of the school and her involvement with it. Um, when she presented to me , I was not so interested in the story of the, of the school, but I was totally amazed with this manual typewriter. I mean, here was something you could put a blank piece of paper into and you could turn it into something that looked like it came from a book and you can actually type on it. It looked like it came from a book. It was just amazing to me.",
          "chapter_name": "Innovating Through Lucid Dreams: Ray Kurzweil's Creative Proce"
        },
        {
          "speaker": "Ray Kurzweil",
          "speech": "And I could see actually how it worked. And I was also interested in magic. Um, but in magic, if somebody actually knows how it works, the magic goes away, the magic doesn't stay there if you actually understand how it works. But he was technology. I didn't have that word when I was five or six and the magic was still there for you. The magic was still there even if you knew how it worked . So I became totally interested in this and then went around collected little pieces of mechanical objects, from bicycles, from broken radios would go through the neighborhood. Uh , this was an era where you would allow five or six year old to like run through the neighborhood and do this. We don't do that anymore.",
          "chapter_name": "Innovating Through Lucid Dreams: Ray Kurzweil's Creative Proce"
        },
        {
          "speaker": "Lex Fridman",
          "speech": "But I didn't know how to put them together and said, if I could just figure out how to put these things together, I could solve any problem. And I actually remember talking to these very old girls think they were 10. Um, and telling them if I could just figure this out, we could fly, we could do anything. And they said, well, you have quite an imagination. Um, and then I then when I was in third grade, so I was like eight created like a virtual reality theater where people could come on stage and they could move their arms and all of it was controlled through one control box. It was all done with mechanical technology. It was a big hit in my third grade class. And then I went on to do things in junior high school science fairs and high school science fairs. I won the Westinghouse Science talent search, so I mean I became committed to technology when I was five or six years old. You've talked about how you use lucid dreaming to think to come up with ideas as a source of creativity because you maybe talk through that maybe the process of how to you've invented a lot of things you've came up and thought there's some very interesting ideas, what advice would you give or can you speak to the process of thinking of how to think, how to think creatively.",
          "chapter_name": "Innovating Through Lucid Dreams: Ray Kurzweil's Creative Proce"
        },
        {
          "speaker": "Lex Fridman",
          "speech": "Well, I mean sometimes I will think through in a dream and try to interpret that, but I think the key issue that I would tell younger people um is to put yourself in the position that what you're trying to create already exists. And then you're explaining like how it works exactly. That's really interesting, you paint the world that you would like to exist. You think it exists and reverse engineer and then you actually imagine you're giving a speech about how you created this. Well you have to then work backwards as to how you would create it in order to make it work. That's brilliant.",
          "chapter_name": "Innovating Through Lucid Dreams: Ray Kurzweil's Creative Proce"
        },
        {
          "speaker": "Ray Kurzweil",
          "speech": "And that requires uh some imagination to some first principles, thinking you have to visualize that world. That's really interesting. And generally when I talk about things, we're trying to invent, I would use the present tense as if it already exists, not just to give myself that that confidence, but everybody else is working on it. Um we just have to kind of uh do all the steps in order to make it actually, how much of a good idea is about timing, How much is it about your genius versus that its time has come. Timing is very important. I mean, that's really why I got into futurism. I'm not, I didn't I wasn't inherently a futurist that there's not really my goal uh that's really to to figure out when things are feasible. We see that now with large scale models, the very large scale models like GPT three , it started two years ago, four years ago, it wasn't feasible , in fact, they did create GPT two, which didn't work . Um So it required a certain amount of timing having to do with this exponential growth of computing power.",
          "chapter_name": "Innovating Through Lucid Dreams: Ray Kurzweil's Creative Proce"
        },
        {
          "speaker": "Ray Kurzweil",
          "speech": "So, futurism in some sense is a study of timing, trying to understand how the world will evolve and when will the capacity for certain ideas and that's become a thing in itself and to try to time things in the future but really its original purpose was to time my products. I mean I did ocr in the 19 seventies because of C. O. S. It doesn't require a lot of computation. So we were able to do that in the seventies and I waited till the eighties to address speech recognition. Since that requires more computation. You're thinking two timing when you're developing those things. Has its time come?",
          "chapter_name": "Innovating Through Lucid Dreams: Ray Kurzweil's Creative Proce"
        }
      ]
    },
    {
      "name": "Questioning Assumptions: Courage to Change the Future",
      "content": [
        {
          "speaker": "Ray Kurzweil",
          "speech": "Yeah. And that's how you've developed that brain power to start to think in a futurist sense when how will the world look like in 2045 work backwards and how it gets there. But that has become a thing in itself because looking at what things will be like in the future reflects such dramatic changes in how humans will live, that was worth communicating. Also. You developed that muscle of of predicting the future and then applied broadly and started to discuss how it changes the world of technology, how to change the world of human life on earth. In Danielle, one of your books, you write about someone who has the courage to question assumptions that limit human imagination to solve problems.",
          "chapter_name": "Questioning Assumptions: Courage to Change the Future"
        },
        {
          "speaker": "Ray Kurzweil",
          "speech": "And you also give advice and how each of us can have this kind of courage. It's good that you picked that quote because I think that that symbolized what Danielle is about courage. So how can each of us have that courage to question question assumptions. I mean we see that when people can go beyond the current round and and create something that's new. I mean take Uber for example, before that existed, you never thought that that would be feasible and it did require changes in the way people work. Is there practical advices you give in the book about each what each of us can do to be a Danielle? Well she looks at the situation and tries to imagine uh how she can overcome various obstacles",
          "chapter_name": "Questioning Assumptions: Courage to Change the Future"
        },
        {
          "speaker": "Lex Fridman",
          "speech": "and then she goes for it and she's a very good communicator. So she can communicate these ideas to other people. And there's practical advice of learning to program and recording your life and things of this nature become a physicist. So you list a bunch of different suggestions of how to throw yourself into this world ? Yeah,",
          "chapter_name": "Questioning Assumptions: Courage to Change the Future"
        },
        {
          "speaker": "Lex Fridman",
          "speech": "I mean it's kind of idea how young people can actually change the world by uh learning all of these different skills and at the core of that is the belief that you can change the world, that your mind, your body can change the world and not letting anyone else tell you otherwise. That's very good. Exactly. When we upload the story you told about your dad and having a conversation with him, we're talking about uploading your mind to the computer. Do you think we'll have a future with something you call afterlife. We'll have avatars that mimic increasingly better and better our behavior, our parents, all that kind of stuff? Even those are perhaps not no longer with us? Yes.",
          "chapter_name": "Questioning Assumptions: Courage to Change the Future"
        },
        {
          "speaker": "Lex Fridman",
          "speech": "I mean we need some information about, about them. I mean think about my father. I have what he wrote. He didn't have a word processor so he didn't actually write that much and our memories of him aren't perfect. So how do you even know if you've created something that's satisfactory now you could do a Frederick curse. Well, turing test, it seems like Frederick as well to me. But the people who remember him like me don't have a perfect memory. Is there such a thing as a perfect memory? Maybe the whole point is for him to make you feel a certain way ? Well, I think that would be the goal and that's the connection we have with loved ones.",
          "chapter_name": "Questioning Assumptions: Courage to Change the Future"
        },
        {
          "speaker": "Ray Kurzweil",
          "speech": "It's not really based on very strict definition of truth. More about the experiences we share and they get more through memory. But ultimately they make a smile. I think we we definitely can do that.",
          "chapter_name": "Questioning Assumptions: Courage to Change the Future"
        }
      ]
    },
    {
      "name": "Replicants, Rights, and Ethics: The Future of Human Replication",
      "content": [
        {
          "speaker": "Ray Kurzweil",
          "speech": "And that would be very worthwhile. So do you think we'll have a world of replicants of copies? There'll be a bunch of raker as well as like I could hang out with one. I can download it for five bucks and have a best friend, Ray and you , the original copy wouldn't even know about it? Um Is that do you think that world is um first of all, do you think that world is feasible?",
          "chapter_name": "Replicants, Rights, and Ethics: The Future of Human Replication"
        },
        {
          "speaker": "Ray Kurzweil",
          "speech": "And do you think there's ethical challenges there? Like, how would you feel about me hanging out with Ray Kurzweil and you not knowing about it? Uh doesn't strike me as a problem. Um Which which you would you strike, would that cause a problem for, you know, I I enjoy I would really very much enjoy it. No, not just hang out with me, but if somebody hanging out with you a replica interview, well, I think I would start, it sounds exciting, but then what if they start doing better than me and and take take over my friend group and then and then because because they may be um an imperfect copy or there may be more social, all these kinds of things , and then I become like the old version, that's not not nearly as exciting. Maybe they're a copy of the best version of me on a good day, but if you hang out with a replicant of me and that turned out to be successful, I I feel proud of that person because it was based on me. So, so it's",
          "chapter_name": "Replicants, Rights, and Ethics: The Future of Human Replication"
        },
        {
          "speaker": "Lex Fridman",
          "speech": "but it is a kind of death of this version of you ? Well, not necessarily. I mean, you can still be alive right, But and you would be proud. Okay, so it's like having kids and you're proud that they've done even more than you were able to do. Exactly.",
          "chapter_name": "Replicants, Rights, and Ethics: The Future of Human Replication"
        },
        {
          "speaker": "Ray Kurzweil",
          "speech": "Mhm . It does bring up new issues, but uh it seems like an opportunity. Well, that that replicants should probably have the same rights as you do. Well, that that gets into a whole issue, uh because when a replicant occurs, they're not necessarily gonna have your rights, and if a replicant occurs to somebody who's already dead, do they have all the obligations and that the original person had, do they have all the agreements that they had? Uh So I think you're gonna have to have laws that say, yes, there has to be, if you want to create a replicant, they have to have all the same rights as human rights. Well, you don't know, someone could create a replica and say, well, it's a replicant, but I didn't bother getting their rights. And so but that would be illegal.",
          "chapter_name": "Replicants, Rights, and Ethics: The Future of Human Replication"
        },
        {
          "speaker": "Ray Kurzweil",
          "speech": "I mean, like, if you do that, you have to do that in the black market if you want to get an official replicate. Okay, it's not so easy, it's supposed to create multiple replicants, uh the original rights. Uh maybe for one person , and not for a whole group of people. Sure. Uh So there has to be at least one, and then all the other ones kind of share the rights. Yeah, I just don't I don't think that that's very difficult to conceive for us humans, the the idea that we don't create a replicant that has certain, I mean, I've talked to people about this, including my wife who would like to get back her father.",
          "chapter_name": "Replicants, Rights, and Ethics: The Future of Human Replication"
        },
        {
          "speaker": "Lex Fridman",
          "speech": "Um and she doesn't worry about who has rights to watch. She she would have somebody that she could visit with and might give her some satisfaction. Uh and they wouldn't she wouldn't care about any of these other rights. What does your wife think about multiple records? Wells, you had that discussion. I think I think ultimately that's an important question.",
          "chapter_name": "Replicants, Rights, and Ethics: The Future of Human Replication"
        }
      ]
    },
    {
      "name": "Humans as Multi-Planetary Species: Ray Kurzweil's Vision",
      "content": [
        {
          "speaker": "Ray Kurzweil",
          "speech": "Loved ones, how they feel about there's there's something about love, that's the key thing, right? If the loved ones rejected, it's not gonna work very well. So the loved ones really are the key determinant whether or not this works or not, but there's also ethical rules. Um we have to contend with the idea and we have to contend with that idea with ai But what's gonna motivate it is, I mean , I talked to people who really miss people who are gone and they would love to get something back even if it isn't perfect .",
          "chapter_name": "Humans as Multi-Planetary Species: Ray Kurzweil's Vision"
        },
        {
          "speaker": "Ray Kurzweil",
          "speech": "Uh and that's what's gonna motivate this and that person lives on in some form. And the more data we have, the more we're able to reconstruct that person and allow them to live on. And eventually as we go forward, we're going to have more and more of this data because we're going to have none of us that are inside our neocortex and we're gonna collect a lot of data, in fact anything that's data is always collected, there's something a little bit sad which is becoming or maybe it's hopeful which is more and more common these days, which when a person passes away you have their twitter account. You know when you have the last tweet they tweeted like something that you can recreate them now with large language models and so on. I mean you can create somebody that's just like them and can actually continue to uh communicate. I think that's really exciting because I think in some sense like if I were to die today in some sense I would continue on if I continue tweeting I tweet therefore I am. Yeah.",
          "chapter_name": "Humans as Multi-Planetary Species: Ray Kurzweil's Vision"
        },
        {
          "speaker": "Ray Kurzweil",
          "speech": "Well I mean that's one of the advantages of a replicants that can recreate the communications of that, that person. Do you hope? Do you think? Do you hope humans will become a multi planetary species? You've talked about the phases, the six epics and one of them is reaching out into the stars in part, yes, but the kind of attempts for making now to go to other planetary objects doesn't excite me that much because it's not really advancing anything.",
          "chapter_name": "Humans as Multi-Planetary Species: Ray Kurzweil's Vision"
        },
        {
          "speaker": "Ray Kurzweil",
          "speech": "It's not efficient enough . Yeah. We're also putting out other uh human beings which is a very inefficient way to explore these other objects. What I'm really talking about in the in the sixth epic universe, wakes up. It's where we can spread our super intelligence throughout the universe and that doesn't mean sending very soft squishy creatures like humans. The universe wakes up . I mean we we would send intelligence masses of nanobots, which can then go out and uh colonize these , these other parts of the universe.",
          "chapter_name": "Humans as Multi-Planetary Species: Ray Kurzweil's Vision"
        },
        {
          "speaker": "Ray Kurzweil",
          "speech": "Do you think there's intelligent alien civilizations out there that are bots might meet my hunch is no, most people say yes, absolutely. I mean, and they'll cite that drake equation and I think in the singularity is near um I have two analyses of the drake equation, both with very reasonable assumptions and one gives you thousands of advanced civilizations in each galaxy and another one gives you one civilization and we know of one. A lot of the analyses are forgetting the exponential growth of of computation because we've gone from where the fastest way I could send a message to somebody was with a pony, which was what like a century and a half ago, uh to the advanced civilization we have today. And and and if you accept what I've said, go forward a few decades, you can have absolutely fantastic amount of civilization compared to a pony. And that's in a couple of 100 years. Yeah.",
          "chapter_name": "Humans as Multi-Planetary Species: Ray Kurzweil's Vision"
        },
        {
          "speaker": "Ray Kurzweil",
          "speech": "The speed and the scale of information transfer is just , is growing exponentially in a blink of an eye now.",
          "chapter_name": "Humans as Multi-Planetary Species: Ray Kurzweil's Vision"
        }
      ]
    },
    {
      "name": "God, Simulation, and Love: A Conversation on Cosmic Times",
      "content": [
        {
          "speaker": "Ray Kurzweil",
          "speech": "Think about these other civilizations, they're gonna be spread out at cosmic times. So if something is like ahead of us or behind us, it could be ahead of us or behind us by maybe millions of years , which isn't that much, I mean, the world is billions of years old, 14 billion or something. So even 1000 years, if two or 300 years is enough to go from a pony to a fantastic amount of civilization, we would see that so of other civilizations that have occurred. Okay. Some might be behind us , but some might be ahead of us.",
          "chapter_name": "God, Simulation, and Love: A Conversation on Cosmic Times"
        },
        {
          "speaker": "Lex Fridman",
          "speech": "If they're ahead of us, they're ahead of us by thousands, millions of years and they would be so far beyond us. They would be doing galaxy wide engineering, but we don't see anything doing galaxy wide engineering. So either they don't exist or this very universe is a construction of an alien species . We're living inside a video game. Well, that's another explanation that yes, you've got some teenage kids and another civilization. Do you, do you find compelling? The simulation hypothesis as a thought experiment that we're living in a simulation of the universe is computational, so we are an example in a computational world, therefore uh it is a simulation doesn't necessarily mean an experiment by some high school kid in another world, but it's nonetheless is taking place in a computational world and everything that's going on is is basically a form of, of computation.",
          "chapter_name": "God, Simulation, and Love: A Conversation on Cosmic Times"
        },
        {
          "speaker": "Ray Kurzweil",
          "speech": "Um so you really have to define what you mean by uh this whole world being a simulation. Well, then it's the, it's the teenager that that makes the video game, you know, us , humans with our current limited cognitive capability have strive to understand ourselves and we have created religions, we think of God, whatever that is, Do you think God exists? And if so, who is God? I alluded to this before we started out with lots of particles going around and there's nothing that represents love and creativity. Um, and somehow we've gotten into a world where love actually exists and that has to do actually with consciousness because you can't have love without consciousness. So to me, that's God, the fact that we have something where love, where you can be devoted to someone else and and really feel that love , um, that's that's God. And if you look at the old testament, it was actually created by several different Robin? It's in there",
          "chapter_name": "God, Simulation, and Love: A Conversation on Cosmic Times"
        },
        {
          "speaker": "Ray Kurzweil",
          "speech": "and then I think they've identified three of them, One of them dealt with God as a person that you can make deals with and he gets angry and he wrecks vengeance on various people, but two of them actually talk about God as a symbol of love and peace and harmony and and so forth. That's how they describe God. So that's my view of God, not not as a person in the sky that you can make deals with, it's whatever the magic that goes from basic elements to things like consciousness and love, Do you think one of the things I find extremely beautiful and powerful is cellular automata, which you also touch on? Do you think whatever the heck happens in cellular automata where interesting, complicated objects emerge, God is in there too . The emergence of love in this seemingly privileged, the goal of creating a replicant is that they would love you and you would love them. There wouldn't be much point of doing it if that didn't happen. But all of it, I guess what I'm saying about silly Autumn era is it's",
          "chapter_name": "God, Simulation, and Love: A Conversation on Cosmic Times"
        }
      ]
    }
  ]
}