{
  "speakers": [
    "Lex Fridman",
    "Vitalik Buterin"
  ],
  "episode_name": "80-vitalik-buterin-ethereum-cryptocurrency-and-the-future-of",
  "chapters": [
    {
      "name": "The Future of Money: Ethereum's Metallic Burin",
      "content": [
        {
          "speaker": "Lex Fridman",
          "speech": "the following is a conversation with metallic veteran co creator of an author of the white paper that launched ethereum and either which is a Cryptocurrency that is currently the second largest digital currency after Bitcoin ethereum has a lot of interesting technical ideas that are defining the future of Blockchain technology and metallic is one of the most brilliant people innovating in the space today . Unlike Satoshi Nakamoto, the unknown person or group that created Bitcoin, metallic is very well known and At a young age is thrust into the limelight as one of the main faces of the technology that may redefine the nature of money and all forms of digital transactions in the 21st century. This is the artificial intelligence podcast. If you enjoy subscribe my youtube, review it with five stars on apple podcast, support on Patreon or simply connect with me on twitter. A lex Friedman spelled F R I D M A N. As usual, I'll do one or two minutes of ads now and never any ads in the middle that can break the flow of the conversation, I hope that works for you and doesn't hurt the listening experience . Quick summary of the ads to sponsors Masterclass and Express VPN. Please consider supporting the podcast by setting up to master class at masterclass dot com slash lex and getting Express VPN at Express VPN dot com slash lex pod. This show is sponsored by Master class. Sign up at masterclass dot com slash lex to get a discount and to support this podcast when I first heard about Master class, I honestly thought it was too good to be true For $180 a year. You get an all access pass to watch courses from experts at the top of their field to list some of my favorites chris Hatfield on space exploration, Neil degrasse Tyson on scientific thinking and communication will write the creator of Simcity and Sims on game design.",
          "chapter_name": "The Future of Money: Ethereum's Metallic Burin"
        },
        {
          "speaker": "Lex Fridman",
          "speech": "I love that game jane Goodall on conservation, Carlos Santana, one of my favorite guitarists on guitar, Garry Kasparov on chess. Obviously I'm Russian, I love Gary Daniel Negreanu and poker, one of my favorite poker players. Also Phil Ivey is gives the course as well and many, many more chris Hadfield explaining how rockets work and the experience of being launched into space alone is worth the money by way of advice for me. The key is not to be overwhelmed by the abundance of choice. Pick three courses you want to complete , Watch each all the way through from start to finish. It's not that long, but it's an experience that will stick with you for a long time.",
          "chapter_name": "The Future of Money: Ethereum's Metallic Burin"
        },
        {
          "speaker": "Lex Fridman",
          "speech": "I promise it's easily worth the money . You can watch it and basically any device once again sign up at masterclass dot com slash lex to get a discount and to support this podcast. This show sponsored by Express VPN download it at Express VPN dot com slash lex pod to get a discount and to support this podcast. Ive been using Express NPM for many years. I honestly love it. It's easy to use, press the big power on button and your privacy is protected and if you like you can make it look like your location is anywhere else in the world. I might be in boston now but I can make it look like I'm in new york London paris or anywhere else. This has a large number of obvious benefits for example, certainly it allows you to access international versions of streaming websites like the japanese version of netflix or the UK version of hulu as you probably know, I was born in the soviet union.",
          "chapter_name": "The Future of Money: Ethereum's Metallic Burin"
        },
        {
          "speaker": "Lex Fridman",
          "speech": "So sadly given my roots and appreciation of Russian history and culture, my website and the website for this podcast is blocked in Russia. So this is another example of where you can use Express VPN to access sites like the podcast and I'm not accessible in your country . Express VPN works on any device you can imagine , I use it on Lenox shoutout to bond to windows android. It's available everywhere else too. Once again download it at Express VPN dot com slash lex pod to get a discount and to support this podcast. And now here's my conversation with metallic Burin. Well, so before we talk about the fundamental ideas behind a theory and a couple of currency , perhaps it would be nice to uh to talk about the origin story of Bitcoin and the mystery of Satoshi Nakamoto.",
          "chapter_name": "The Future of Money: Ethereum's Metallic Burin"
        }
      ]
    },
    {
      "name": "The Enigma of Satoshi Nakamoto: Anonymity and the Birth of Bitcoin",
      "content": [
        {
          "speaker": "Vitalik Buterin",
          "speech": "You give a talk that started with sort of asking the question, what did uh, Satoshi Nakamoto actually invent maybe you could say who is Satoshi Nakamoto and what did he invent? Sure. So Satoshi Nakamoto is uh, the name by which we know the person who originally came up with Bitcoin. So the reason why I say the name by which we know is that this is a um, anonymous fellow who has uh, showing himself to us only over the internet, just by your first publishing the white paper for Bitcoin, then releasing the original source code for Bitcoin and then talking to the very early Bitcoin community on Bitcoin forums and uh, and interacting with them and helping the project along for a couple of years. Um, and then at some point in late 2010, early 2011, he disappeared. So, Bitcoin is a fairly unique project and how it has this kind of mythical, a kind of quasi godlike founder who had just kind of popped in, did the thing and then it disappeared and we somehow just never heard from him again In 2008 was so the white paper was the first, do you know the white paper was the first time the name was actually appears to come on. So, so how is it possible that the creator of such an impactful project remains anonymous ?",
          "chapter_name": "The Enigma of Satoshi Nakamoto: Anonymity and the Birth of Bitcoin"
        },
        {
          "speaker": "Vitalik Buterin",
          "speech": "That's a tough question and there's no similarity to it in history of technology as far as I'm aware. Yeah, so one possibility is that it's healthy any because health and he was kind of also active in the Bitcoin community and as a health any um in those two beginning years and how is healthy? Maybe he is one of the people in the end of early safer pug community. He was a computer scientists, just computer scientists , cryptographers, people interested in like technology, internet freedom like those kinds of topics. It was correct that that red that he seemed to have been involved in either the earliest or the first transaction of Bitcoin. Yes.",
          "chapter_name": "The Enigma of Satoshi Nakamoto: Anonymity and the Birth of Bitcoin"
        },
        {
          "speaker": "Lex Fridman",
          "speech": "The first transaction of big one was between Satoshi and Hal Finney. Do you think he knew who said Tasha was? He wasn't Satoshi. You probably know how is it possible to work so closely with people and nevertheless not know anything about their fundamental identity. Is this like a natural sort of characteristic of the internet? Uh huh.",
          "chapter_name": "The Enigma of Satoshi Nakamoto: Anonymity and the Birth of Bitcoin"
        },
        {
          "speaker": "Vitalik Buterin",
          "speech": "Like if we were to think about it because you and I just met now there's a, there's a depth of knowledge that we now have about each other that's like physical, like my vision system is able to recognize you. I can also verify your identity of uniqueness. Like yeah, like it's very hard to fake you being you. So the internet, the internet has a fundamentally different quality to it which is just fascinating. I know this is definitely interesting as uh I definitely just know a lot of people just by their internet handles and to me when I think of them, like I see their internet handles and uh one of them has kind of profile picture is this some kind of face that's kind of not quite human with a bunch of kind of psychedelic colors and it and when I visualize him, like just visualize that , that's not an actual face. Yeah, you are the creator of the second, well he's currently the second most popular Cryptocurrency uh ethereum. So on this topic, if we just stick on Satoshi Kamata for for a little bit longer, you may be the most qualified person to speak to the psychology of this anonymity that we're talking about. Your identity is known, like I've just verified it. But from your perspective, what are the benefits in uh creative Cryptocurrency and then remaining anonymous. Like if you can psychoanalyze Satoshi Nakamoto, is there something interesting there? Or is it just a peculiar quirk of him, It definitely helps create this kind of image of this uh kind of neutral thing that doesn't belong to anyone.",
          "chapter_name": "The Enigma of Satoshi Nakamoto: Anonymity and the Birth of Bitcoin"
        }
      ]
    },
    {
      "name": "The Burden of Being a Crypto Leader",
      "content": [
        {
          "speaker": "Vitalik Buterin",
          "speech": "Um then you've created a project and because you're anonymous and because you also have disappear or as unfortunately happened to help any, if that is him, he ended up dying of lou Gehrig's disease and he's in a cryogenic freezer now, but like if you pop in and you and you created and you're gone and uh all that's remaining of that whole process is the thing itself then like no one can go and try to um and interpret any of your other behavior and should I don't understand like, oh the like this person wrote this thing um in some s a at a at age 16 where he expressed particular opinions about democracy . And so because of that this project is like is a statement that's trying to do this specific thing. The instead it creates this uh environment where the thing is what you make of it and it doesn't have the yeah right, the burden of your other ideas, political thought and so on . So so now they were sitting with you , do you feel the burden of being kind of the face of the theory? Um I mean there's a very large community of developers, but nevertheless, you know, is there like a burden associated with that?",
          "chapter_name": "The Burden of Being a Crypto Leader"
        },
        {
          "speaker": "Lex Fridman",
          "speech": "They're definitely as this is definitely a big reason why I've been trying to kind of push for the ethereum ecosystem to become more decentralized in many ways. Just encouraging a lot of and of course ethereum work to happen outside of the ethereum foundation and of expanding the number of people that are making different kinds of decisions, having multiple software limitations instead of one and all of these things. Like there's a lot of things that have tried to do it too and remove myself as a single point of failure because that is something that a lot of people criticize, criticize me for. Um so if you look at like the most fundamentally successful open source projects? Uh it seems that it's like a sad reality when I think about it is it seems to be that one person is a crucial contributor.",
          "chapter_name": "The Burden of Being a Crypto Leader"
        },
        {
          "speaker": "Vitalik Buterin",
          "speech": "Often you feel like a lioness from from for for Lennox for the kernel that is possible and I'm definitely not planning to disappear. That's an interesting uh tension that projects like this kind of desire a single entity and yet they are fundamentally distributed. I don't know if there's something interesting to say about that kind of structure and thinking about the future of Cryptocurrency, does there need to be a leader, There's different kinds of leaders , you know, there's uh there's dictators to control all the money, there's people who control organizations, there's a kind of high priests that just have themselves and their twitter followers. What kind of leader are you would you say , you know, in these days um actually is a bit more in the hyper in the high priest direction than before. Like I definitely actually don't do all that much of kind of going around and ordering ethereum foundation people to do things because I think those things are important if there's something that I do think it's important that you do just usually I kind of say it publicly, are just going to say it to people and uh quite often projects just gonna start doing it? So let's ask the high philosophical question is about money.",
          "chapter_name": "The Burden of Being a Crypto Leader"
        },
        {
          "speaker": "Lex Fridman",
          "speech": "What at the highest level is money? What is money? It's a kind of game.",
          "chapter_name": "The Burden of Being a Crypto Leader"
        }
      ]
    },
    {
      "name": "The Evolution of Money: From Physical to Digital",
      "content": [
        {
          "speaker": "Vitalik Buterin",
          "speech": "And it's a game where you know, we have points and if you have points, there's this one move where you can reduce your points by a number and increase someone else's points by the same number and these sorts of fair game. Hopefully. Well, it's one kind of fair game, like for example, you know , you can have other kinds of fair game is like you're going to have a game where if I give someone a point and you give someone a points and instead of that person getting two points, that person gets four points. And that's also fair is but you know, money is um easy to kind of set up and it serves a lot of useful functions.",
          "chapter_name": "The Evolution of Money: From Physical to Digital"
        },
        {
          "speaker": "Vitalik Buterin",
          "speech": "And so it kind of just survives in society as a meme for thousands of years. It's useful for the storage of wealth. It's useful for the exchange of value. And it's also useful for denominated future payments unit of account. So what if you look at the history of money in human civilization, just uh if you're a student of history, like how has its role or just the mechanisms of money changed over time, in your view , Even if we just look at the 20th century before and then leading up to Cryptocurrency, Is that something you think about? Yeah.",
          "chapter_name": "The Evolution of Money: From Physical to Digital"
        },
        {
          "speaker": "Lex Fridman",
          "speech": "And I think like the big thing in the 20th century is kind of, we saw a lot more intermediation. Yes, thank you. I mean the first part is kind of the move from banging, adding more of different kinds of banking and then we yeah, Saw the move from and if dollars being backed by gold, $2 Being backed by gold, that's only redeemable by certain people, $2 not being backed by anything. Um too. And it's just this uh system where you have a bunch of free floating currencies and then people like getting out of bank accounts and then those things becoming electronic, people getting accounts with payment processors that have account, bank accounts.",
          "chapter_name": "The Evolution of Money: From Physical to Digital"
        },
        {
          "speaker": "Vitalik Buterin",
          "speech": "So, so what do you make of that? That's such a fascinating philosophical idea that money might not be backed by anything. What is that like the fascinating to you that money can exist without being backed by something physical. It definitely is. What do you make of that?",
          "chapter_name": "The Evolution of Money: From Physical to Digital"
        },
        {
          "speaker": "Vitalik Buterin",
          "speech": "How is that possible, Is that stable? If you look at the future of human civilization, is it possible to have money at the large scale? It's such a hugely productive and rich societies be able to operate successfully without money being backed by anything physical. I feel like the interesting thing about the 21st century especially, is that a lot of the important valuable things are not backed by anything. Like if you look at like tech companies for example, like something like twitter, but like you could theoretically imagine that if all of the employees wanted to they could kind of come together, they would quit and you know start working on twitter two point oh and then the value of um and just kind of build the exact the exact same product, reports, possibly build a better product and then just kind of continue on from there and the original the original twitter would kind of just not have people left anymore right? Like the there is theoretically kind of code and like I . P. That's owned by the company but in reality like good programmers could probably redo rewrite all that stuff in three months.",
          "chapter_name": "The Evolution of Money: From Physical to Digital"
        }
      ]
    },
    {
      "name": "Money, Motivation, and Utopia: Vitalik and Lex's Economic Discussion",
      "content": [
        {
          "speaker": "Vitalik Buterin",
          "speech": "So them like the reason why the thing has value is just kind of network effects and coordination problems right? Like these uh employees in reality aren't going to switch all at once. And also in the users aren't all going to switch at once because it's just difficult for them to switch at once. And so there's these kind of meta stable and of equilibrium and interactions between thousands and millions of people that are just actually quite sticky even though if you try to kind of assume that everyone is a perfectly rational and kind of perfectly slippery spherical cow, they don't seem to exist at all. This that stickiness, do you have a sense of grasp of the sort of the fundamental dynamic like the physics of that stickiness it seems to work but and I think some of the Cryptocurrency ideas kind of rely on it working, it's uh you know, it's the sort of thing that's definitely been uh economically modeling a lot, like one of the kind of analogy of something similar that you often see in textbooks as like what is a government like if for exit like 80% of people in a country just like tomorrow suddenly had had the idea that like the laws that are currently the laws of the government that currently is the government are just people and some and some other thing is the government and they just kind of start acting like it, then that would kind of become the new reality.",
          "chapter_name": "Money, Motivation, and Utopia: Vitalik and Lex's Economic Discussion"
        },
        {
          "speaker": "Lex Fridman",
          "speech": "And then the question is well what happens if And if between zero and 80 people are or an 80% of people start believing that and like what is uh the thing you all you see is that if there is one of these kind of switch is happening is kind of revolution then if you're the first person to join then like you probably Probably don't have the incentive to do that. But then if you're the 55th%ile person to join and then suddenly becomes quite safe to and so it's definitely is the sort of thing that you can and try to analyze and understand mathematically, but one of the and if results is that the sort of like when the switch happens definitely can be chaotic sometimes. Yeah, but still like to me the idea that the network affects the, the fact that human beings at a scale like millions, millions can share even the idea of currency, like all agree. That's just uh, I know economics can model it. I'm most skeptical on the economic and uh, it's like uh, so my, my favorite sort of field maybe recreationally psychology is trying to understand human behavior. And I think sometimes people just kind of pretend that they can have a grasp on human behavior, even though we, it's such a messy space that all the models that psychology or economics, those different perspectives on human behavior can have are difficult, It's difficult to know how much that's wishful thinking and how much it is actually getting to the core of understanding human behavior.",
          "chapter_name": "Money, Motivation, and Utopia: Vitalik and Lex's Economic Discussion"
        },
        {
          "speaker": "Vitalik Buterin",
          "speech": "But on that idea, what do you think is the role of money in human motivation? So do you think money from an economics perspective from a psychology perspective is core to like human desires, money is definitely very far from the only motivator? Um, it is a big motivator and that's one of the closest things you have to a universal motivator think because ultimately in almost any person in the world, if you ask them to do something like they'll be more inclined to do it if you also offer some, uh, offer the money, right? And that's uh, there's definitely many cases where people will do things other than things that maximize how much money they have and that happens all the time, but like though a lot of those other things are kind of but much more specific to and of who that person is and what their situation is, The relationship between the motive and the action and these other things. What do you think it's an interplay of the other motivator from like Nietzsche perspectives? Power?",
          "chapter_name": "Money, Motivation, and Utopia: Vitalik and Lex's Economic Discussion"
        },
        {
          "speaker": "Vitalik Buterin",
          "speech": "Do you think money equals power? Do you think those are conflicting ideas? Do you think, I mean that's the one of the ideas that decentralized currency, decentralized applications are looking at is who holds the power money is definitely a kind of power. And there's definitely people who want money because it gives them power. And then even if my money doesn't seem to and it explicitly be about money, a lot of things that people spend money on her, ultimately about social status of some kind. Um So I definitely view those two things as a kind of inter playing and then there's also money as just a way of uh like measuring how successful you are, I guess a scoreboard, right?",
          "chapter_name": "Money, Motivation, and Utopia: Vitalik and Lex's Economic Discussion"
        },
        {
          "speaker": "Lex Fridman",
          "speech": "So this kind of gets back to the game, I mean like if you have $4 billion then uh The main benefit you get from growing up, one of the big benefits you get from going up to $6 million dollars is that now instead of being below the guy who has five year above the guy who has five. So you think money could be kind of uh in the game of life. It's also a measure of self worth. It's like how we it's definitely how how a lot of people perceive it define ourselves in the hierarchy of Yeah, I'm not not saying it's kind of a healthy thing that people define their self worth as money because it's definitely a kind of far from a Yeah, perfect indicator of how much you value, you provide the society or anything like this. But I definitely think that as a matter of kind of current practice, a bunch of people do feel that way. So what does Utopia from an economic perspective look like to you?",
          "chapter_name": "Money, Motivation, and Utopia: Vitalik and Lex's Economic Discussion"
        }
      ]
    },
    {
      "name": "Public Goods and Economic Utopia: Vitalik Buterin's Perfect World",
      "content": [
        {
          "speaker": "Vitalik Buterin",
          "speech": "What does the perfect world look like? I guess the economists utopia would be one where kind of everything is enough incentive alliance in the um in the sense that there aren't kind of conflicts between what satisfies your goals and kind of what is good for everyone in the world in the world as a whole. What do you think that would um look like? Does does that mean they're still poor people in rich people? They're still income inequality. Do you think sort of Marxist ideas are strong? You think sort of ideas of objectivism uh like where the market rules is strong? Like what is there is a different economic philosophies that just seemed to be reflective what utopia would be.",
          "chapter_name": "Public Goods and Economic Utopia: Vitalik Buterin's Perfect World"
        },
        {
          "speaker": "Vitalik Buterin",
          "speech": "So I definitely think they're gonna existing economic philosophy is do end up kind of systematically kind of deviating from the Utopia in a lot of ways like one of the big things I talk about, for example, as public goods, right? And public goods are especially important on the internet, right? He has, I like the idea is what kind of money as this game where you know, I was a few coins, a few coins and you gain the same number of coins that this usually happens in a trade where I lose some money, you gain some money, you will lose a sandwich and I gained a sandwich. And uh this kind of model works really well when the thing that we're using money to incentivize this kind of private goods, right? Things that you provide to one person really benefit comes to one person. But the on the internet especially, but also many many contexts.",
          "chapter_name": "Public Goods and Economic Utopia: Vitalik Buterin's Perfect World"
        },
        {
          "speaker": "Vitalik Buterin",
          "speech": "And off the internet, there's actions that kind of individuals or groups can take where instead of the benefit going to one person, the benefit just goes too many people at the same time and you can't control where the benefit goes to, right? So for example, this podcast and we publish it and when it's published, you don't have any fine grained control over like, oh, these 38,000 people can watch it. And then like these other 29,000 people can't is like once the number goes high enough than you know people just like copy it and then when I write articles on a blog then they're just like free for everyone. And that stuff is even harder to prevent anyone from copying. So and aside from that things like you know scientific research for example and even taking more pedestrian examples like climate change mitigation would be a big one.",
          "chapter_name": "Public Goods and Economic Utopia: Vitalik Buterin's Perfect World"
        },
        {
          "speaker": "Vitalik Buterin",
          "speech": "Um uh So there's a lot of things in the world where you have these kind of individual actions would have concentrated costs and distributed benefits and money as a point system. Does not do a good job of encouraging these things. And one of the kind of other things even like kind of tangentially connected to crypto but kind of theoretically outside of it that I work on is this sort of mechanism called quadratic funding.",
          "chapter_name": "Public Goods and Economic Utopia: Vitalik Buterin's Perfect World"
        }
      ]
    },
    {
      "name": "Mathematical Proof: Optimal Compensation for Tragedy of the Commons",
      "content": [
        {
          "speaker": "Vitalik Buterin",
          "speech": "Um And the way to think about it is and I imagined a point system where if uh like if one person gives coin gives coins to one other person then it works the same way as money.",
          "chapter_name": "Mathematical Proof: Optimal Compensation for Tragedy of the Commons"
        },
        {
          "speaker": "Vitalik Buterin",
          "speech": "But if multiple people give coins to one person and they do so anonymously . So it's kind of not in consideration for a specific service to that person themselves. Then the number of coins are received by that person is and of greater than just the sum of the number of coins that have given by those different people. Um So the actual formula is you take the square root of the amount that each person gave then you add all the square roots and then you kind of square the some Yeah and then give that. And the idea here would basically be that if let's say for example you just started going off and kind of planting a lot of trees and there's a bunch of people that are really happy that you're planting trees and so they go and all kind of throw a coin your way, then the there is like basically the fact that kind of you get more than the sum you get this kind of square of some of these uh square roots of these tiny mount system that this actually kind of compensates for the tragedy of the commons? Rightness. There's even this kind of mathematical proof that it sort of optimally compensates for it . What is the tragedy of the commons?",
          "chapter_name": "Mathematical Proof: Optimal Compensation for Tragedy of the Commons"
        },
        {
          "speaker": "Lex Fridman",
          "speech": "Um This is just this idea that like if there is this situation where there's some public good that lots of people benefit from, then no individual person wants to contribute to it because if they contribute to only get a small part of the benefit from their contribution but they pay the full cost of their contribution in which context is this? Um Sorry, what is the term quadratic quadratic funding money? Like what's in which context is this mechanism useful? So obviously you said to combat the tragedy of the commons, but in which context you see it is useful actually practice theoretically public goods in general. Right? So like like services like what are we, what are we talking about? What the public.",
          "chapter_name": "Mathematical Proof: Optimal Compensation for Tragedy of the Commons"
        },
        {
          "speaker": "Vitalik Buterin",
          "speech": "So within the ethereum ecosystem for example like we've actually tried using this mechanism. I've yeah, wrote a couple of articles about the sort of metallic dot C. A where it goes through some of the most recent rounds and it's been really interesting. Um Some of the top ones that people supported, there were um things like kind of just online user interfaces that make it easier for people to interact with ethereum. There was documentation, there are podcasts um there were kind of software and of clients like kind of implementations of the ethereum protocol of privacy tools just like lots of things that are useful to lots of people when a lot of people are contributing like funding in particular particular entity. That's really that's really interesting. Is there something special about the quadratic the summing of the square roots?",
          "chapter_name": "Mathematical Proof: Optimal Compensation for Tragedy of the Commons"
        }
      ]
    },
    {
      "name": "Blockchain: Byzantine Generals, Economic Identity, and Consensu",
      "content": [
        {
          "speaker": "Vitalik Buterin",
          "speech": "And so another way to think about it is like imagine if n people each give a dollar then the person gets and squared right? Um And and so each individual person's contribution gets multiplied by an because you have and people um and so that kind of perfectly compensates for the kind like kind of enter one tragedy of the commons. I just wonder if the squared part is fundamental. No it is. Um And I recommend you go to a metallic dot C A .",
          "chapter_name": "Blockchain: Byzantine Generals, Economic Identity, and Consensu"
        },
        {
          "speaker": "Vitalik Buterin",
          "speech": "I have this article called quadratic payments a primer and highly recommended. It's kind of at least my attempts so far and of explaining the intuition behind those intuition. So if we could, can we go to the very basic what is the Blockchain? Or perhaps we might even start at the the Byzantine generals problem in Byzantine fault tolerance in general that I uh Bitcoin was taking steps to providing a solution for So the Byzantine generals problem. It's this paper that Leslie Lamport published in 1982 where he has the start experiments where if you have two generals that are kind of camped out on opposite sides of a city um and they're planning when to attack the city then uh the question is and how could those generals coordinate with each other and they could send message messengers between each other. But those messengers kind of could get sniped by the enemy on the road road. Some of those messages could end up being traders and if things could end up happening.",
          "chapter_name": "Blockchain: Byzantine Generals, Economic Identity, and Consensu"
        },
        {
          "speaker": "Lex Fridman",
          "speech": "And with just to mess generals , it turns out that there's and if no solution in a finite number of rounds that guarantees that they will be able to kind of coordinate on the same answer. Um but then in the case where you have more than two generals and then Leslie analyzes cases like are the message message is kind of just oral messages? Are the messages kind of signed messages. So I could give you a signed messages and you can pass along that signed message and the third party can still verify that I originally made that message and depending on those different cases there was kind of different bounds on like given how many generals and how many traders among those generals and of like under one conditions you actually can't agree one to launch an attack. So it's actually a big misconception that the business in general is problem was unsolved. So lets you import solved it. The thing that was unsolved though is that all of these solutions assume that you've already agreed on how to fix the list of who the generals are And these generals have to be a kind of semi trusted to some extent they can't just be anonymous people because if they're anonymous then like the enemy could just be 99% of the generals.",
          "chapter_name": "Blockchain: Byzantine Generals, Economic Identity, and Consensu"
        },
        {
          "speaker": "Vitalik Buterin",
          "speech": "Uh so the um in the 1980s and the 1990s head of the general use case for distributed systems stuff was more kind of enterprising stuff where you could, I kind of assume that You know, you know who the nodes are that are running the scent of computer networks. So if you want to have some kind of decentralized computer network that pretends to be a single computer and that you can kind of do a duet of operations on then it's made out of these sort of 15 specific computers and we know and of who and where they are. And so we have a good reason to believe that they at least 11 of them would be fine. And it could also be within a single system . Exactly. Almost a network of devices, sensors on like an airplane's and I think like flight systems in general still use these kinds of ideas, yep, yep. So that's the eighties, That's the 80s and 90s.",
          "chapter_name": "Blockchain: Byzantine Generals, Economic Identity, and Consensu"
        },
        {
          "speaker": "Vitalik Buterin",
          "speech": "Now the Cipher Punks had a different use case in mind, which is that they wanted to create a fully decentralized global permission was currency. And the problem here is that they didn't want any authorities and they didn't even want any kind of privileged list of people. And so now the question is, well, how do you use these techniques to create consensus when you have no way of kind of measuring identities, right ? You have no way of kind of determining whether or not some 99% of participants aren't actually all the same guy. And so the clever solution, that's it. So she had this is kind of going back to the that presentation I made a deaf kind a few months ago where I said that the things that she invented with crypto economics is this really neat idea that you can use economic resources to kind of limit identity. How many identities you can get. And the uh if there isn't any existing decentralized digital currency that the only way to do this is what proof of work.",
          "chapter_name": "Blockchain: Byzantine Generals, Economic Identity, and Consensu"
        },
        {
          "speaker": "Vitalik Buterin",
          "speech": "Right? So with proof of work, the solution is just uh you publish a solution to a hard mathematical puzzle that takes some uh clearly calculable amount of computational power to solve. You get an identity and then you solve five of those puzzles , you get five identities and then these are the identity is that we run the kids not this algorithm between. So the proof of work mechanism you just described is like the fundamental idea proposed in uh in the white paper that defines Bitcoin, what's the idea of consensus that we wish to reach? What wise consensus important here. What is consensus? So the goal here, in just simple technical terms is basically kind of wired together a set of a large number of computers in such a way that they kind of pretends to the outside world to be a single computer where that single computer keeps working.",
          "chapter_name": "Blockchain: Byzantine Generals, Economic Identity, and Consensu"
        }
      ]
    },
    {
      "name": "Blockchain Revolution: Vitalik Buterin's Perspective on Crypto Currency",
      "content": [
        {
          "speaker": "Vitalik Buterin",
          "speech": "Even if a large portion of the kind of constituents that computers that naked up, break it kind of break in arbitrary ways like they could shut off, They could try to actively break a system. They could do lots of neat things. So the reason why the cipher punks wanted to do this is because they wanted to run one particular program on this virtual computer and the one particular program that they wanted to run is just a currency system, right? It's a system that just process is a series of transactions. And for every transaction it verifies uh that the sender has enough coins to pay for the transaction.",
          "chapter_name": "Blockchain Revolution: Vitalik Buterin's Perspective on Crypto Currency"
        },
        {
          "speaker": "Vitalik Buterin",
          "speech": "It verifies that the digital signature is correct and if the checks passed and it subtracts the coins from one account, announced the coins to the other account roughly. So first of all the proof of work idea is kind of, I mean at least to me seems pretty fascinating. It is, I mean that's uh it's kind of a revolutionary idea. I mean is it is it obvious to come up with that you can use, you can exchange basically computational resources for for identity. It's uh it actually has a pretty long history. It was first proposed in a paper by Cynthia dwork and nay or in 1994 I believe. And the original use case was combating email spam. So the idea is that if you send an email you have to send it with a proof of work attached and like this makes it reasonably cheap to send emails to your friends, but it makes it really expensive to send spam to a million people. Yeah, that's a simple brilliant idea. So maybe also taking a step back. So what is the role of Blockchain in this?",
          "chapter_name": "Blockchain Revolution: Vitalik Buterin's Perspective on Crypto Currency"
        },
        {
          "speaker": "Vitalik Buterin",
          "speech": "What is the Blockchain? Sure. So the Blockchain, my way of thinking about it is that it is this uh and a system where you have this kind of one virtual computer created by a bunch of these uh nodes in the network. Um and the reason why the term Blockchain is used is because the data structure that these systems used at least so far is one where they kind of different nodes in the network periodically published blocks. And a block is a kind of list of transactions together with a point or like a hash of a a previous block that builds on top of. Um and so you have a series of blocks that that uh , nodes in the network create for each block points to the previous block. It so you have this chain of them is a fault tolerance mechanism built into the idea of Blockchain. There's a lot of possibilities, you know , ways to make sure there's no funny stuff going on .",
          "chapter_name": "Blockchain Revolution: Vitalik Buterin's Perspective on Crypto Currency"
        },
        {
          "speaker": "Lex Fridman",
          "speech": "There are indeed a lot of possibilities. Um so any kind of just simple architecture as I just described the way the fault tolerance happens is like this. Right?",
          "chapter_name": "Blockchain Revolution: Vitalik Buterin's Perspective on Crypto Currency"
        }
      ]
    },
    {
      "name": "Blockchain Attacks: Vitalik Buterin's Persuasion",
      "content": [
        {
          "speaker": "Vitalik Buterin",
          "speech": "So you have a bunch of notes and they're just happily and if occasionally creating blocks, building on top of each other's blocks. And let's say you have kind of one block, we'll call it kind of block one. and then someone else builds another block.",
          "chapter_name": "Blockchain Attacks: Vitalik Buterin's Persuasion"
        },
        {
          "speaker": "Vitalik Buterin",
          "speech": "Honestly, we'll call it block to, then we have an attacker. And what the attacker tries to do is the attacker tries to revert block too. And the way they revert block two is instead of doing the thing they're supposed to do, which is build a block on top of block two and they're going to build another block on top of block one. Um so you have block one, which has two Children. Block two, and then block to prime. Now this might sometimes even happened by random chance if two nodes in the network just happen to create blocks at the same time and then we'll hear about each other's things before they create their own.",
          "chapter_name": "Blockchain Attacks: Vitalik Buterin's Persuasion"
        },
        {
          "speaker": "Lex Fridman",
          "speech": "But this also could happen because of an attack. Now, if this happens, you have an attack then the note in the Bitcoin system, the nodes follow the longest chain. So if this attack had happened and when the original chain had more than two blocks on it. So if it was trying to kind of revert more than more than two blocks, then everyone would just would just ignore it and and everyone would just keep following the regular chain. But here, you know, we have blocked too and we have blocked to prime and so that you are kind of even and then whatever block the next block is created on top of so say block three is now created on top of block two prime, then everyone said agrees that block three is that you had um and Block two prime is just kind of forgotten and then everyone just kind of peacefully builds on top of the block three and the thing continues. So how difficult is it to mess with the system?",
          "chapter_name": "Blockchain Attacks: Vitalik Buterin's Persuasion"
        },
        {
          "speaker": "Lex Fridman",
          "speech": "So how like if we look at the general problem, like how many, what fraction of people who participate in the system have to be bad players? Mm hmm. In order to message literally like what is there? Is there a good Number there is? Um, well, depending on kind of what your model of the participants is and like what kind of attack we're talking about. It's anywhere between 23.2 and 50 of what?",
          "chapter_name": "Blockchain Attacks: Vitalik Buterin's Persuasion"
        },
        {
          "speaker": "Vitalik Buterin",
          "speech": "Of all of the computing power in the network? Sorry. So 22 and 23 point between 23.2 and 50 and 50% can be compromise. So like once your, once your your portion of the total beauty power in the network goes above the 23.2 level, then there's kind of things that you can mean things that you can potentially do . And ask your percentage of the network kind of keeps going up then the, your abilities that you mean things kind of goes higher. And then if you have about 50% then you can just break everything. So how hard is it to achieve that level?",
          "chapter_name": "Blockchain Attacks: Vitalik Buterin's Persuasion"
        },
        {
          "speaker": "Vitalik Buterin",
          "speech": "Like it seems that so far historically speaking has been exceptionally difficult. So this is a challenging question. Um, so the economic cost of acquiring that level of stuff from scratch is fairly high. I think it's uh somewhere in the low billions of dollars. And when you say that stuff, you mean computational resources . Yeah. So specifically specialized hardware. And if A six that people use to solve these puzzles is to do the mining these small tangent.",
          "chapter_name": "Blockchain Attacks: Vitalik Buterin's Persuasion"
        },
        {
          "speaker": "Vitalik Buterin",
          "speech": "Uh Obviously I work a lot in deep learning with Gpus and Asics for that application and I tangentially kind of here that so many of these you know sometimes NVIDIA Gpus are sold out because of the southern application. Like what do you like if you can comment? Uh I don't know if you're familiar or interested in space. What kind of A six. What kind of hardware is generally used these days for the to do the actual computation for the proof of work. Sure. So in the case of Bitcoin and ethereum are a bit different.",
          "chapter_name": "Blockchain Attacks: Vitalik Buterin's Persuasion"
        },
        {
          "speaker": "Vitalik Buterin",
          "speech": "So in the case of Bitcoin there is an algorithm called shot to 56. It's just a hash function. And so the puzzle is just coming up with a number where the hash over the numbers below some threshold. And so because the hashes are designed to be random, you just have to keep on trying different numbers until one works . And the A six are just like specialized circuits that contain. And if circuits for evaluating this hash over and over again and you have like millions or billions of these hash evaluators, it's just stacked on top of each other inside of a box. And you just keep on running the box 24 7. and the six, there's literally specialized hardware designed for this. Yes.",
          "chapter_name": "Blockchain Attacks: Vitalik Buterin's Persuasion"
        }
      ]
    },
    {
      "name": "Quantum Cryptography and Bitcoin's Core Idea",
      "content": [
        {
          "speaker": "Vitalik Buterin",
          "speech": "This is living an amazing world. Another tangent. I'll come back to the basics but uh this quantum computing throw a wrench into any of this. Very good question. So quantum computers have two main kind of families of algorithms that are relevant to cryptography.",
          "chapter_name": "Quantum Cryptography and Bitcoin's Core Idea"
        },
        {
          "speaker": "Lex Fridman",
          "speech": "One is assures algorithm ensures algorithm is one that kind of completely breaks the hardness of uh some specific kinds of mathematical problems. So the one that you've probably heard of is it makes it very easy to factor numbers. So I figure out kind of what prime factors are the kind of that you need to multiply together to get some number. Even if that number is extremely big. Shore's algorithm can also be used to break elliptic curve cryptography. Um, it can break like any kind of hidden order groups. Like it breaks a lot of kind of cryptographic, nice things that we're used to. But the good news is that for every and of major use of uh things that shore's algorithm breaks, we already know of quantum proof alternatives .",
          "chapter_name": "Quantum Cryptography and Bitcoin's Core Idea"
        },
        {
          "speaker": "Vitalik Buterin",
          "speech": "Now we don't use these quads improve alternatives yet because in many cases they're 5 to 10 times was efficient. But and the crypto industry in general kind of notice that this is coming eventually and it's kind of ready to take the head and switch to that stuff when when we have to the second algorithm that is relevant to cryptography is Grover's algorithm. And in Grover's algorithm might even be a more familiar to ai people that's basically usually described as solving search problems. But the idea here is that if you have a problem of the form , find a number that satisfies some property um then if with a classical computer you need to try and end times before before you find the number, then with a quantum computer, you only need to do a square root of n computations. And the Grovers could potentially be used for mining, but there's two possibilities here. One is that Grover's could be used for mining and whoever creates the first working quantum computer that could do Grovers will just mind way faster than everyone else and we'll see another round of uh what we saw when a six came out, which is the kind of the new hardware just kind of dominated the old stuff and then eventually it switched to a new equilibrium. But by the way, way faster.",
          "chapter_name": "Quantum Cryptography and Bitcoin's Core Idea"
        },
        {
          "speaker": "Vitalik Buterin",
          "speech": "Not exponentially faster. Radically fast. Radically faster. Which is not sort of uh It's not game changing, I would say it's like a six like you said, it would be. Exactly yeah. So it would not necessarily break proof of work as of right now.",
          "chapter_name": "Quantum Cryptography and Bitcoin's Core Idea"
        },
        {
          "speaker": "Vitalik Buterin",
          "speech": "The other kind of possible world right, is that quantum computers have a lot of overhead. There's a lot of complexity involved in maintaining quantum states. And there's also as we've been realizing recently, making quantum computers actually work requires kind of quantum error correction which requires kind of 1000 real cubits per logical cubit. And so there's the very real possibility that the overhead of running a quantum computer will be higher than the speed up you get with Grover's which would be kind of sad but which would also mean that given proof of work we'll just keep working fine. So beautifully put. So so proof of work is the core idea of Bitcoin.",
          "chapter_name": "Quantum Cryptography and Bitcoin's Core Idea"
        },
        {
          "speaker": "Vitalik Buterin",
          "speech": "Is there other core ideas before we kind of take a step towards the origin story and the ideas of ethereum. Is there other stuff that were key to the white paper of Bitcoin? There is proof of work and then there's just the cryptography is just kind of public keys and signatures that are used to uh verify transactions. Those two of the big things. So then what is um the origin story? Maybe the human side but also the technical side of ethereum. Sure. So I joined the Bitcoin community in 2011 and they started by just writing, I first wrote for this sort of online thing called Bitcoin weekly.",
          "chapter_name": "Quantum Cryptography and Bitcoin's Core Idea"
        }
      ]
    },
    {
      "name": "Decentralization: The Future of Human Society",
      "content": [
        {
          "speaker": "Lex Fridman",
          "speech": "Then I started writing for Bitcoin magazine and uh sorry to interrupt you have this funny kind of story true or not is uh that you're disillusioned by the downsides of centralized control. From your experience with, wow world of warcraft, is this truer you're just being witty, I mean the event is true of the fact that that's the reason I do decentralization is witty. Maybe just a small tangent. Do you have you always had a skepticism of centralized control? Is that has that feeling evolved over time or is that just always been a core feeling that decentralized control is the future of human society. It's definitely been something that felt very attractive to me ever since I could afford that, such a figure as possible possible even. Yeah, So great. So you, are, you joined the Bitcoin community in 2011?",
          "chapter_name": "Decentralization: The Future of Human Society"
        },
        {
          "speaker": "Lex Fridman",
          "speech": "You said you began writing, so what's next, started writing? Uh moved from high school to university halfway in between that and spent a year in university um then at the end of that year I dropped out to do a Bitcoin things full time and this was a combination of continuing the right Bitcoin magazine, but also increasingly work on software project and I traveled around the world for about six months and just going to different Bitcoin communities like I went to first in new Hampshire, then spain and other european voices, Israel and in san Francisco and along the way and I've met a lot of other people that are working on different Bitcoin project and when I was in Israel there were some kind of very smart teams there that were working on ideas that people were starting to kind of called Bitcoin two point oh, so one of these works covered coins, which is basically saying that hey let's not just use the Blockchain for Bitcoin but it's also a kind of issue other kinds of assets on it. And then there was a protocol called master coin that supported issuing assets but also supported many other things like financial contracts like domain name registration and a lot of different things together. And I um spent some time working with these teams and I quickly kind of realized that this master coin protocol could be improved by kind of generalizing it more. Right?",
          "chapter_name": "Decentralization: The Future of Human Society"
        },
        {
          "speaker": "Vitalik Buterin",
          "speech": "So that the analogy I use is a domestic one protocol was like the swiss army knife. You have 25 different transaction types for 25 different applications . But what I realized is that you can replace a bunch of them with things that are more general purpose. So one of them was that you could replace like three transaction types for three types of financial contracts with a generic transaction type for a financial contract. Just watch you specify a mathematical formula for kind of how much money each side gets. By the way it's a small pause what you say financial contract, just the terminology, what is the contract?",
          "chapter_name": "Decentralization: The Future of Human Society"
        },
        {
          "speaker": "Vitalik Buterin",
          "speech": "What's a financial contract? So this is just generally an agreement where kind of either one or two parties kind of put collateral kind of in um and then they depending on the kind of certain conditions like this could involve prices of assets that could involve different um the actions of the two parties could involve other things, They kind of get different amounts of uh of assets out that has just depend on things that happened. So contract is really a financial contract is at the core, it's the core interactive element of the financial system. Yeah, there's, there's many different kinds of financial contracts, like there's things like options where you kind of give someone the right to buy a thing that you have for some specific price for some period of time. There's a contracts for difference where you basically are kind of making a bet that says like For every dollar, this thing goes up, I'll give you $7 or for every dollar, the thing goes down. You give me $7 or something like that. Yeah, but the main idea that these contracts have to be enforced and trusted them.",
          "chapter_name": "Decentralization: The Future of Human Society"
        },
        {
          "speaker": "Vitalik Buterin",
          "speech": "Yes, exactly. You have to trust that they will work out in a system where nobody can be trusted. Yes, this is such a beautiful complicated system. Okay, so uh so you were seeking to kind of generalize this basic framework of contracts. So what does that entail? So what what technically are the steps to creating a theory? Um Sure.",
          "chapter_name": "Decentralization: The Future of Human Society"
        }
      ]
    },
    {
      "name": "Evolutionary Blockchain: Vitalik's Master Plan",
      "content": [
        {
          "speaker": "Vitalik Buterin",
          "speech": "So I guess just to kind of continue a bit with this master coin story. So started by and of giving ideas for how to generalize the thing and eventually this turned into a much more kind of fully fledged proposal that just says, hey, how about you scrap all your futures and instead you just put in this programming language and I gave this idea to them and their response was something like, hey, this is great, but this seems complicated and it seems like something that we're not going to be able to put onto a road map for a while. And my response to this was like, wait, do you not realize how evolutionary this is ? We'll just go do it myself. And then I was the name of the programming of which I just called it ultimate scripting. Uh so then I go and I went through a couple more rounds of iteration and then the idea for a theory of itself started to form. Um and the idea here is that you just have a Blockchain where the core unit of the thing is what we call contracts as these and if accounts that can hold assets and they have their own internal memory but that are controlled by a piece of code. And so if I send some ether to a contract, the only thing that can determine where that kind of either the currency inside ethereum and it goes after that um is uh the code of that contract itself. And so basically kind of sending assets to computer programs becomes this kind of paradigm for creating the incentive agreement, self executing agreements, self executing as so cool, the code is sort of part of this contract, so that that's what's meant by smart contracts. Yeah, so how hard was it to build this kind of thing, harder than expected?",
          "chapter_name": "Evolutionary Blockchain: Vitalik's Master Plan"
        },
        {
          "speaker": "Lex Fridman",
          "speech": "Um And originally I actually thought that this would be a thing that I would kind of casually work on for a couple of months published and then go back to university, um Then I released it and a bunch of people, or I released a white paper, white paper that is the idea of the white paper, a whole bunch of people came in offering to help a huge number of people and have expressed interest and this was something that was totally not expecting. And then I kind of realized that this would be something in this kind of much bigger than I had ever thought that it would be. And then we started on this kind of much longer developments log of making something that lives up to this sort of much higher level of expectations. What are some of the is it fundamental like software engineering challenges their social? Okay, so there's a social, so what are the biggest interesting challenges that you've learned about human civilization and in software engineering through this process ? So I guess one of the challenges for me is that like I'm one of the kind of apparently unusual geek scores kind of never treated with anything but kindness in school. Um and so when I got into crypto I kind of expected everyone would just kind of be the same kind of altruistic and nice in that same way. Um but the kind of The algorithm that I used for finding co founders for this thing was not very good, it was literally what computer scientists call the greedy algorithm, it's kind of the 1st 15 people who applied back offering to help kind of are the co founders, you mean, like literally the people that form will form to be the the founders, co founders of the community, the algorithm , I like how you call the algorithm. Yeah. Um and so what happened was that these like, especially as the project got really big, like there started to be a lot of this kind of infighting and there are a lot of like I wanted the thing to be a non profit and some of them wanted to be a for profit.",
          "chapter_name": "Evolutionary Blockchain: Vitalik's Master Plan"
        }
      ]
    },
    {
      "name": "Cryptocurrency Governance Challenges and Technology Complexity",
      "content": [
        {
          "speaker": "Vitalik Buterin",
          "speech": "Um and then there started to be people who are just kind of totally unable to work with each other, there were people that were kind of trying to get an advantage for themselves in a lot of different ways and this uh just about six months later led to this big governance crisis and then we got a reshuffled leadership a bit and then uh the project kept on going, then nine months later, there was another governance crisis and then there was a third governance crisis and so is there a way to, if you're looking at the human side of things, is there a way to optimize this aspect of the Cryptocurrency world, it seems that there is uh from my perspective, there's a lot of different characters and personalities and egos and like you said, uh I don't know if, you know, I also like to think that most of the world, mostly people in the world, are well intentioned, but the way those intentions are realized may perhaps come off as uh as as negative, like what is there, is there a hopeful message here about creating a governance structure for Cryptocurrency that where everyone gets along and after about four rounds of reshuffle, like I think we've actually come up with something that seems to be pretty stable and happy. Um I think uh I mean , I definitely do think that most people are well intentioned. I just think that like one of the reasons why I like decentralization is just because there's like this thing about power where power attracts people with egos and so that just allows us a very small percentage of people that just ruin so many things . You think you go as a you think ego has a use like his ego always bad, it seems like sometimes does, but then the theory research team, I feel like we've found uh some kind of a lot, a lot of very good people that are just and if primarily is just interested in things for the technology and uh things seem to just generally be going quite well. Yeah, when you're when the focus and the passion is an attack, so on the so that's the human side of things, but the technology side, like what have you learned, what have been the biggest challenges of bringing a theory into life on the technology side? So I think first of all just you know, there's like the first law of software development, which is that when someone gives you a timetable to which the unit of time to the next largest unit of time and had one and like we basically fell victim to that.",
          "chapter_name": "Cryptocurrency Governance Challenges and Technology Complexity"
        },
        {
          "speaker": "Vitalik Buterin",
          "speech": "Um and uh So instead of taking like three months and ended up taking like 20 months to watch the thing. Um and that was just I think underestimating this year, executable complexity over the thing. Um There are research challenges, like so for example, one of the things that we've been saying from the start that we would do one is a switch from proof of work to a proof of stake, more proof of stake is to this alternative consensus mechanism where instead of having to waste a lot of computing power on solving these mathematical puzzles that don't mean anything, you kind of proved that you have access to coins inside of the system and this uh that it gives you some level of participation in the consensus. Can you maybe elaborate on that a little bit, I understand the idea of proof of work, uh I know that a lot of people say that the idea of proof of stake is really appealing. Can you maybe Lyn Gardner no longer explain what it is. Sure.",
          "chapter_name": "Cryptocurrency Governance Challenges and Technology Complexity"
        },
        {
          "speaker": "Vitalik Buterin",
          "speech": "So basically the idea is like if I kind of lock up 100 coins, then I turned that into a kind of quote virtual minor and the system itself kind of automatically and randomly assigns that in a virtual minor has the right to create blocks at particular intervals and then if someone else has 200 coins and they lock unlock those 200 coins, then they get a kind of twice as big virtual minder , they'll be able to create blocks twice as often. So it tries to do similar things to proof of work except instead of the thing and a great limiting your participation being your ability to crank out solutions to kind of hash challenges the thing that really gets your participation is kind of how much coins here and of locking into this mechanism . Okay, so interesting. So that that limited participation doesn't require you to run a lot of compute uh does that mean that the richer you are so rich people um are more like their identities more right. And this stable , Yeah, verifiable or whatever, whatever the right terminology is. Right. And this is definitely a copied critique. I think my usual answer to this is that like proof of work is even more of that kind of system is Exactly yeah because I I didn't mean it in that statement is a criticism. I think you're exactly right. That's equivalent that proof of work is the same kind of thing.",
          "chapter_name": "Cryptocurrency Governance Challenges and Technology Complexity"
        },
        {
          "speaker": "Vitalik Buterin",
          "speech": "But in the before Q. Have to also use physical resources. Yes. And burn computers and burn trees and all of that stuff. Is there a way to mess with the system of the proof of proof of stake?",
          "chapter_name": "Cryptocurrency Governance Challenges and Technology Complexity"
        }
      ]
    },
    {
      "name": "Ethereum 2.0: Proof of Stake, Charting, and Cryptocurrency's Future",
      "content": [
        {
          "speaker": "Vitalik Buterin",
          "speech": "There is but you'll once again need to have a very large portion of all the coins that are locked in the system to do anything bad. Got it.",
          "chapter_name": "Ethereum 2.0: Proof of Stake, Charting, and Cryptocurrency's Future"
        },
        {
          "speaker": "Vitalik Buterin",
          "speech": "Yeah. And just that maybe take a small change in one of the criticisms of Cryptocurrency is the fact that I guess for the proof of work mechanism have to use so much energy in the world is one of the motivations of proof of stake is to move away from this. Like what's your sense of the uh maybe I'm just under informed. Is there like legitimately environmental impact from this. Yeah. So the latest thing was that Bitcoin consumed as much energy as the country of Austria or something like that.",
          "chapter_name": "Ethereum 2.0: Proof of Stake, Charting, and Cryptocurrency's Future"
        },
        {
          "speaker": "Lex Fridman",
          "speech": "And then ethereum is like right now maybe only like half an order of magnitude smaller than Bitcoin. I've heard you talk about a theory into. So what's the What's the dream of a theorem two. So what's the the status of proof of stake because the mechanism that a theory moves forwards and also how do you move to a different mechanism of consensus with within the Cryptocurrency? So ethereum 2.0 is a collection of major upgrades that we've wanted to do to ethereum for quite some time. The two big ones, one is a proof of stake and the other is called charting.",
          "chapter_name": "Ethereum 2.0: Proof of Stake, Charting, and Cryptocurrency's Future"
        },
        {
          "speaker": "Vitalik Buterin",
          "speech": "Um, charting solves another problem with block chains, which is a scalability and what Chardin does is it basically says instead of every participant in the network having to personally download and verify every transaction. Every participant in the network only downwards and verifies a small portion of transactions and you kind of randomly distribute who gets how much work. Um and because of how the distribution is random, it still has the property that you need a large portion of the entire network to corrupt what's going on inside of any shard but the system is still at a very redundant and very secure. That's brilliant. How hard is that to implement and how hard is proof of stake to implement? Like on a technical level, software level, proof of stake and charting are both challenging .",
          "chapter_name": "Ethereum 2.0: Proof of Stake, Charting, and Cryptocurrency's Future"
        },
        {
          "speaker": "Vitalik Buterin",
          "speech": "Might say charting is a bit more challenging. The reason is that proof of stake is kind of just a change to the cow, the consensus lawyer works, charting does both that but it's also a change to the networking layer. Um the reason is that charting is kind of pointless if at the networking layer, you still do what you do today , which is your kind of gossip everything. Which means that if someone publishes something every other note and the client hears it from on the networking layer. And so instead we have to have a sub networks and the ability to quickly switch between sub networks and other sub networks talk to each other.",
          "chapter_name": "Ethereum 2.0: Proof of Stake, Charting, and Cryptocurrency's Future"
        },
        {
          "speaker": "Vitalik Buterin",
          "speech": "This is all doable, but it's a yeah, more complex architecture and it's definitely the sort of thing that has not yet been done in Cryptocurrency. So most, most of the networking layer and uh Cryptocurrency is you're shouting, you're like broadcast messages and this is more like at hawk networks like you're shouting within smaller groups, smaller group. But do you have like a bunch of subjects like exactly, you have to switch between. Oh man, I'd love to see the uh it's a beautiful idea uh from a graph theoretic perspective, but just the software that who's responsible is the theorem project, like the people involved, would they be implementing like, what's the actual, you know, this is like legit software engineering, uh who like how does that work? How do people collaborate build that kind of project? Is this like almost like is there a soft engineering lead? Is there? It's like is a legit almost like large scale open source project. There is, Yeah. So we have someone named Danny Ryan on our team who has just been brilliant and great all around and he is a kind of de facto kind of development coordinator, I guess it's like you have to invent job titles for this stuff.",
          "chapter_name": "Ethereum 2.0: Proof of Stake, Charting, and Cryptocurrency's Future"
        }
      ]
    },
    {
      "name": "Ethereum 2.0: Vitalik Buterin on Proof of Stake, Casper FFG E, and Future Timeline",
      "content": [
        {
          "speaker": "Vitalik Buterin",
          "speech": "And the reason is that like we also have this unique kind of organizational structure where they fear and foundation itself and it does research in the house, but then the actual implementation is done by independent teams that are separate companies and they're located all around the world and like fun places like Australia um and so you know, you kind of just need a bunch of and almost nonstop cat hurting to just keep getting these people to kind of talk to each other and kind of implement this back, make sure that everyone agrees on kind of what's going on and kind of how to interpret different things. So how far into the future are we from these two mechanisms and ethereum 2.0 like what's what's your sense at the time line? Keeping in mind the previous comment you made about the sort of general curse of software projects. So Ethereum 2.0, is split into three phases. So phase zero just creates a proof of stake network and it's actually separate from kind of proof of uh the proof of work network at the beginning, just to kind of give it time to grow and improve itself. Do people get to choose, sorry to interrupt?",
          "chapter_name": "Ethereum 2.0: Vitalik Buterin on Proof of Stake, Casper FFG E, and Future Timeline"
        },
        {
          "speaker": "Vitalik Buterin",
          "speech": "Do people get to choose? I guess we get to choose to move over if they want to, then phase one adds charting, but it only adds charting of an of data storage and not charting of computation. And then after that there is an of the merger phase which is where the and if the accounts kind of smart contracts like all of the kind of activity and uh the existing each one system just kind of gets cut and pasted into eighth two and then the proof of work chain gets forgotten and then and things, all the things that were living there before it just kind of continue living inside of the proof of stake system. So for timelines, um phase zero has been uh and of almost fully implemented. Um and now it's just a matter of a whole bunch of security auditing and testing. Um my own experience is that right now, it feels like we're at about a phase comparable to when we were doing uh the original theory on launch, when we were maybe about four months away from lunch, but that's just a hunch then you can that's just a hunch. So how, you know, it took, it took like over a decade for people to move from python two to python three, How do you see the move from like this phase zero of for for different consensus mechanisms, do you see there being a, a drastic face shift and people just kind of jumping to this butter mechanism.",
          "chapter_name": "Ethereum 2.0: Vitalik Buterin on Proof of Stake, Casper FFG E, and Future Timeline"
        },
        {
          "speaker": "Lex Fridman",
          "speech": "So in phase zero, I don't expect too many people to do much because in phase zero and phase one the new chain going to deliberately and it doesn't have too much functionality to our none it's there just like if you want to be a proof of stake validator you can get things started. If you want to store data for other Blockchain applications you can get started but existing applications will largely keep living on each one and then when the merger happens then the merger is a operation that happens all at once. So that's kind of one of the benefits. If I can send the system that make on the one hand you have to coordinate the upgrade. But on the other hand the upgrade can be coordinated. So what's Casper ffG",
          "chapter_name": "Ethereum 2.0: Vitalik Buterin on Proof of Stake, Casper FFG E, and Future Timeline"
        },
        {
          "speaker": "Vitalik Buterin",
          "speech": "E by the way, Casper FFG E is the consensus algorithm that we are using for other proof of stake. Is there something interesting specific about Casper fFG E like some beautiful aspect of it that there is. So Casper FFG E combines together kind of two different schools of a consensus algorithm design. So the general two different schools of the of the design . All right, One is a 50% fault tolerant but dependent on network synchrony.",
          "chapter_name": "Ethereum 2.0: Vitalik Buterin on Proof of Stake, Casper FFG E, and Future Timeline"
        },
        {
          "speaker": "Vitalik Buterin",
          "speech": "So 50% fault fault tolerant but it can tolerate up to 50% of faults but not more but it depends on an assumption that all of the notes can talk, talk to each other within some and have a limited period of time like if I send a message, you'll receive it within a few seconds. Um and the second school is 33% fault tolerant but safe under a synchrony, which means that like if we agree on something then that thing is finalized and even if the network goes horribly wonky, the second after that thing is finalized, there's no way to revert that thing. Um and fascinating how you would make that happen. It's definitely quite clever. I recommend the Casper fFG e paper if you just search like archive as in like a Rx I ve, Casper fFG idiots. That's an archive. The papers on archive. Yeah. Who are the authors myself and Virgil Griffith? That's awesome. Take a small tangent.",
          "chapter_name": "Ethereum 2.0: Vitalik Buterin on Proof of Stake, Casper FFG E, and Future Timeline"
        },
        {
          "speaker": "Vitalik Buterin",
          "speech": "This idea of just putting out white papers and papers and putting them on archive and just putting them publicly. Is that, is that at the core , is that a necessary component of currency? Is that the tradition started with uh Satoshi Nakamoto. So what do you make of it? Like what do you make of the future of that kind of sharing of ideas? I guess",
          "chapter_name": "Ethereum 2.0: Vitalik Buterin on Proof of Stake, Casper FFG E, and Future Timeline"
        }
      ]
    },
    {
      "name": "Crypto's Open-Source Revolution: Collaboration, Innovation, and Ethereum's Casper FFG.",
      "content": [
        {
          "speaker": "Vitalik Buterin",
          "speech": "so yeah. And it's definitely something that's like kind of mandatory for crypto because like crypto is all about making systems where you know, you don't have to trust the operators to trust that the thing works .",
          "chapter_name": "Crypto's Open-Source Revolution: Collaboration, Innovation, and Ethereum's Casper FFG."
        },
        {
          "speaker": "Vitalik Buterin",
          "speech": "And so if anything behind our system works is closed sourced and that kind of kills the point and so there is the kind of a sense in which the fundamental properties of the category of the thing where it's magnet build just kind of forces openness but also openness just has proven to be a really great way to collaborate. And then there's actually a lot of it of innovation and academic collaboration that's just kind of happened at Hawk in the crypto space in the last few years . So like for example, we have this forum called keith Research that's like E T H R E S C A R then dot ch um and there we publish kind of just ideas in a form that's kind of half formal, like it's halfway in between like it's it's a kind of a text right up and you can have math in it, but it's often in a much shorter than a paper. And No, it turns out that the great majority of new ideas, like they're just kind of fairly small nuggets that you can explain in like 5 to 10 lines that they don't really need the whole format paper. Exactly.",
          "chapter_name": "Crypto's Open-Source Revolution: Collaboration, Innovation, and Ethereum's Casper FFG."
        },
        {
          "speaker": "Vitalik Buterin",
          "speech": "They don't require the kind of like 10 pages of an a filler. And so introduction conclusion is not needed. Yeah. And so instead you just kind of published the idea that people are capable comments on it and it's brilliant. Yeah, this has been great for us. I think I interrupted you. Was there something else on cast refugee?",
          "chapter_name": "Crypto's Open-Source Revolution: Collaboration, Innovation, and Ethereum's Casper FFG."
        },
        {
          "speaker": "Vitalik Buterin",
          "speech": "Just Casper FFG e is just kind of combines together these two schools. Um, and so basically it creates this system where If you have more than 50% that are honest then um, and you have a network synchrony than the thing kind of goes as a chain. But then if network synchrony fails, then kind of the last few blocks in the chain might um we kind of get replaced. But anything that was finalized by this kind of more asynchronous process gets uh, can't be reverted. And so you essentially get a kind of best of both worlds between those two models. Okay , so I know what I'm doing to them. You're reading the cast refugee paper uh, apologize for the romanticized question. But what do you are some or the most beautiful idea in the world of ethereum?",
          "chapter_name": "Crypto's Open-Source Revolution: Collaboration, Innovation, and Ethereum's Casper FFG."
        },
        {
          "speaker": "Vitalik Buterin",
          "speech": "Just something surprising.",
          "chapter_name": "Crypto's Open-Source Revolution: Collaboration, Innovation, and Ethereum's Casper FFG."
        }
      ]
    },
    {
      "name": "Ethereum's Emergence: Powerful, Beautiful, and Revolutionary.",
      "content": [
        {
          "speaker": "Vitalik Buterin",
          "speech": "Something beautiful. Something powerful. Yeah. I mean I think the fact that money can just emerge out of a database if enough people believe in it, I think is definitely one of those things that's up there.",
          "chapter_name": "Ethereum's Emergence: Powerful, Beautiful, and Revolutionary."
        },
        {
          "speaker": "Lex Fridman",
          "speech": "I think one of the things that I really love about ethereum is also this concept of compose ability. So this is the idea that like if I build an application on top of ethereum then you can build an application that talks to my application and you don't even need my permission. You don't even need to talk to me. So one really fun example of this is there was this kind of game on a theory. I'm called crypto kitties. The just involvement of breeding digital cats and someone else created a game called crypto dragons where the way you play crypto dragons as you have a dragon and you have to feed it crypto kitties. And they just created the whole thing just like as an ethereum contract that you would send these uh these tokens that are defined by this other ethereum contract. And for the interoperability to happen like the projects and don't really need to like the teams don't really need to talk to each other. You just kind of interface with the existing program. So arbitrarily compose a bill in this kind of way.",
          "chapter_name": "Ethereum's Emergence: Powerful, Beautiful, and Revolutionary."
        },
        {
          "speaker": "Lex Fridman",
          "speech": "So you have different uh groups that could be working. So you could see it scaling to just outside of dragons and kitties. It could be, you can build like entire ecosystems of software. Yeah, especially in the decentralized finance space that's been popping up in the last two years. There has been a huge amount of really interesting things happened as a result of this is a particular kind of like financial applications kind of thing. Yeah,",
          "chapter_name": "Ethereum's Emergence: Powerful, Beautiful, and Revolutionary."
        },
        {
          "speaker": "Vitalik Buterin",
          "speech": "I mean there's like stable coins. So this is a kind of tokens retain value equal to $1 but they're kind of backed by crypto Cryptocurrency. Um then there's decentralized exchanges. So when as far as decentralized exchanges goes, there's this uh really interesting construction that has existed for about one and 1.5 years now. Called unit swap. So what unit swap is? It's a smart contract that holds balances of two tokens? We'll call them token and token B. And it maintains an invariance that the balance of token a multiplied by the balance of token B has to equal the same value. And so the way that you trade against the thing is basically like you have this kind of curve, you know like X times Y equals K.",
          "chapter_name": "Ethereum's Emergence: Powerful, Beautiful, and Revolutionary."
        },
        {
          "speaker": "Vitalik Buterin",
          "speech": "And yeah, before you trade it's at some point on the curve, after you traded just like pick some different any other points on the curve and then whatever the delta X. Is that steam out of a tokens? You provide whatever the delta Y. Is that steam out of the tokens you get or vice versa. And that's just and then kind of the slope at the current point on the curve and it is the price. Um and so that just is the whole thing and that just allows you to have this exchange for tokens and even if there's very few participants and the whole thing is just like so simple and it's just very easy to set up very easy to participate in and it just provides so much value to people . So and uh the fundamental the distributed application infrastructure and allows that somehow. Yes . So this is a smart contract meeting, this is all a computer program that's just running on ethereum smart contracts to are just fascinating. They are Okay. Do you think Cryptocurrency may become the main currency in the world one day.",
          "chapter_name": "Ethereum's Emergence: Powerful, Beautiful, and Revolutionary."
        },
        {
          "speaker": "Vitalik Buterin",
          "speech": "So what do you think we're headed in terms of the role of currency, the structure type of currency in the world? I definitely expect uh fiat currencies to continue to exist and continue to be strong and I definitely expect kind of fiat currencies to also digitize in their own way over the next couple of decades. What's fiat currency by the way? Oh just like things like us dollars and dollars and euros and yen and these other things and there sort of backed by governments. Yes, but I also expect and of cryptocurrencies to play this kind of important role in just making sure that people always have an alternative if fiat currency start breaking. So like if or if you're in, you know, some have a very high inflation place like Venezuela for example or if uh you're, my country just kind of gets cut off from like um cut off from other financial systems because of like something the banks do give any kind of, if there's even like some major trade disruption or something worse happens then like cryptocurrencies are the sort of thing that just because of the kind of global neutrality, they're just always there and you can keep using them. It's interesting that you're quite humble about the possibilities of the future of Cryptocurrency, you don't think there's a possible future where it becomes the main set of currency because it feels like feta, it feels like the centralized control by governments of currencies limiting. Somehow. Maybe my naive utopian view of the world. It's uh it's definitely very possible.",
          "chapter_name": "Ethereum's Emergence: Powerful, Beautiful, and Revolutionary."
        },
        {
          "speaker": "Vitalik Buterin",
          "speech": "Uh I think like for cryptocurrencies being the main form of value to and of work well like you do need to have some much more price stability than they have today. And I mean there are now stable coins and there are kind of cryptic Cryptocurrency is to try to be more stable than existing things like Bitcoin and ether. But uh that just is to me the kind of the main challenge. Do you think that's do you think that's a characteristic of just just being the early days is such a young concept in 10 years is nothing in the history of money? Yeah and I think it's a combination of two things. Right ?",
          "chapter_name": "Ethereum's Emergence: Powerful, Beautiful, and Revolutionary."
        }
      ]
    },
    {
      "name": "Cryptocurrency Science: Beyond Hype and Charlton",
      "content": [
        {
          "speaker": "Vitalik Buterin",
          "speech": "One is it's uh it's still early days but the other is a kind of more durable any kind of economic problem which is that demand for currency is volatile, right? Because of like recessions booms, changes to technology, lots of things and if people's demand for how much currency they want to hold changes. And if you have a currency that has a fixed supply, then the change in demand has to be entirely expressed as a change in value of the currency. And so what that means is that kind of the volatility of demand becomes entirely translated into volatility and head of prices of things denominated in that currency. But if you have a currency where instead the supply can change and so the supply can kind of go up when there's more demand than you have the supply. And of absorbing more of that volatility. And so the price of the currency would absorb lots of volatility on that topic.",
          "chapter_name": "Cryptocurrency Science: Beyond Hype and Charlton"
        },
        {
          "speaker": "Lex Fridman",
          "speech": "So Bitcoin does have a limited supply specific fixed supply. Uh What's what's the idea and the ethereum doesn't. But can you clarify just in the comment you just made is a theory um qualify to the kind of currency that you're talking about and being flexible in the supply. It's a bit more flexible but kind of the thing that you would really want is something that's kind of specifically flexible in response to how valuable the currency is. And and I'd recommend and you know look at stable coins as well. So like things like die for example it's and like all that D. A. I. And what what's stable coins? Is that the type of Cryptocurrency?",
          "chapter_name": "Cryptocurrency Science: Beyond Hype and Charlton"
        },
        {
          "speaker": "Vitalik Buterin",
          "speech": "It is the type of Cryptocurrency, it's a type of Cryptocurrency that's issued by a smart contract. One of these ethereum computer programs that were the smart contract holds a bunch of ether and then it is basically like that people deposit and then it issues die. And the reason why people deposit is because they want to kind of go high leverage on their ether. And so it kind of pairs these two sets of users, one that wants stability and one that kind of wants extra risk together with each other. And it basically creates some Or gives one set of participants a guarantee that there will be that they have this asset that can, that can be a later converted back into either. But like specifically kind of the $1 rate. It has some kind of stabilizing network offense. It has, yeah, it has many kinds of stabilizing mechanisms in it. That's fascinating. Okay, this world is awesome technically just from a scientific perspective is an awesome world that I often don't see from an outsider's perspective, what I often see is kind of uh maybe hype and a little bit if I may say so like Charlton is um and you don't often see at least from my outsider's perspective, the beautiful science of it and engineering of it maybe is there a comment you can make of who to follow, how to learn about this world without being interrupted by the Charlton's and the hype people in this space.",
          "chapter_name": "Cryptocurrency Science: Beyond Hype and Charlton"
        },
        {
          "speaker": "Lex Fridman",
          "speech": "I think you do need to just know the specific, just people to follow. Like there's yeah, there's all that kind of the cryptographers and the researchers and there's just like even just the ethereum research crew like myself like damn crab Danny Justin one of the other people are and then and if the academic cryptographers and you're like before this today I was at stanford and stanford has the center from watching research and of dan Bonnie this and really uh famous and great cryptographer um uh running it and there's a lot of other people there and there's people working on zero knowledge proofs for example. And um zuko from A Z cash as of one other person that I yeah you respect. So if you follow the technical, you crawl along that you just start with the steering group and then look at the academics day Bonnie and so on and then just cautiously expand the network of people you follow.",
          "chapter_name": "Cryptocurrency Science: Beyond Hype and Charlton"
        },
        {
          "speaker": "Vitalik Buterin",
          "speech": "Exactly. And like if someone seems to to self promotional then just remove them. Is their books there. So there's these white papers and we just discussed about about ideas being condensed into really small parts is their books that are emerging that are kind of good introductory materials for a historical ones. And there's like Nathaniel Popper's digital gold, which is just about the history of Bitcoin. There's like one and then Matthew leasing announced that there's one about the history of ethereum um for technical ones and there's injury a sense Annapolis is mastering ethereum Great. So let me ask you sort of uh sorry to to pull back to the the idea of governments and decentralized currency uh you know there's a tension between decentralization of currency and the power of nations, the power of governments",
          "chapter_name": "Cryptocurrency Science: Beyond Hype and Charlton"
        },
        {
          "speaker": "Lex Fridman",
          "speech": "you uh what's your sense about that tension? Can is there some rule for regulation of currency? Yeah. Is there like is the government the enemy of digital currency of distributed currency or can they be like cautious friends?",
          "chapter_name": "Cryptocurrency Science: Beyond Hype and Charlton"
        }
      ]
    },
    {
      "name": "Buterin on Government Regulation and Blockchain Application",
      "content": [
        {
          "speaker": "Vitalik Buterin",
          "speech": "I mean I think like one thing that people forget is that it's clearly not entirely an enemy because I think if uh there hadn't been so much government regulation on the kind of centralized that like issuing centralized digital currency is done like we'd be seeing things people like google and facebook and twitter are just kind of issuing them left and right.",
          "chapter_name": "Buterin on Government Regulation and Blockchain Application"
        },
        {
          "speaker": "Vitalik Buterin",
          "speech": "And then like if that was the case then decentralized currencies would still appeal to some people, but they definitely would appeal to less people than today. So even in that sense, I think it's uh clearly been and more of a help just going to set the stage for the end of the existence as of of the sector in some ways. But also and I think some of both, you know, like there's definitely things that governments kind of can do in some cases have done to have heard the spread of uh in the growth of uh of block chains, there's things that they've done to help and they've uh in some cases definitely done a good job of and going after fraudulent projects. I ended going after some of the projects that have some of the kind of craziest and most misleading marketing. Um there's also the possibility of the governments will end up using block chains for a lot of different things like you know governments, you know, and they do a lot more than just regulating, right? Like there's also they have the end of identity records and they have kind of like property registry is even their own currency is like secure lots of different kind of things that they're operating and there's even watching applications and a lot of those. Yeah.",
          "chapter_name": "Buterin on Government Regulation and Blockchain Application"
        },
        {
          "speaker": "Vitalik Buterin",
          "speech": "And they can, you know, they can leverage technology do a lot of good for our societies. It is a little unfortunate that governments often lag behind in terms of their acceptance the leverage of technology. If you look at the autonomous vehicle space ai in general, they're uh they're a few years behind. It would be nice to help them catch up . That's uh that's that's always ongoing problem. You met Vladimir Putin to discuss the centralized currency year you're born and uh where were you born Colombia. It's a city about 115 km south of Moscow in Russia. Yes.",
          "chapter_name": "Buterin on Government Regulation and Blockchain Application"
        },
        {
          "speaker": "Lex Fridman",
          "speech": "Yeah. I grew up in Moscow. I mean that's Vladimir Putin is uh is a central figure in this part of the world. So what was that like meeting, meeting him ? What was that experience like? He's tolerant photos than in person.",
          "chapter_name": "Buterin on Government Regulation and Blockchain Application"
        },
        {
          "speaker": "Lex Fridman",
          "speech": "Yeah. Yeah, that's right. He's 5, 7 I think 58 maybe. Yeah, it's uh unfortunately we didn't actually, I kind of have too much of a chance to talk to him. Like I managed to see him for about one minute at the end of this meeting and I",
          "chapter_name": "Buterin on Government Regulation and Blockchain Application"
        }
      ]
    }
  ]
}