{
  "speakers": [
    "Lex Fridman",
    "William MacAskill"
  ],
  "episode_name": "84-william-macaskill-effective-altruism",
  "chapters": [
    {
      "name": "AI Podcast: Lex Friedman Interviews William Macaskill on Effective Altruism",
      "content": [
        {
          "speaker": "Lex Fridman",
          "speech": "The following is a conversation with William Macaskill . He's a philosopher ethicist and one of the originators of the effective altruism movement. His research focuses on the fundamentals of effective altruism are the use of evidence and reason to help others by as much as possible with our time and money, with a particular concentration on how to act given moral uncertainty. He's the author of doing good, better effective altruism and a radical new way to make a difference. He is a co founder and the president of the Center of effective Altruism ce A That encourages people to commit to donate at least 10% of their income to the most effective charities. He co founded 80,000 hours, which is a nonprofit that provides research and advice on how you can best make a difference through your career. This conversation was recorded before the outbreak of the coronavirus pandemic. For everyone feeling the medical, psychological and financial burden of this crisis. I'm sending love your way, stay strong or in this together we'll beat this thing.",
          "chapter_name": "AI Podcast: Lex Friedman Interviews William Macaskill on Effective Altruism"
        },
        {
          "speaker": "Lex Fridman",
          "speech": "This is the artificial intelligence podcast. If you enjoy it, subscribe my youtube review it with five stars on Apple podcast supporter on Patreon are simply connect with me on twitter. Elex Friedman spelled F R. I D. M A N. As usual, I'll do one or two minutes of ads now and never in the ads in the middle they can break the flow of the conversation. I hope that works for you and doesn't hurt. The listening experience . This show was presented by cash app. The number one finance app in the app store When you get it used collects podcast Cash app, lets you send money to friends buy Bitcoin and invest in the stock market with as little as $1. Since cash app allows you to send and receive money digitally peer to peer and security and all digital transactions is very important. Let me mention that Pc I data security standard that cash app is compliant with. I'm a big fan of standards of safety and security. B. C. I. D. S. S is a good example of that.",
          "chapter_name": "AI Podcast: Lex Friedman Interviews William Macaskill on Effective Altruism"
        },
        {
          "speaker": "Lex Fridman",
          "speech": "Or a bunch of competitors got together and agreed that there needs to be a global standard around the security of transactions. Now we just need to do the same for autonomous vehicles and Ai systems in general. So again, if you get cash app from the app store, google play and use the code lex podcast, you get $10 and cash app will also donate $10 to first an organization that is helping to advance robotics and stem education for young people around the world. And now here's my conversation with William Macaskill. What does Utopia for humans and all life on earth look like for you? That's a great question.",
          "chapter_name": "AI Podcast: Lex Friedman Interviews William Macaskill on Effective Altruism"
        }
      ]
    },
    {
      "name": "The Long Reflection: Rational Debate in a World of Immediacy",
      "content": [
        {
          "speaker": "William MacAskill",
          "speech": "What I want to say is that we don't know and the Utopia we want to get to is an indirect one that I call the long reflection. So period of post scarcity no longer have the kind of urgent problems we have today but instead can spend perhaps it's tens of thousands of years debating um engaging in ethical reflection in order before we take any kind of drastic lock in actions like spreading to the stars and then we can figure out what is like what is the kind of model value the long reflection. That's a that's a really beautiful term. So if we look at twitter for just a second, do you think human beings are able to reflect in a productive way? I don't mean to make it sound bad because there is a lot of fights and politics and division in our discourse. Maybe if you zoom out, it actually is civilized discourse, it might not feel like it, but when you zoom out.",
          "chapter_name": "The Long Reflection: Rational Debate in a World of Immediacy"
        },
        {
          "speaker": "Lex Fridman",
          "speech": "So I don't want to say that twitter is not civilized discourse, I actually believe it , it's more civilized than people give it credit for. But do you think the long reflection can actually be stable where we, as human beings with our descendant of a brains would be able to sort of rationally discuss things together and arrive at ideas? I think overall we're pretty good at discussing things rationally and you know at least uh in the earlier stages of our mind of our lives being open to many different ideas and um being able to be convinced and change our views. I think that twitter's designed almost to bring out all of the worst tendencies. So if the long reflection were conducted on twitter uh you know, maybe it'd be better just not even, not even to bother, but I think the challenge really is getting to a stage where we have a society that is as conducive as possible to rational reflection to deliberation. I think we're actually very lucky to be in a liberal society where people are able to discuss a lot of ideas and so on.",
          "chapter_name": "The Long Reflection: Rational Debate in a World of Immediacy"
        },
        {
          "speaker": "William MacAskill",
          "speech": "I think when we look to the future , that's not at all guaranteed that society would be like that rather than rather than a society where there's a fixed canon of values that are being imposed on all society and where you aren't able to question that that would be very bad for my perspective because it means we wouldn't be able to figure out what the truth is. I can already sense we're going to go down a million, a million tangents. But what do you think is the if twitter is not optimal, what kind of mechanism in this modern age of technology can we design? Where the exchange of ideas could be both civilized and productive and yet not to be not be too constrained where there's rules of what you can say and can't say, which is, as you say, it's not desirable but yet not have some limits of what can be said or not and so on. Do you have any ideas, thoughts on the possible future? Of course nobody knows how to do it.",
          "chapter_name": "The Long Reflection: Rational Debate in a World of Immediacy"
        },
        {
          "speaker": "William MacAskill",
          "speech": "But do you have thoughts of what a better twitter might look like? I think that text based media are intrinsically going to be very hard to be conducive to rational discussion . Because if you think about it from an informational perspective, if I just send you a text of less than What is it now, 240 characters doing the native characters, I think that's a tiny amount of information compared to say you and I talking now where you have access to the words I say, which is the same as the text. But also my tone also my body language um and we're very poorly designed to be able to assess, you know, I have to read all of this context into anything you say. So um you know I said maybe your partner sends you a text and as a full stop at the end. Are they mad at you?",
          "chapter_name": "The Long Reflection: Rational Debate in a World of Immediacy"
        },
        {
          "speaker": "Lex Fridman",
          "speech": "You don't know, you have to infer everything about this person's mental state from whether they put a full stop at the end of a text or not. Where the flip side of that. Is it truly text? That's the problem here. Because there's uh there's a viral aspect to the text where it's you could just post text nonstop . It's very immediate, you know, in the times before twitter before the internet, you know the way you would exchange uh texas, you write books and that while it doesn't get body language, it doesn't get toned? it doesn't so on but it does actually boil down after some time thinking some editing so on boiled down ideas.",
          "chapter_name": "The Long Reflection: Rational Debate in a World of Immediacy"
        },
        {
          "speaker": "William MacAskill",
          "speech": "So is the immediacy and the viral nature the out which produces the outrage mobs and so on. The potential problem.",
          "chapter_name": "The Long Reflection: Rational Debate in a World of Immediacy"
        }
      ]
    },
    {
      "name": "Podcasting's Double-Edged Sword: Profit, Popularity, and the Pursuit of Truth",
      "content": [
        {
          "speaker": "William MacAskill",
          "speech": "I think that is a big issue . I think there's going to be the strong selection effect where um something that provokes outrage. Well that's high arousal. You're more likely to uh to the tweet that um where there's kind of sober analysis is not as sexy, not as vital.",
          "chapter_name": "Podcasting's Double-Edged Sword: Profit, Popularity, and the Pursuit of Truth"
        },
        {
          "speaker": "Lex Fridman",
          "speech": "I do agree that long form content um is much better to productive discussion in terms of the media that are very popular at the moment. I think that podcasting is great where like your podcasts are two hours long so they're much more than depth than twitter are. Um and you are able to convey so much more nuance, so much more caveat because it's an actual conversation. It's more like the sort of communication that we've evolved to do rather than kind of these very small little snippets of ideas that when also combined with bad incentives just clearly aren't designed for helping us get to the truth. It's kinda interesting that it's not just the length of the podcast medium",
          "chapter_name": "Podcasting's Double-Edged Sword: Profit, Popularity, and the Pursuit of Truth"
        },
        {
          "speaker": "Lex Fridman",
          "speech": "but it's the fact that it was started by people that don't give a damn about quote unquote demand sort of uh that it's there's a relaxed um sort of the style like that joe Rogan does, there's a freedom to, to um to express ideas in an unconstrained way. That's very real, it's kind of funny in that it feels so refreshingly real to us today and I wonder what the future looks like. It's a little bit sad now that quite a lot of sort of more popular people are getting into podcasting and like, you know, and like and they try to sort of create, they try to control it , they try to constrain it in different kinds of ways. People I love like Conan O'brien and so on different comedians and I'd love to see where the rio aspects of this podcasting medium persists maybe in tv maybe in Youtube, maybe netflix is pushing those kind of ideas and it's kinda, it's really exciting where that kind of sharing of knowledge. Yeah, I mean, I think it's a double edged sword as it becomes more popular and more profitable, where on the one hand you'll get a lot more creativity. Um people doing more interesting things with the medium, but also perhaps you get this place to the bottom where suddenly maybe part it will be hard to find good content on podcasts because uh it will be so overwhelmed by, you know, the latest bit of vital outrage . So speaking of that, jumping on effective alternative for a second.",
          "chapter_name": "Podcasting's Double-Edged Sword: Profit, Popularity, and the Pursuit of Truth"
        },
        {
          "speaker": "William MacAskill",
          "speech": "Uh huh. So so much of that internet content is funded by advertisements just in your in the context of effective altruism. We're talking about the richest companies in the world, They're funded by advertisements essentially google, that's their primary source of income. Do you see that as do you have any um criticism of that source of income? Do you see that source of money as a potentially powerful source of money that could be used? Well, it certainly could be used for good. But is there something bad about that source of money? I think is significant .",
          "chapter_name": "Podcasting's Double-Edged Sword: Profit, Popularity, and the Pursuit of Truth"
        },
        {
          "speaker": "William MacAskill",
          "speech": "What is with it? Where it means that the incentives of the company might be quite misaligned with uh you know, making people's lives better where um again, perhaps the incentives are towards increasing drama and debate on your social news, social media feed in order that more people are going to be engaged perhaps kind of uh compulsively involved with the platform, whereas there are other business models, like having an opt in subscription service where perhaps they have other issues, but there's much more of an incentive to provide a product that its users are just like really wanting because you know, now I'm paying for this product, I'm paying for this thing I want to buy rather than I'm trying to use this thing and it's gonna get a profit mechanism that is somewhat orthogonal to me actually just wanting to use the um use the product.",
          "chapter_name": "Podcasting's Double-Edged Sword: Profit, Popularity, and the Pursuit of Truth"
        }
      ]
    },
    {
      "name": "Data Privacy Paradox: People's Revealed Preferences",
      "content": [
        {
          "speaker": "Lex Fridman",
          "speech": "And so I mean in some cases it will work better than others. I can imagine a Canon theater. You imagine facebook having a subscription service, but I think it's unlikely to happen anytime soon? Well it's interesting and it's weird now that you bring it up that it's unlikely this example I pay I think $10 a month for YouTube red and that's",
          "chapter_name": "Data Privacy Paradox: People's Revealed Preferences"
        },
        {
          "speaker": "Lex Fridman",
          "speech": "and I don't think I get it much for that except just uh so no ads but in general it's just a slightly better experience and I would gladly. No, I'm not wealthy. In fact I'm operating very close to $0. Uh but I would pay 10 bucks a month to facebook and 10 bucks a month to twitter for um some kind of more control in terms of advertisements and so on. But the other aspect of that is data , personal data, people are really sensitive about this.",
          "chapter_name": "Data Privacy Paradox: People's Revealed Preferences"
        },
        {
          "speaker": "William MacAskill",
          "speech": "And I I as one who hopes to one day create a company that may may use people's data to do good for the world . Wonder about this one. The psychology of why people are so paranoid. Well I understand why, but they seem to be more paranoid than is justified at times. And the other is how do you do it? Right? So it seems that facebook as it seems that facebook is doing it wrong.",
          "chapter_name": "Data Privacy Paradox: People's Revealed Preferences"
        },
        {
          "speaker": "William MacAskill",
          "speech": "That's certainly the popular narrative, it's unclear to me actually how wrong, like I tend to give them more benefit of the doubt because there, you know, it's a really hard thing to do, right and people don't realize it, but how do we respect in your view, people's privacy. Yeah, I mean in the case of how worried are people about using the data ? I mean there's a lot of public debate and criticism about it. Um when we look at people's revealed preferences, you know, people's continuing massive use of these sorts of services, uh it's not clear to me how much people really do care. Perhaps they cared a bit, but they're happy to in effect kind of sell the data in order to be able to use a certain service. That's a great term revealed preferences. So these aren't preferences yourself reporting the survey, this is like your actions speak. Yeah, exactly.",
          "chapter_name": "Data Privacy Paradox: People's Revealed Preferences"
        },
        {
          "speaker": "Lex Fridman",
          "speech": "So you might say, oh yeah, I hate the idea of um facebook having my data, but then when it comes to it, you actually are willing to give that data in exchange for um being able to use the service.",
          "chapter_name": "Data Privacy Paradox: People's Revealed Preferences"
        }
      ]
    },
    {
      "name": "Effective Altruism: Doing Good with Rigor and Analytical Thinking",
      "content": [
        {
          "speaker": "Lex Fridman",
          "speech": "Uh And if that's the case then I think um unless we have some explanation about why, why there's some negative externality from that or why there's some coordination failure or if there's something that consumers are just really misled about where they don't realize why giving away data like this is a really bad thing to do. Um then ultimately I kind of want to respect people's preferences. They can give away their data if they want. I think there's a big difference between companies use of data and governments having data where you know looking at the track record of history, governments knowing uh a lot about their people um can be very bad if the government chooses to do bad things with it and that's more wedding I think. So let's jump into it a little bit most people know.",
          "chapter_name": "Effective Altruism: Doing Good with Rigor and Analytical Thinking"
        },
        {
          "speaker": "William MacAskill",
          "speech": "But actually I two years ago I had no idea what effective altruism was. Until I saw there was a cool looking event an M. I. T. Group here. They I think the it's called the effective altruism club or a group. I was like what the heck is that? Um One of my friends said I mean they he said that uh they're just a bunch of eccentric characters. So I was like hell",
          "chapter_name": "Effective Altruism: Doing Good with Rigor and Analytical Thinking"
        },
        {
          "speaker": "William MacAskill",
          "speech": "yes I'm in. So I went to one of their events and looked up, what's it about? It's quite a fascinating philosophical and just a movement of ideas. So can you tell me what is effective altruism? Great. So the court of effective altruism is about trying to answer this question which is how can I do as much good as possible with my scarce resources my time and with my money.",
          "chapter_name": "Effective Altruism: Doing Good with Rigor and Analytical Thinking"
        },
        {
          "speaker": "William MacAskill",
          "speech": "And then once we have our best guess answers to that, trying to take those ideas and put them into practice and do those things that we believe will do the most good and when our community of people uh many thousands of us around the world who really are trying to answer that question as best we can and then use our time and money to make the world better. So what's the difference between sort of uh classical general idea of altruism and effective altruism? So normally when people try to do good, they often often just answer reflective about those attempts. So someone might approach you on the street asking you to give to charity . Um and you know, if you're feeling altruistic, you'll give to the person on the street or if you think, oh, I want to do some good in my life, you might volunteer at a local place or perhaps you'll decide, you know, pursue a career where uh you're working in a field that's kind of more obviously beneficial, like being a doctor or a nurse or healthcare professional. Uh but it's very rare that people apply the same level of rigor and analytical thinking to lots of other areas we think about. So take the case of someone approaching you on the street. Imagine if that person instead was saying, hey, I've got this amazing company, do you want to invest in it? Um It would be insane and no one would ever think, oh of course I'm just the company, like you think it was a scan.",
          "chapter_name": "Effective Altruism: Doing Good with Rigor and Analytical Thinking"
        },
        {
          "speaker": "Lex Fridman",
          "speech": "Um but somehow we don't have that same level of they go when it comes to doing good, even though the stakes are more important when it comes to trying to help others, then trying to make money for themselves. Well, first of all , so there is a psychology at the individual level of doing good just feels good. And so in some sense, on that pure psychological part, it doesn't matter. In fact you don't want to know if it does good or not because most of the time it won't. So like uh in a certain sense it's understandable why altruism without the effective part is so appealing to a certain population, by the way, let's zoom out for a second. Um Do you think most people two questions? You think most people are good Question # two Is do you think most people want to do good? So are most people good? I think it's just super dependent on the circumstances that someone is in.",
          "chapter_name": "Effective Altruism: Doing Good with Rigor and Analytical Thinking"
        },
        {
          "speaker": "William MacAskill",
          "speech": "Um I think that the actions people take and their moral worth is just much more dependent on circumstance than it is on someone's intrinsic character. So is it evil within all of us? It seems like uh like the better angels of our nature. There's a tendency of us as a society to tend towards? Good, less war. I mean with all these metrics, what is that us becoming who we want to be or is that some kind of societal force? What's the nature versus nurture thing here? Yeah.",
          "chapter_name": "Effective Altruism: Doing Good with Rigor and Analytical Thinking"
        }
      ]
    },
    {
      "name": "Doing Good: Why and How?",
      "content": [
        {
          "speaker": "William MacAskill",
          "speech": "So in that case I just think, yeah, so violence is massively declined over time.",
          "chapter_name": "Doing Good: Why and How?"
        },
        {
          "speaker": "William MacAskill",
          "speech": "I think that's a slow process of cultural evolution, institutional evolution, such that Now the incentives for you and I to be violent are very, very small indeed in contest when we were hunter gatherers, the incentives were quite large. If there was someone who was, you know, potentially disturbing the social order in hunter gatherer setting, there was a very strong incentive to kill that person and people did. And it was just the guarded, you know, 10% of deaths among hunter gatherers arguably were murders after hunter gatherers. When you have actual societies is when violence can probably go up because there's more incentive to do mass violence right to um take over other, conquer other people's lands and murder everybody in place and so on. Yeah, I mean, I think total death later the mother from human courses does go down. But you're like that if you're gonna hunt together situation, you're kind of a group that you're part of is very small, then you know, you can't have massive wars that just massive communities don't accept. But anyway, the second question, do you think most people want to do good.",
          "chapter_name": "Doing Good: Why and How?"
        },
        {
          "speaker": "Lex Fridman",
          "speech": "Yeah. And then I think that is true for most people . I think you see that with the fact that um, you know, most people donate, um, a large proportion of people volunteer. If you give people opportunities to easily help other people, they will take it. Um, but at the same time where uh, product of circumstances and if it were more socially rewarded to be doing more good, if it were more socially rewarded to do good effectively, a lot of them not effectively, then we would see that behavior a lot more. Um, so why, why why should we do good? Yeah. My answer to this is there's no kind of deeper level of explanation.",
          "chapter_name": "Doing Good: Why and How?"
        },
        {
          "speaker": "William MacAskill",
          "speech": "So, um, my answer to kind of wife you good is, well there's someone whose life is on the line, for example, whose life you can save um via donating just actually a few $1000 to an effective non profit. Um, like the against malaria foundation, that is a sufficient reason to do good. And then if you ask, well why or I do that, I'm like, I just show you the same fact again those, it's that fact that is the reason to do good. There's nothing more fundamental than that. I'd like to sort of make more concrete the thing we're trying to make better. So you just mentioned malaria.",
          "chapter_name": "Doing Good: Why and How?"
        },
        {
          "speaker": "William MacAskill",
          "speech": "So there's a huge amount of suffering in the world are we trying to remove? So is ultimately the goal? Not ultimately, but the first step is to remove the worst of the suffering. So there's some kind of threshold of suffering they want to make sure it does not exist in the world or do we really naturally want to take a much further step and and look at things like income inequality. So not just getting everybody above a certain threshold, but making sure that there is some uh that that broadly speaking, there's less injustice in the world unfairness in some definition, of course , very difficult to define of fairness. So the metric I use is how many people do we affect and by how much do we affect them ?",
          "chapter_name": "Doing Good: Why and How?"
        },
        {
          "speaker": "William MacAskill",
          "speech": "And so that can often that means eliminating suffering, but it doesn't have to could be helping promote flourishing life instead. And so if I was comparing, you know, reducing income inequality or uh you know, getting people from the very pits of suffering to a higher level um the question I would ask is just a quantitative one of just if I do this first thing or the second thing, how many people am I going to benefit and by how much am I going to benefit? Am I going to move that One person from kind of 10%, well being too 10% well being, perhaps that's just not as good as moving 100 people from 10% well being to 50% well being. And the idea as the diminishing returns is the idea of when you're the, when you're in terrible poverty than The $1 that you give goes much further than if you were in the middle class in the United States, for example. Absolutely.",
          "chapter_name": "Doing Good: Why and How?"
        },
        {
          "speaker": "William MacAskill",
          "speech": "And this this fact is really striking. So if you take uh even just quite a conservative estimate of how we are able to turn money into well being , um the economists put it as like a log curve, um that's or steeper , but that means that any proportional increase in your income has the same impact on your well being. And so someone moving from $1000 a year to $2000 a year has the same Impact of someone moving from $100,000 a year at a $200,000 a year. And then when you combine that with the fact that we in middle class members of which countries 100 times richer than financial terms in the global poor, that means we can do 100 times to benefit the poorest people in the world, as we can to benefit people of our income level. And that's this astonishing fact. Yeah, it's quite incredible a lot of these facts and ideas are just difficult to think about because there's an overwhelming amount of suffering in the world. And even acknowledging it is difficult, not exactly sure why that is. I mean, I mean, it's difficult because you have to bring to mind, you know, it's an unpleasant experience thinking about other people suffering, It's unpleasant to be empathizing with it firstly. And then secondly , thinking about it means that maybe we'd have to change our lifestyles and uh if you're very attached to the income that you've got, perhaps you don't want to be confronting ideas or arguments that might cause you to use some of that money to help others. So it's quite understandable in the psychological terms, even if it's not the right thing that we ought to be doing so how can we do better?",
          "chapter_name": "Doing Good: Why and How?"
        },
        {
          "speaker": "William MacAskill",
          "speech": "How can we be more effective? How does data help? Uh in general, how can how can we do better? It's definitely hard.",
          "chapter_name": "Doing Good: Why and How?"
        }
      ]
    },
    {
      "name": "Effective Altruism: Doing Good, Focusing on the Biggest Problem",
      "content": [
        {
          "speaker": "William MacAskill",
          "speech": "And we have spent the last 10 years engaged in kind of some deep research projects.",
          "chapter_name": "Effective Altruism: Doing Good, Focusing on the Biggest Problem"
        },
        {
          "speaker": "William MacAskill",
          "speech": "So today an answer kind of two questions. One is of all the many problems the world is facing, what the problems we ought to be focused on. And then within those problems that we judge to become the most pressing where we use this idea of focusing on problems that are the biggest in scale, there are the most tractable where we can do have they kind of make the most progress on that problem and they are the most neglected uh, within them. What the things that have the kind of best evidence or we have the best guests will do the most good. And so we have a bunch of organizations so give well, for example, is focused on global health and development and has a list of seven top recommended charities. So the idea in general and trying to interrupt is uh so we'll talk about sort of poverty and animal welfare and existential risk. There's all fascinating topics, but in general, the idea is there should be a group.",
          "chapter_name": "Effective Altruism: Doing Good, Focusing on the Biggest Problem"
        },
        {
          "speaker": "William MacAskill",
          "speech": "No, sorry. There's a lot of groups that seek to convert money into good and then you also on top of that want to have a uh accounting of how good they actually perform that conversion , how well they did in converting money too good. So ranking of these different groups, ranking this uh charities, so that does that apply across basically all aspects of effective altruism. So there should be a group of people and they should be, they should report on certain metrics how well they've done and you should only give your money to groups that do a good job. That's the core idea.",
          "chapter_name": "Effective Altruism: Doing Good, Focusing on the Biggest Problem"
        },
        {
          "speaker": "Lex Fridman",
          "speech": "I'd make two comments. One is just, it's not just about money. So, um we're also trying to encourage people to work in areas where they'll have the biggest impact and in some areas, you know, they're really people heavy, but money poor, other areas of kind of money rich and people poor. And so whether it's better to focus time or money depends on the cause area. Um And then the second is that you mentioned metrics, and while that's the ideal and in some areas we do, we are able to get somewhat quantitative information about how much impact um an area is having. That's not always true for some of the issues like you mentioned existential risks. Well, um we're not able to measure in any sort of precise way, like how much progress we're making. And so you have to instead fall back on just regular argument and evaluation even in the absence of data. So let's uh first sort of linger on your own story for a second. How do you yourself practice effective altruism in your own life?",
          "chapter_name": "Effective Altruism: Doing Good, Focusing on the Biggest Problem"
        },
        {
          "speaker": "William MacAskill",
          "speech": "Because I think that's really interesting place to start. So I've tried to build effective altruism into at least many components of my life. So on the donation side, My plan is to give away most of my income over the course of my life, I'm gonna set a bar, I feel happy with and I just donate above that bar. So at the moment I donate about 20% of my income. Uh then on the career side, I've also shifted kind of what I do um where I was initially planning to work on very esoteric topics in the philosophy of logic, philosophy of language, things that are intellectually extremely interesting, but the path by which they really make a difference to the world is, let's just say it's very unclear that at best.",
          "chapter_name": "Effective Altruism: Doing Good, Focusing on the Biggest Problem"
        },
        {
          "speaker": "Lex Fridman",
          "speech": "And so I switched and said to the searching ethics to actually just working on this question of how we can do as much good as possible. uh and then I've also spent a very large chunk of my life over the last 10 years um creating a number of nonprofits who again in different ways of tackling this question of how we can do the most good and helping them to grow over time to Yeah, we'll mention a few of them with the career selection, 80,000 80,000 hours, 8000 hours in really interesting group. So maybe also just a quick pause on the origins of effective altruism because you paint a picture who the key figures are, including yourself in um the effective altruism movement today. Yeah, there are two main strands that kind of came together to form the effective altruism movement . Uh so one was two philosophers, myself and Toby Ord at Oxford and we had been very influenced by the work of Peter Singer, an Australian moral philosopher who had argued for many decades that because one can do so much good at such little cost to one south, we have an obligation to give away most of our income to benefit those and actually in poverty just in the same way that we have an obligation to run in and save a child from a from a planning in a shallow pond if it would just tell me when your suit to the cost a few $1000 And we set up giving what we can in 2009, which is encouraging people to give at least 10% of their income to the most effective charities.",
          "chapter_name": "Effective Altruism: Doing Good, Focusing on the Biggest Problem"
        },
        {
          "speaker": "William MacAskill",
          "speech": "And the second main stand was the formation of give well, which was originally based in New York. Um and started in about 2007. And that was set up by holding Carnesi and Elie Hassenfeld who were to hedge fund dudes who were, you know, making making good money and thinking, well where should I donate?",
          "chapter_name": "Effective Altruism: Doing Good, Focusing on the Biggest Problem"
        }
      ]
    },
    {
      "name": "Philosophical and Political Space: Effective Altruism vs. Objectivism",
      "content": [
        {
          "speaker": "William MacAskill",
          "speech": "And in the same way as if they wanted to buy a product for themselves, they would look at amazon reviews, they were like, well what the best charities found, they just weren't really good answers to that question. Certainly not that they were satisfied with . And so they formed give well in order to uh try and work out what are those charities where they can have the biggest impact and then from there and some other influences um kind of community glue and spread.",
          "chapter_name": "Philosophical and Political Space: Effective Altruism vs. Objectivism"
        },
        {
          "speaker": "Lex Fridman",
          "speech": "Can we uh explore the philosophical and political space? That effective altruism occupies a little bit so from the little and distant in my own life time that I've read of Ayn rand's work Iran's philosophy of objectivism? S policy is and it's interesting to put her philosophy in contrast uh with effective altruism. So it espouses selfishness as the best thing you can do and if you but it's not actually against altruism, it's it's just you have that choice, but you should be selfish in it, right or not. Maybe you can disagree here, but so it can be viewed as the complete opposite of effective altruism or it can be viewed as similar because the word effective is really interesting because if you want to do good, then you should be damn good at doing good, right? That's the that that I think that would fit within the morality that's defined by objectivism . So, do you see a connection between these two philosophies and other perhaps other in this, in this complicated space of beliefs that effective altruism is positioned uh as opposing or aligned with. I would definitely say that objectivism in lands philosophy is a philosophy that's, you know, quite fundamentally opposed to effective altruism, in which insofar as uh, Finland's philosophy is about championing egoism and saying that, I'm never quite sure whether the philosophy is meant to say that just you ought to do whatever will best benefit yourself as ethical egoism, no matter what the consequences are. Or second, if there's this alternative view which is well, you ought to try and benefit yourself because that's actually the best way of benefiting society. Certainly , in, you know, atlas shrugged. She uh is presenting her philosophy is a way that's actually going to bring about a flourishing society.",
          "chapter_name": "Philosophical and Political Space: Effective Altruism vs. Objectivism"
        },
        {
          "speaker": "Lex Fridman",
          "speech": "And uh, if it's the former, then well effective altruism is all about promoting the idea of altruism. So, it's and saying, in fact, we ought to really be trying to help others as much as possible. So it's opposed there . And then on the second side, I would just dispute the empirical premise, it would seem, given the major problems in the world today, it would seem like this remarkable coincidence. Quite suspicious. One might say if benefiting myself was actually the best way to bring about a better world.",
          "chapter_name": "Philosophical and Political Space: Effective Altruism vs. Objectivism"
        },
        {
          "speaker": "Lex Fridman",
          "speech": "So, at that point , and I think that connects also with career selection that, that we'll talk about , but let's consider, not objectives, but capitalism. So, and the idea that you focusing on the thing that you damn are damn good at whatever that is, maybe the best thing for the world, sort of part of it is also mindset, right, sort of like the thing I love is robots. So maybe I should focus on building robots and never even think about the idea of effective altruism. Uh, it was just kind of the capitalist notion, is there any value in that idea in just find anything you're good at and maximizing your productivity in this world and thereby sort of lifting all boats and benefiting society and yeah, and as a result, yeah, I think there's two things I want to say on that.",
          "chapter_name": "Philosophical and Political Space: Effective Altruism vs. Objectivism"
        }
      ]
    },
    {
      "name": "Effective Altruism: The Manliest Approach to Doing Good",
      "content": [
        {
          "speaker": "William MacAskill",
          "speech": "So one is what your competitive advantage is, what your strengths are. When it comes to clear, there's obviously super important because you know, there's lots of career paths. I would be terrible if I thought being an artist was the best thing one could do. Well I'd be doomed just really quite astonishingly bad. And so I do think at least within the realm of things that could plausibly be very high impact, choose the thing that you're gonna, that you think you're going to be able to like really be um passionate and excel that kind of over the long term. Uh, then on this question of like should one just do that in an unrestricted way and not even think about what the most important problems are.",
          "chapter_name": "Effective Altruism: The Manliest Approach to Doing Good"
        },
        {
          "speaker": "William MacAskill",
          "speech": "I do think that in kind of perfectly designed society, that might well be the case, that would be a society where we've collected all market failures, we've internalized all externalities. Uh and then we've managed to set up incentives such that people just pursuing their own strengths is the best way of doing good, but we're very far from that society. So, um, if one did that, then you know, it would be very unlikely that you would focus on improving the lives of non human animals that, you know, aren't participating in markets or ensuring the longer and future goes well where future people certainly aren't participating in markets or benefiting the global poor who do participate but have uh, so much less kind of power from a starting perspective that their views on accurately kind of represented by market forces too. Got it. So yeah, instead of pure, pure definition capitalism and just may very well ignore the people that are suffering the most the white swath of them. So if you could allow me this line of thinking here.",
          "chapter_name": "Effective Altruism: The Manliest Approach to Doing Good"
        },
        {
          "speaker": "Lex Fridman",
          "speech": "Uh, so I've listened to a lot of your conversations online, I find uh, if I can complement you, it's their very interesting conversations, your conversation on Rogan and joe Rogan was really interesting with uh huh Sam Harris and so on whatever. There's a, there's a lot of stuff that's really good out there. And yet when I look at the internet and I look at Youtube which has certain mobs, certain swaths of right leaning folks whom I dearly love. Uh well I love all people, all, especially people with ideas. Uh, they seem to not like you very much so, uh, I don't understand why. Exactly.",
          "chapter_name": "Effective Altruism: The Manliest Approach to Doing Good"
        },
        {
          "speaker": "Lex Fridman",
          "speech": "So my, my own sort of hypothesis is there is a right left divide that absurdly so caricatured in politics, at least in the United States and maybe you're somehow pigeonholed into one of those sides and they're, you know, maybe that that's what it is. This may be your messages somehow politicized. Yeah, I mean, how do you make sense of that? Because you're extremely interesting, like you got the comments I see on Joe Rogan , there's a bunch of negative stuff and yet if you listen to it, the conversation is fascinating. I'm not speaking, I'm not some kind of lefty extremists, but just as a fascinating conversation. So why are you getting some small amount of hate?",
          "chapter_name": "Effective Altruism: The Manliest Approach to Doing Good"
        },
        {
          "speaker": "William MacAskill",
          "speech": "So I'm actually pretty glad that effective altruism has managed to stay relatively un politicized because I think the core message to just use some of your time and money to do as much good as possible to fight some of the problems in the world can be, you know, appealing across the political spectrum and we do have a diversity of political viewpoints among people who have engaged in effective altruism . Uh, we do, however, do get some criticism from the left and the light. Uh, interesting what's the chris both will be interesting to hear. Yeah, so criticism from the left is that we're not focused enough on dismantling the capitalist system that they see as the, of most of the problems that we're talking about. Uh, and there I kind of disagree on partly the premise where I don't think relevant alternative systems would say to the animals or to the global poor, the future generations can much better. And then also the tactics where I think that a particular ways we can change society that would massively benefit be massively beneficial on those things that don't go via dismantling like the entire system, which is perhaps a million times harder to do then criticism on the right. There's definitely like in response to the joe Rogan podcast, there definitely were a number of a in land fans who weren't keen on the idea of promoting altruism.",
          "chapter_name": "Effective Altruism: The Manliest Approach to Doing Good"
        },
        {
          "speaker": "William MacAskill",
          "speech": "There was a remarkable set of ideas, just the idea that effective unmanly, I think was driving a lot of criticism. Let me okay, so I love fighting. I've been in street fights my whole life. I'm uh, as alpha and everything I do as it gets. And the fact that, and joe Rogan said that I thought scent of a woman is a better movie than john Wick put me into this beta category amongst people who are like basically saying that's yeah, unmanly or it's not tough. It's not, it's not some uh principled view of strength that is represented by as possible. And so actually , so how do you think about this?",
          "chapter_name": "Effective Altruism: The Manliest Approach to Doing Good"
        },
        {
          "speaker": "William MacAskill",
          "speech": "Because to me, altruism, especially effective altruism is? Uh, I don't, I don't know what the female version of that is, but on the male side, manliest fuck if I may say so. So how do you think about that kind of criticism? I think people who would make that criticism just occupying a like state of mind that I think is just so different from my state of mind that I kind of struggled to maybe even understand it where if something is manly or unmanly or feminine or unfeminine, I'm like, I don't care. Like is it the right thing to do with a long thing to do? So I let me put it not in terms of man a woman because I don't think that's useful, but I think there's a notion of acting out of fear. Yeah.",
          "chapter_name": "Effective Altruism: The Manliest Approach to Doing Good"
        },
        {
          "speaker": "William MacAskill",
          "speech": "That or as opposed to out of principle and strength. Yeah. So okay, yeah, here's something that I do, you know, feel as an intuition and I think drives some people who do find kind of a inland detective and so on as a philosophy , which is a kind of taking power of your taking control of your own life and having power over how your stealing your life um and not kind of kowtowing to others, you know, really thinking things through, I find like that set of ideas just very compelling and inspirational, but I actually think of effective altruism has really, you know, that side of my personality, it's like scratch that itch where you are just not taking the kind of priorities that society is giving you is granted.",
          "chapter_name": "Effective Altruism: The Manliest Approach to Doing Good"
        }
      ]
    },
    {
      "name": "Effective Altruism: Tackling Poverty and the World's Biggest Problems",
      "content": [
        {
          "speaker": "William MacAskill",
          "speech": "Instead you're choosing to act in accordance with the priorities that you think are most important in the world. Um, and often that involves then doing um quite on quite unusual things from a societal perspective, like donating a large chunk of your earnings or working on these weird issues about ai and so on the um other people might not understand. Yeah, I think that's a really gutsy thing to do that is taking control . That's at least at this stage. I mean that's um that's you taking ownership not of just yourself but your presence in this world, that's full of suffering and saying as opposed to being paralyzed by that notion is taking control and saying I could do something. I mean that's really powerful, but I mean sort of the one thing I personally hate to about the left uh currently that I think those folks to detect is the social signaling do you when you look at yourself sort of late at night, would you do everything you're doing in terms of effective altruism if your name because you're quite popular, but if your name was totally unattached to it. So if it was in secret.",
          "chapter_name": "Effective Altruism: Tackling Poverty and the World's Biggest Problems"
        },
        {
          "speaker": "William MacAskill",
          "speech": "Yeah, I mean I think I would to be honest, I think the kind of popularity is like you know it's a mixed bag um but there are serious costs and I don't particularly don't like love it. Um like it means you get all these people calling you a cock on Jared Logan, it's like not the most fun thing like but you also get a lot of sort of brownie points for doing good for the world. Yeah, you do. But I think I think my ideal life I would be like in some library solving logic puzzles all the political day and I'd like really be like learning maths and so on, so you're and uh you know have like good body of friends and so on. Um So your instinct for effective altruism is something deep. It's not it's not uh it's not one that you know is communicating socially, it's more in your heart, you want to do good for the world. Yeah, I mean so we can look back to early giving what we can, so you know, we're setting this up me and giving me and Toby and I really thought that doing this would be a big hit to my academic career because I was now spending, you know at that time more than half my time setting up this non profit at the crucial time when you should be like producing your best academic work and so on.",
          "chapter_name": "Effective Altruism: Tackling Poverty and the World's Biggest Problems"
        },
        {
          "speaker": "Lex Fridman",
          "speech": "Um And it was also the case at the time, it was kind of like the Toby Ord Club, you know , he was, he was the most popular, there was this personal interest story around him and his plans to donate and sorry to interrupt, but Toby, he was donating a large amount, Can you tell just briefly what he was doing? Yeah, so he made this public commitment to give everything here and above \u00a320,000 per year to the most effective causes. And even as a graduate student, he was still donating about 15 20% of his income, which is so quite significant given that graduate students are not known for being super wealthy. Uh and when we launched giving what we can, the media just loved this is like a personal into their story. So um the story about him and his pledge was the most uh yeah, it was actually the most popular news story of the day and we kind of ran the same story a year later and it was the most popular news story of the day a year later too.",
          "chapter_name": "Effective Altruism: Tackling Poverty and the World's Biggest Problems"
        },
        {
          "speaker": "William MacAskill",
          "speech": "And so um it really was kind of several years before then, I was also kind of giving more talks and starting to do more writing and then especially with, you know that this book doing good better then they started to be kind of attention and so on . But deep inside your own relationship with effective altruism was um I mean it had nothing to with the publicity that did, did you see yourself? How did the publicity connect with it? Yeah, I mean that's kind of what I'm saying is I think the publicity came like several years after afterwards. I mean at the early stage when we set up giving what we can, it was really just Every person we get to pledge 10% is you know, something like $100,000 over their lifetime.",
          "chapter_name": "Effective Altruism: Tackling Poverty and the World's Biggest Problems"
        },
        {
          "speaker": "William MacAskill",
          "speech": "That's huge. And so it was just, we had started with 23 members, heavily single person was just this like kind of huge accomplishment. And at the time I just really thought, you know, maybe over time we'll have 100 members and they'll be like amazing. Whereas now we have, you know over 4000 and $1.5 billion pledged. That's just unimaginable to me at the time when I was uh first kind of getting this, you know , getting this stuff off the ground. So can we talk about poverty and the biggest problems that you think in the near term effective altruism can can attack and each one, so poverty obviously is a huge one. Yeah, how can we help?",
          "chapter_name": "Effective Altruism: Tackling Poverty and the World's Biggest Problems"
        }
      ]
    },
    {
      "name": "Poverty Eradication: A Global Effort to Save Lives",
      "content": [
        {
          "speaker": "William MacAskill",
          "speech": "Yeah, so poverty, absolutely huge problem. 700 million people in extreme poverty living in less than $2 per day where that's What that means is what $2 would buy in the us. So think about that. It's like some rice, maybe some beans. It's very, you know , really not much. Um and at the same time we can do an enormous amount to improve the lives of people in extreme poverty.",
          "chapter_name": "Poverty Eradication: A Global Effort to Save Lives"
        },
        {
          "speaker": "William MacAskill",
          "speech": "So the things that we tend to focus on uh interventions in global health, um and that's for a couple of few reasons . One is like global health just has this amazing track record. Life expectancy globally is up 50 Relative to 60 or 70 years ago. Um we've ever advocated smallpox . That's which killed two million lives every year. Almost eradicated polio. Second is that we just have great data on what works when it comes to global health.",
          "chapter_name": "Poverty Eradication: A Global Effort to Save Lives"
        },
        {
          "speaker": "Lex Fridman",
          "speech": "So we just know that bed nets protect Children from prevent them from dying from malaria. And then the third is just um That's extremely cost effective. So it costs $5 to buy one bed net protects two Children for two years against malaria. If you spend about $3,000 on bed nets, then statistically speaking, you're going to save a child's life. Um and there are other interventions to and so given people in such suffering and we have this opportunity to, you know, do such huge good for such low cost Well, yeah, why not ? So the individuals for me today, if I wanted to tilikum poverty, how would I help ? And I wanted to say, I think donating 10% of your income is a very interesting idea or some percentage or some setting a bar and sort of sticking to it.",
          "chapter_name": "Poverty Eradication: A Global Effort to Save Lives"
        },
        {
          "speaker": "William MacAskill",
          "speech": "How did we then take the step towards uh, the effective part ? So you've conveyed some notions, but who do you give them money too? Uh yeah, So give well, this organization I mentioned is well, it makes charity recommendations and some of its top recommendations. So against malaria foundation is this organization that buys and distributes these insecticide treated bed nets and then it has a total of seven charities that it recommends very highly. So that recommendation, is that is it almost like a star of approval or is there some metrics? So what what are, what are the ways that give well conveys that this is a great charity organization? Yeah, So give, well, is looking at metrics and it's kind of compare charities ultimately in The number of lives that you can save or an equivalent benefit.",
          "chapter_name": "Poverty Eradication: A Global Effort to Save Lives"
        },
        {
          "speaker": "William MacAskill",
          "speech": "So one of the charities that recommends is give directly, which simply just transfers cash um, to the poorest families where poor family will get a cash transfer over $1,000. And they kind of regard that as the baseline intervention because it's so simple and people, you know, they know what to do with how to benefit themselves. That's quite powerful by the way. So before give, well before the effective altruism movement was there? I imagine there's a huge amount of corruption funny enough in charity organizations or misuse of money. So there was nothing I give up before that . No, I mean, there was some, so I mean the charity corruption, I mean obviously there's some, I don't think it's um, huge issue that was just focusing on the wrong things.",
          "chapter_name": "Poverty Eradication: A Global Effort to Save Lives"
        },
        {
          "speaker": "Lex Fridman",
          "speech": "Um, prior to give. Well, there was some organizations like Charity Navigator, which were more aimed at worrying about corruption and so on. So they weren't saying these are the charities where you're going to do the most good instead. It was like, how good are the charities, financials? How good is its health are transparent and yeah,",
          "chapter_name": "Poverty Eradication: A Global Effort to Save Lives"
        },
        {
          "speaker": "Lex Fridman",
          "speech": "so that would be more useful for weeding out some of those worst charities. So give, well, just taking a step further sort of in this 21st century of data, it's actually looking at the effective part. Yeah. So it's like, you know, if you know the wire cutter for, if you want to buy a pair of headphones, they will just look at all the headphones like these. The best headphones you can buy. Um, that's the idea with gift. Well, okay, so do you think there's a bar of what suffering is?",
          "chapter_name": "Poverty Eradication: A Global Effort to Save Lives"
        },
        {
          "speaker": "William MacAskill",
          "speech": "And do you think one day we can eradicate suffering in our world? Yeah. Amongst humans. Let's talk humans for now. Talk to humans. But in general. Um, yeah, actually, um, so there's a colleague of mine coined the term abolitionism for the idea that we should just be trying to abolish suffering.",
          "chapter_name": "Poverty Eradication: A Global Effort to Save Lives"
        },
        {
          "speaker": "William MacAskill",
          "speech": "And in the long run, I mean, I don't expect any time soon, but I think we can. Um I think that would require , you know, quite changed, quite drastic changes to the way society is structured. And perhaps even um the, you know, the in fact even changes to human nature. But I do think that suffering whenever it occurs is bad and we should want it to knock her. So there's uh there's a line, there's a gray area between suffering.",
          "chapter_name": "Poverty Eradication: A Global Effort to Save Lives"
        },
        {
          "speaker": "Lex Fridman",
          "speech": "I'm Russian, so I romanticize some aspects of suffering. Uh, there's a great line between struggle gray area between struggle and suffering. So one do we want to eradicate all struggle in the world? So there's a there's there's an idea, you know, that the human condition inherently has suffering in it and it's a creative force. It's a struggle of our lives and we somehow grow from that. How do you think about?",
          "chapter_name": "Poverty Eradication: A Global Effort to Save Lives"
        },
        {
          "speaker": "William MacAskill",
          "speech": "How do you think about that? I agree that's true.",
          "chapter_name": "Poverty Eradication: A Global Effort to Save Lives"
        }
      ]
    },
    {
      "name": "Suffering, Inequality, and Effective Altruism",
      "content": [
        {
          "speaker": "Lex Fridman",
          "speech": "So, you know , often, you know, great artists can be also suffering from, you know, major health conditions with pleasure . And so want to come from abusive parents. Most great artists, I think come from abusive parents. Yeah, that seems to be at least commonly the case. But I want to distinguish between suffering as being instrumentally good.",
          "chapter_name": "Suffering, Inequality, and Effective Altruism"
        },
        {
          "speaker": "William MacAskill",
          "speech": "You know, it causes people to produce good things and whether it's intrinsically good and I think intrinsically it's always bad. And so if we can produce these, you know, great achievements via some other means where, you know, if we look at the scientific enterprise, we've produced incredible things often from people who aren't suffering, have, you know, good lives. They're just they're delivering instead of, you know, being pushed by a certain sort of anguish, they're being driven by intellectual curiosity. If we can instead produce a society where it's um all cattle and no stick. That's better for my perspective.",
          "chapter_name": "Suffering, Inequality, and Effective Altruism"
        },
        {
          "speaker": "Lex Fridman",
          "speech": "Yeah, but I'm gonna have to disagree with the notion that that's possible. But I would say most of the suffering in the world is not productive. So I would dream of effective altruism curing that suffering. But then I would say that there is some suffering that is productive that we want to keep because but that's not even the focus of because most of the suffering is just absurd yet. Uh Yeah, I mean, used to be eliminated. So let's not even romanticize this usual notion I have but nevertheless struggle has some kind of inherent value that to me, at least you're right, there's some elements of human nature that also have to be modified in order to cure all suffering. Yeah, I mean, there's an interesting question of whether it's possible. So at the moment, you know, most of the time we're kind of neutral and then we burn ourselves and that's negative.",
          "chapter_name": "Suffering, Inequality, and Effective Altruism"
        },
        {
          "speaker": "Lex Fridman",
          "speech": "And that's really good that we get that negative signal because it means we won't burn ourselves again. There's a question like, could you design agents humans such that you're not hovering around the zero level, You're having it like bliss and then you touch the flame and you're like, oh no, you're just slightly worse bliss. But that's really bad compared to the bliss you're normally in so that you can have like a gradient of bliss instead of like pain and pleasure. But at that point, I think it's a really important point on the experience of suffering. The relative nature of it .",
          "chapter_name": "Suffering, Inequality, and Effective Altruism"
        },
        {
          "speaker": "William MacAskill",
          "speech": "Maybe having grown up in the soviet union were quite poor by any measure And when I when I was um in my childhood, but it didn't feel like you were poor because every around you were poor? Because uh and then in America I feel I for the first time begin to feel poor because of the there's different, there's some cultural aspects to it that really emphasize that it's good to be rich. And then there's just the notion that there is a lot of income inequality and therefore you experience that inequality, that's where suffering. So what do you think about the inequality of suffering that uh that we have to think about? Do you do you think we have to think about that as part of uh effective altruism? Yeah, I think we're just things vary in terms of whether you get benefits or costs from them just in relative terms or in absolute terms.",
          "chapter_name": "Suffering, Inequality, and Effective Altruism"
        },
        {
          "speaker": "Lex Fridman",
          "speech": "So a lot of the time. Yeah, there's this hedonic treadmill where if you get um uh you know there's money is useful because it helps you buy things or good for you because it helps you buy things. But there's also a status component to and that status component is kind of zero sum. Um If you were saying like in Russia, um you know, no one else felt poor because um everyone around you is poor weather is now you've got this these other people who are um you know super rich and maybe that makes you feel uh you know less good about yourself. There are some other things however, which are just intrinsically good or bad. So commuting. Um for example, it's just people hate it. It doesn't really change knowing that other people are commuting to doesn't make it any um any kind of less bad but to push back on that for a second. I mean yes, but also if some people are, you know, on horseback, your commute on the train might feel a lot better. You know, there is a relative nick. Everybody's complaining about society today, forgetting it's forgetting how much better is the better angels of our nature, how the technology has improved fundamentally improving most of the world's lives.",
          "chapter_name": "Suffering, Inequality, and Effective Altruism"
        },
        {
          "speaker": "William MacAskill",
          "speech": "Actually there's some uh psychological research on the well being benefits of volunteering, where people who volunteer um tend to just feel happier about their lives. And one of the suggested explanations is it because it extends your left dance class. So no longer you comparing yourself to the joneses you have, they're slightly better car, but you realize that you know people in much worse conditions than you and so now, you know, your life doesn't seem so bad. That's actually on a psychological level. One of the fundamental benefits of effective altruism is is uh I mean I guess it's the altruism part of effective altruism is exposing yourself to the suffering in the world allows you to be more yeah, happier and actually allows you in sort of meditative introspective way. I realized that you don't need most of the wealth you have to to be happy. Absolutely .",
          "chapter_name": "Suffering, Inequality, and Effective Altruism"
        },
        {
          "speaker": "William MacAskill",
          "speech": "I mean, I think effect has been this huge benefit for me and I really don't think that if I had more money that I was living on that, that would change my level of well being at all. Whereas engaging in something that I think is meaningful, that I think of stealing humanity in a positive direction that's extremely rewarding. Um and so yeah, I mean, despite my best attempts to sacrifice, um you know, I think I've actually ended up happier as a result of engaging in effective altruism than I would have done .",
          "chapter_name": "Suffering, Inequality, and Effective Altruism"
        }
      ]
    },
    {
      "name": "Consciousness, Animal Welfare, and Suffering: A Complex Debate",
      "content": [
        {
          "speaker": "Lex Fridman",
          "speech": "This is an interesting idea. So let's let's talk about animal welfare? Sure, easy question, what is consciousness especially as it has to do with the capacity to suffer. I think there seems to be a connection between how conscious something is the amount of consciousness and its ability to suffer and that all comes into play a bus us thinking how much suffering there is in the world with regard to animals. So how do you think about animal welfare and consciousness? Okay well consciousness. Easy question. Yeah. I mean I think we don't have a good understanding of consciousness.",
          "chapter_name": "Consciousness, Animal Welfare, and Suffering: A Complex Debate"
        },
        {
          "speaker": "Lex Fridman",
          "speech": "My best guess is it's got and by consciousness I'm meaning what it feels like to be you the subjective experience that seems to be different from everything else we know about in the world. Yeah. I think it's clear it's very poorly understood at the moment. I think it has something to do with information processing. So the fact that the brain is a computer or something like a computer. So that would mean that very advanced ai could be conscious um information processes in general could be conscious with some suitable complexity but that also some suitable complexity. It's a question whether greater complexity creates some kind of greater consciousness which relates to animals. Right. Is there if it's an information processing system and it's smaller and smaller is an ant less conscious than a cow, less conscious than a monkey. Again, this super hard question.",
          "chapter_name": "Consciousness, Animal Welfare, and Suffering: A Complex Debate"
        },
        {
          "speaker": "William MacAskill",
          "speech": "But I think my best guess is yes. Like if you if I think well consciousness it's not some magical thing that appears out of nowhere. It's not you know, day car thought it was just comes in from this other realm and then enters through the pineal gland in your brain and that's kind of soul and it's conscious. Um, so it's got something to do with what's going on in your brain. Um uh, A chicken has won 300th of the size of the brain that you have ants. I don't know how small it is.",
          "chapter_name": "Consciousness, Animal Welfare, and Suffering: A Complex Debate"
        },
        {
          "speaker": "William MacAskill",
          "speech": "Maybe it's a millionth the size. My best guess, which I may well be wrong about because this is so hard. Is that in some relevant sense, the chicken is Um experiencing consciousness to a lesser degree than the human and the ants significantly less. Again, I don't think it's as little as 300th as much. I think there's evolutionary reasons for thinking that like the ability to feel pain comes on the scene relatively early on and we have lots of our brain that's dedicated stuff that doesn't seem to have to do anything to do with consciousness. Language processing, and so on. So it seems like the easy, So there's a lot of complicated questions there that we can't ask the animals about. But it seems that there is easy questions in terms of suffering, which is things like factory farming that could be addressed. Yeah.",
          "chapter_name": "Consciousness, Animal Welfare, and Suffering: A Complex Debate"
        },
        {
          "speaker": "William MacAskill",
          "speech": "Is that, is that the lowest hanging fruit, if I may use crude terms here, of animal welfare. Absolute. I think that's the lowest hanging fruit. So at the moment we kill with ease and kill about 50 billion animals every year. How many? 50 billion? Uh, yeah, so for every human on the planet , um, several times that number are being killed and the vast majority of them are raised in factory farms where basically, whatever your view on animals, I think you should agree.",
          "chapter_name": "Consciousness, Animal Welfare, and Suffering: A Complex Debate"
        }
      ]
    },
    {
      "name": "Factory Farming vs. Wild Animal Suffering: A Moral Dilemma",
      "content": [
        {
          "speaker": "Lex Fridman",
          "speech": "Even if you think, well, maybe it's not bad to kill an animal, Maybe if the animals these good conditions, that's just not the empirical reality. The empirical reality is that they are kept an incredible cage confinement. They're de beaked or detailed without uh, an aesthetic, you know, chickens often pack each other to death um, like otherwise because they're in such less, uh, it's really, you know, I think when a chicken gets killed, that's the best thing that happened to the chicken um, in the course of its life and it's also completely unnecessary. This is in order to save, you know, a few pence for the place of meat or place of eggs. And we have indeed found it's also just inconsistent with consumer preference as well. People who buy the products if they could, they, they, when you do surveys are extremely against suffering in factory farms, it's just, they don't appreciate how bad it is. And, you know, just tend to go with easy options. And so then the best, the most effective programs I know of at the moment are non profits that go to companies and work with companies to get them to take a pledge to cut um certain sorts of animal products like eggs from cage confinement out of their supply chain .",
          "chapter_name": "Factory Farming vs. Wild Animal Suffering: A Moral Dilemma"
        },
        {
          "speaker": "William MacAskill",
          "speech": "And it's now the case that the top 50 food retailers and fast food um companies have all made these kind of cage for the pledges. And when you do the numbers, you get the conclusion that every dollar you're giving to these nonprofits result in hundreds of chickens being spared from cage confinement and then they're working to other um other types of animals, other products too. So is that the most effective way to have a ripple effect? Essentially, it's supposed to directly having regulation from on top that says you can't do this. Uh , so I would be more open to the regulation approach, but at least in the US there's quite intense regulatory capture from the agricultural industry and so attempts that we've seen to try and change regulation have it's been earlier uphill struggle, there are some examples of ballot initiatives, um where the people have been able to vote in a ballot to say we want to ban eggs from caged conditions and that's been huge. That's been really good.",
          "chapter_name": "Factory Farming vs. Wild Animal Suffering: A Moral Dilemma"
        },
        {
          "speaker": "William MacAskill",
          "speech": "But beyond that, it's much more limited. So I've, I've been really interested in the idea of hunting in general and wild animals and seeing nature as a form of cruelty that I am ethically more okay with. Okay, just from my perspective, and then I read about wild animals suffering. I'm just I'm just giving you the kind of uh notion of how I felt because animals, because animal factory farming is so bad that living in the woods seemed good. And yet when you actually start to think about it all, I mean all of the animals in the animal world, they're living in terrible poverty, right? So you have all the medical conditions, all of that. I mean they're living horrible lies that could be improved.",
          "chapter_name": "Factory Farming vs. Wild Animal Suffering: A Moral Dilemma"
        },
        {
          "speaker": "William MacAskill",
          "speech": "That's a really interesting notion that I think may not even be useful to talk about because factory farming is such a big thing to focus on. But it's nevertheless an interesting notion to think of all the animals in the wild as suffering in the same way that humans and poverty are suffering. Yeah, I mean, and often even worse, so many animals were produced by our selection. So you have a very large number of Children um in the expectation that only a small number survive. And so for those animals, almost all of them just live short lives where they starve to death. Uh",
          "chapter_name": "Factory Farming vs. Wild Animal Suffering: A Moral Dilemma"
        }
      ]
    },
    {
      "name": "Nuclear War and Existential Risks: A Concise Guide",
      "content": [
        {
          "speaker": "William MacAskill",
          "speech": "So yeah, there's huge amounts of suffering in nature.",
          "chapter_name": "Nuclear War and Existential Risks: A Concise Guide"
        },
        {
          "speaker": "William MacAskill",
          "speech": "They don't think we should um you know, pretend that it's this kind of wonderful paradise for most animals. Um uh yeah, their life is filled with hunger and fear and disease. Yeah, I agree with you entirely that when it comes to focusing on animal welfare, we should focus in factory farming. Um but we also, yeah, you should be aware to the reality of what life for most animals is like. Yeah, so let's talk about the topic I've talked a lot about and you've actually quite eloquently talked about, which is um the third priority that effective altruism considers is really important is uh existential risks. When you think about the existential risks that are facing our civilization, what's what's before us?",
          "chapter_name": "Nuclear War and Existential Risks: A Concise Guide"
        },
        {
          "speaker": "William MacAskill",
          "speech": "What concerns you? What should we be thinking about from? Especially from an effective altruism perspective. So the reason I started getting concerned about this was thinking about future generations, where the key idea is just, well, future people matter modeling. Um, there are vast numbers of future people if we don't cause our own extinction, there's no reason why civilization might not last a million years . I mean, we last as long as a typical mammalian species or a billion years is when the earth is no longer habitable or if we can take to the stars, then perhaps it's trillions of years beyond that. So the future could be very big indeed.",
          "chapter_name": "Nuclear War and Existential Risks: A Concise Guide"
        },
        {
          "speaker": "William MacAskill",
          "speech": "And it seems like we're potentially very early on in civilization. Then the second idea is just, well, maybe there are things that are going to really derail that things that actually could prevent us from having this long, wonderful civilization and instead , um, uh, could cause although a cause our own extinction or um otherwise perhaps like lock ourselves into a very bad state. Um and what ways could that happen? Well, causing our own extinction. Development of nuclear weapons in the 20th century, at least put on the table that we now had weapons that were powerful enough, that you could very significantly, despite society, perhaps, and all that nuclear war would cause a nuclear winter perhaps that would be enough um for the human race to go extinct. Why do you think we haven't done it?",
          "chapter_name": "Nuclear War and Existential Risks: A Concise Guide"
        },
        {
          "speaker": "William MacAskill",
          "speech": "Sorry to interrupt. Why do you think we haven't done it yet? Uh, is it surprising to you that having , uh , you know, always for the past few decades, several thousands of active, ready to launch nuclear weapons warheads , and yet we have not launched them. Yeah . Ever since the initial launch and cherishing the Nagasaki ? Uh, I think it's a mix of luck.",
          "chapter_name": "Nuclear War and Existential Risks: A Concise Guide"
        },
        {
          "speaker": "William MacAskill",
          "speech": "So I think it's definitely not inevitable that we haven't used them. So john f, Kennedy Jr Cuban missile crisis put the estimate of nuclear exchange between the US and USSR that somewhere between one and three, and even so, you know, we really did come close. Um at the same time, I do think mutually assured destruction um, is the reason why people don't go to war. It would be um, you know , why nuclear powers don't go to war. Do you think that holds if you can linger on that for a second? Uh, like my dad's a as a, as a physicist, amongst other things.",
          "chapter_name": "Nuclear War and Existential Risks: A Concise Guide"
        }
      ]
    },
    {
      "name": "Nuclear Weapons, Mutually Assured Destruction, and Human Extinction",
      "content": [
        {
          "speaker": "William MacAskill",
          "speech": "And he believes that nuclear weapons are actually just really hard to build, which is one of the really big benefits of them currently. So that you don't have . It's very hard if you're crazy to build to uh to acquire a nuclear weapon. So the mutually assured destruction really works when you talk seems to work better when its nation states , when it's serious people, even if they're a little bit uh, you know, dictatorial and so on. Do you think this mutually assured destruction idea will carry? How far will it carry us in terms of different kinds of weapons? Oh yeah,",
          "chapter_name": "Nuclear Weapons, Mutually Assured Destruction, and Human Extinction"
        },
        {
          "speaker": "William MacAskill",
          "speech": "I think it's um your point that nuclear weapons are very hard to build and relatively easy to control because you can control fissile material um is a really important one . And future technology that's equally destructive, might not have those properties. So for example, if in the future people are able to design viruses, perhaps using a DNA printing kit that's um on uh, you know, one can just buy in fact that the companies um in the process of uh creating home DNA planting kits. Um well then perhaps that's just totally democratized perhaps the power to reap huge destructive potential is in the hands of most people in the world. Or certainly most people with effort and then yeah, I no longer trust mutually assured destruction because uh , some for some people, the idea that they would die is just not a disincentive. Uh, there was a japanese cult, for example.",
          "chapter_name": "Nuclear Weapons, Mutually Assured Destruction, and Human Extinction"
        },
        {
          "speaker": "William MacAskill",
          "speech": "Um Sean vecchio In the 90s that had they, what they believed was that Armageddon was coming . If you died before Armageddon, you would get um, good karma, you wouldn't go to hell if you died, you think Armageddon, maybe you would go to hell. Um, uh, and they had a biological weapons program, chemical weapons program when they were finally apprehended, they had stocks of Southern gas, um, that were sufficient to kill four million people engaged in multiple terrorist acts. If they had had the ability to plant a virus at home, that would have been very scary. So it's not impossible to imagine groups of people that hold that kind of belief of uh, death as a suicide, as a, as a, as a good thing for passage into the next world and so on and then connect them with some weapons. Uh, then ideology and weaponry may create serious problems for us. Let me ask you a quick question on what do you think is the line between killing most humans and killing all humans?",
          "chapter_name": "Nuclear Weapons, Mutually Assured Destruction, and Human Extinction"
        },
        {
          "speaker": "Lex Fridman",
          "speech": "How hard is it to kill everybody? Have you thought about this? He, I've thought about it a bit, I think it is very hard to kill everybody. So in the case of, uh, let's say and all that nuclear exchange and let's say that leads to nuclear winter, we don't really know, but uh, you know, might well happen, uh, that would , I think there's all in billions of deaths. Um would it kill everybody, it's quite, it's quite hard to see how that, how it would kill everybody a few reasons. One is just, there's just so many people, you know, 7.5 billion people. So this bad event has to kill all, you know, all or almost all of them, uh secondly, live in such a diversity of locations. So a nuclear exchange of the virus that has to kill people who live in the coast of new Zealand, which is going to be climatically much more stable than uh other areas in the world, or people who are on submarines um or who have access to bunkers. Um So there's a very like, there's just like, I'm sure there's like two guys in Siberia, just badass, Just human nature somehow. Just perseveres.",
          "chapter_name": "Nuclear Weapons, Mutually Assured Destruction, and Human Extinction"
        },
        {
          "speaker": "William MacAskill",
          "speech": "Yeah. And then the second thing is just if there's some catastrophic event, people really don't want to die. So there's going to be like, you know, huge amounts of effort to ensure that it doesn't affect everyone. If you thought about what it it takes to rebuild a society with smaller smaller numbers, like how big of a setback, Oh, these kinds of things are. Yeah, so then that's something where there is legal uncertainty, I think, where at some point you just lose genetic sufficient genetic diversity such that you can't come back. Um there's a, it's unclear how small that population is, but if you've only got, say 1000 people or fewer than 1000 then maybe that's small enough.",
          "chapter_name": "Nuclear Weapons, Mutually Assured Destruction, and Human Extinction"
        },
        {
          "speaker": "William MacAskill",
          "speech": "What about human knowledge and then there's human knowledge. Um I mean it's striking how short on geological timescales or evolutionary time scales, The progress in how quickly the progress in human knowledge has been like agriculture, we only invented in 10,000 BC. Um Cities with only, you know , 3000 BC, whereas typical mammal species is half a million years to a million years. Do you think it's inevitable in some sense?",
          "chapter_name": "Nuclear Weapons, Mutually Assured Destruction, and Human Extinction"
        }
      ]
    },
    {
      "name": "AI Risk: Misaligned Goals and Existential Concern",
      "content": [
        {
          "speaker": "Lex Fridman",
          "speech": "The agriculture, everything that came the industrial revolution, cars, planes, the internet, that level of innovation you think is inevitable? I think given how quickly it all those, so in the case of agriculture, I think that was dependent on climate.",
          "chapter_name": "AI Risk: Misaligned Goals and Existential Concern"
        },
        {
          "speaker": "William MacAskill",
          "speech": "So, um it was the kind of glacial period was over the earth warmed up a bit. Um that made it much more likely that humans would develop agriculture. Um when it comes to the Industrial Revolution, it's just, you know, again , it only took a few 1000 years from cities to industrial Revolution. If we think, okay, we've gone back to this even let's say agricultural era, but there's no reason why we wouldn't go extinct in the coming tens of thousands of years or hundreds of thousands of years. It seems just it would be very surprising if we didn't rebound unless there's some special reason that makes things different. So perhaps we just have a much greater like disease burden now.",
          "chapter_name": "AI Risk: Misaligned Goals and Existential Concern"
        },
        {
          "speaker": "William MacAskill",
          "speech": "So HIV exists, It didn't exist before. Um and perhaps that's kind of latent and you know, and being suppressed by modern medicine and sanitation and so on, but would be a much bigger problem for some uh you know , utterly destroyed the society that was trying to rebound. Um or there's just maybe there's something we don't know about. So another existential risk comes from the mysterious, the beautiful artificial intelligence. So, what what's the shape of your concerns about Ai? I think there are quite a lot of concerns about Ai and sometimes the different risks don't get distinguished enough. So the kind of classic worry most closely associated with nick boss them and Elias Ziolkowski is that we, at some point move from having now the way our systems to artificial general intelligence, you get this very fast feedback effect where A. G. I. Is able to build health, you know , artificial intelligence helps you to build greater artificial intelligence.",
          "chapter_name": "AI Risk: Misaligned Goals and Existential Concern"
        },
        {
          "speaker": "William MacAskill",
          "speech": "We have this one system that suddenly very powerful, far more powerful than others, um than perhaps far more powerful than, you know, the rest of the world combined. Uh and then secondly, it has goals that are misaligned with human goals. And so it pursues its own goals. It realized, hey, there's this competition um namely from humans, it's better if we eliminated them in just the same way as homo sapiens um eradicated the neanderthals, in fact. Um in fact killed off most um large animals on the planet that walked the planet . So that's kind of one set of worries.",
          "chapter_name": "AI Risk: Misaligned Goals and Existential Concern"
        },
        {
          "speaker": "Lex Fridman",
          "speech": "Um I think that's not my, I think these shouldn't be dismissed as science fiction. Um I think uh it's something we should be taken very seriously, but it's not the thing you visualize when you're concerned about the biggest near term. Yes. Yes. Um I think it's like one possible scenario that would be economically bad.",
          "chapter_name": "AI Risk: Misaligned Goals and Existential Concern"
        },
        {
          "speaker": "Lex Fridman",
          "speech": "I think that other scenarios that would also be extremely bad, comparatively bad, that more likely to occur. So one is just we are able to control Ai. Um So we're able to get it to do what we wanted to do. Um And perhaps there's not like this fast takeoff of AI capabilities within a single system. It's distributed across many systems that do somewhat different things. Um but you do get very rapid economic and technological progress as a result, that concentrates power into the hands of a very small number of individuals, perhaps the single dictator. And secondly that single individual is a small group of individuals or single country is then able to like lock in their values indefinitely via transmitting those values to artificial systems that have no reason to die, like um you know, their code is copy able perhaps uh you know, donald trump Jinping creates that kind of ai progeny and an image and once you have a system that once you have a society that's um controlled by ai you no longer have one of",
          "chapter_name": "AI Risk: Misaligned Goals and Existential Concern"
        }
      ]
    }
  ]
}