{
  "speakers": [
    "Lex Fridman",
    "Daphne Koller"
  ],
  "episode_name": "93-daphne-koller-biomedicine-and-machine-learning",
  "chapters": [
    {
      "name": "AI-Driven Drug Discovery: Curing Diseases & Extending Lifespan",
      "content": [
        {
          "speaker": "Lex Fridman",
          "speech": "the following is a conversation with Daphne and color Professor of computer science at Stanford University, a co founder of course Sarah with Andrew ANg and founder and Ceo of an Citro, a company at the intersection of machine learning and biomedicine. We're now in the exciting early days of using the data driven methods of machine learning to help discover and develop new drugs and treatments at scale. Daphne and in Citro are leading the way on this with breakthroughs that may ripple through all fields of medicine, including ones most critical for helping with the current coronavirus pandemic. This conversation was recorded before the COVID-19 outbreak for everyone feeling the medical, psychological and financial burden of this crisis. I'm sending love your way. Stay strong. We're in this together. We'll beat this thing. This is the artificial intelligence podcast. If you enjoy it. Subscribe on youtube, review it with five stars on apple podcast supported on Patreon are simply connected me on twitter. A lex Friedman spelled F R",
          "chapter_name": "AI-Driven Drug Discovery: Curing Diseases & Extending Lifespan"
        },
        {
          "speaker": "Lex Fridman",
          "speech": "I D M A N. As usual, I'll do a few minutes of ads now and never any ads in the middle that can break the flow of the conversation. I hope that works for you and doesn't hurt the listening experience. This show is presented by cash app. The number one finance app in the app store when you get it used deluxe podcast. Cash up unless you said my friends Buy Bitcoin and invest in the stock market with as little as $1 since cash app allows you to send and receive money digitally peer to peer and security in all digital transactions is very important.",
          "chapter_name": "AI-Driven Drug Discovery: Curing Diseases & Extending Lifespan"
        },
        {
          "speaker": "Lex Fridman",
          "speech": "Let me mention that PC I data security standard, that cash app is compliant with. I'm a big fan of standards for safety and security. B. C. I. D. S s is a good example of that where a bunch of competitors got together and agreed that there needs to be a global standard around the security of transactions. Now we just need to do the same for thomas, vehicles and AI systems in general. So again, if you get cash app from the app store, google play and use the code lex podcast, You get $10 in cash up. Will also donate $10 to first an organization that is helping to advance robotics and stem education for young people around the world. And now here's my conversation with Daphne koller.",
          "chapter_name": "AI-Driven Drug Discovery: Curing Diseases & Extending Lifespan"
        },
        {
          "speaker": "Lex Fridman",
          "speech": "So you co founded Coursera made a huge impact in the global education of AI and after five years in august 2016 wrote a blog post saying that you're stepping away and wrote, quote, it is time for me to turn to another critical challenge, the development of machine learning and its applications to improving human health. So let me ask too far out philosophical questions. One do you think we'll one day find cures for all major diseases known today and to do you think we'll one day figure out a way to extend the human lifespan, perhaps the point of immortality. So one day is a very long time. And I don't like to make predictions of the type, we will never be able to do X. Because I think that's a uh, you know, that smacks of hubris assumes that never in the in the entire eternity of human existence, will we be able to solve a problem ? That being said , curing disease is very hard because oftentimes by the time you discover the disease, a lot of damage has already been done.",
          "chapter_name": "AI-Driven Drug Discovery: Curing Diseases & Extending Lifespan"
        },
        {
          "speaker": "Daphne Koller",
          "speech": "And so to assume that we would be able to cure disease at that stage assumes that we would come up with ways of basically regenerating entire parts of the human body in the way that actually returns it to its original state and that's a very challenging problem. We have cured very few diseases. We've been able to provide treatment for an increasingly large number, but the number of things that you could actually define to be cures is actually not that large. Um, so I think that there's a lot of work that would need to happen before one could legitimately say that we have cured even a reasonable number of far less all diseases On the scale of 0-100. Where are we in understanding the fundamental mechanisms of all major diseases? What's your sense? So from the computer science perspective that you've entered the world of health, how far along are we? I think it depends on which disease.",
          "chapter_name": "AI-Driven Drug Discovery: Curing Diseases & Extending Lifespan"
        },
        {
          "speaker": "Daphne Koller",
          "speech": "I mean, there are ones where I would say we're maybe not quite at 100 because biology is really complicated and there's always new things that we uncover that people didn't even realize existed. Um so, but I would say there's diseases where we might be in the seventies or eighties. Um and then there's diseases in which I would say Probably the majority where we're really close to zero with Alzheimer's and schizophrenia and Type two diabetes fall closer to zero or to the 80. I think Alzheimer's is Probably closer to zero than 80. There are hypotheses, but I don't think those hypotheses have as of yet been sufficiently validated that we believe them to be true .",
          "chapter_name": "AI-Driven Drug Discovery: Curing Diseases & Extending Lifespan"
        },
        {
          "speaker": "Daphne Koller",
          "speech": "And there is an increasing number of people who believe that the traditional hypotheses might not really explain what's going on. I would also say that Alzheimer's And schizophrenia even type two diabetes are not really one disease.",
          "chapter_name": "AI-Driven Drug Discovery: Curing Diseases & Extending Lifespan"
        }
      ]
    },
    {
      "name": "Disease, Aging, and the Pursuit of Health Span",
      "content": [
        {
          "speaker": "Daphne Koller",
          "speech": "There are almost certainly a heterogeneous collection of mechanisms that manifest in clinically similar ways. So in the same way that we now understand that breast cancer is really not one disease. It is multitude of uh cellular mechanisms, all of which ultimately translate to uncontrolled proliferation, but it's not one disease the same is almost undoubtedly true for those other diseases as well. And that understanding that needs to proceed any understanding of the specific mechanisms of any of those other diseases now in schizophrenia, I would say we're almost certainly closer to zero than to anything else. Um type two diabetes is a bit of a mix. There are clear mechanisms that are implicated that I think have been validated that have to do with insulin resistance and such. But there's almost certainly there as well, many mechanisms that we have not yet understood. You've also thought and worked a little bit on the longevity side. Do you see the disease and longevity as overlapping completely, partially or not at all as efforts.",
          "chapter_name": "Disease, Aging, and the Pursuit of Health Span"
        },
        {
          "speaker": "Daphne Koller",
          "speech": "Those mechanisms are certainly overlapping. There's um a well known phenomenon that says that for most diseases other than childhood diseases, the um risk um forgetting for contracting that disease increases exponentially year on year, every year from the time you're about 40. So obviously there's a connection between those two things. Um I that's not to say that there are identical, there's clearly aging that happens that is not really associated with any specific disease. Um and there's also diseases and mechanisms of disease that are not specifically related to aging. So I think overlap is where we're at.",
          "chapter_name": "Disease, Aging, and the Pursuit of Health Span"
        },
        {
          "speaker": "Daphne Koller",
          "speech": "Okay, it is a little unfortunate that would get older and it seems that there is some correlation with the fact that the the occurrence of diseases or the fact that we get older and both are quite sad . I mean there's processes that happen as cells age that I think are contributing to disease. Some of those have to do with DNA damage that accumulates the cells divide where the repair mechanisms don't fully correct for those. Um there are accumulations of proteins that are misfolded and potentially aggregate and those to contribute to disease and contribute to inflammation. There is a there is a multitude of mechanisms that have been uncovered that are sort of wear and tear at the cellular level that contribute to disease processes that and I'm sure there's many that we don't yet understand on a small tangent.",
          "chapter_name": "Disease, Aging, and the Pursuit of Health Span"
        },
        {
          "speaker": "Daphne Koller",
          "speech": "Perhaps philosophical does uh, the fact that things get older and the fact that things die, it's a very powerful feature for the growth of new things that, you know, it's a learning is a kind of learning mechanism. So it's both tragic and beautiful. So do you do you do you uh so in, you know, in trying to fight disease and trying to fight aging, do you think about sort of the useful fact of our mortality? Or would you like if you were, could be immortal, would you used to be immortal again? I think immortal is a very long time. And I don't know that That would necessarily be something that I would want to aspire to. But I think all of us aspire to um an increased health span, I would say, which is an increased amount of time where you're healthy and active and feel as you did when you were 20. Uh, and we're nowhere close to that uh people deteriorate physically and mentally over time. And that is a very sad phenomenon . So I think a wonderful aspiration would be if we could all live to, you know, the biblical 120 maybe in perfect health, high Quality of life.",
          "chapter_name": "Disease, Aging, and the Pursuit of Health Span"
        },
        {
          "speaker": "Daphne Koller",
          "speech": "I think that would be an amazing goal for us to achieve as a society now is the right age. 120 or 100 or 250. I think that's up for debate, but I think an increased health span is a really worthy goal. And anyway, in the grand time of the age of the universe, it's all pretty short. So from the perspective , you've done obviously a lot of incredible working machine learning. So what role do you think? Data and machine learning play in this and this goal of trying to understand diseases in trying to eradicate diseases?",
          "chapter_name": "Disease, Aging, and the Pursuit of Health Span"
        }
      ]
    },
    {
      "name": "Data-Driven Healthcare: Daphne Koller's Vision",
      "content": [
        {
          "speaker": "Daphne Koller",
          "speech": "Up until now, I don't think it's played very much of a significant role because largely the data sets, that one really needed to enable a powerful machine learning methods. Those datasets haven't really existed, There's been dribs and drabs and some interesting machine learning that has been applied, I would say machine learning slash data science , but the last few years are starting to change that. So we now see an increase in uh some large data sets, but equally importantly an increase in technologies that are able to produce data at scale. It's not typically the case that people have deliberately proactively used those tools for the purpose of generating data for machine learning. They, to the extent of those techniques have been used for data production. They've been used for data production to drive scientific discovery. And the machine learning came as a sort of byproduct second stage of oh you know, now we have a data set.",
          "chapter_name": "Data-Driven Healthcare: Daphne Koller's Vision"
        },
        {
          "speaker": "Daphne Koller",
          "speech": "Let's do machine learning on that rather than a more simplistic the analysis method. But what we are doing it in citrus, actually flipping that around and saying, here's this incredible repertoire of methods that bio engineers. Cell biologists have come up with. Let's see if we can put them together in brand new ways with the goal of creating datasets. That machine learning can really be applied on productively to create powerful predictive models that can help us address fundamental problems in human health. So really focus uh to get make data the primary focus in the primary goal and find use the mechanisms of biology and chemistry too, to uh create the kinds of data set that could allow machine learning to benefit the most. I wouldn't put it in those terms because that says the data is the end goal. Data is the means. So for us the end goal is helping address challenges in human health. And the method that we've elected to do that is to apply machine learning to build predictive models and machine learning in my opinion can only be really successfully applied, especially the more powerful models if you give it data that is of sufficient scale and sufficient quality .",
          "chapter_name": "Data-Driven Healthcare: Daphne Koller's Vision"
        },
        {
          "speaker": "Daphne Koller",
          "speech": "So how do you create those data sets? So as to drive the ability to generate predictive models which subsequently help improve human health. Before we dive into the details of that, let me take a step back and ask uh when and where was your interest in human health born? Are there moments events perhaps if I may ask tragedies in your own life that catalyze his passion or was it the broader desire to help humankind? So I would say it's a bit of both.",
          "chapter_name": "Data-Driven Healthcare: Daphne Koller's Vision"
        }
      ]
    },
    {
      "name": "Revolutionizing Drug Discovery with Machine Learning",
      "content": [
        {
          "speaker": "Daphne Koller",
          "speech": "So on. I mean my interest in human health actually dates back to the early two thousands when uh when a lot of my um peers and machine learning and I were using data sets that frankly were not very inspiring.",
          "chapter_name": "Revolutionizing Drug Discovery with Machine Learning"
        },
        {
          "speaker": "Daphne Koller",
          "speech": "Some of us old timers still remember the quote unquote 20 news groups data set where this was literally a bunch of texts from 20 news groups, the concept that doesn't really even exist anymore. And the question was, can you classify which um which news group of particular bag of words came from? And it wasn't very interesting. The data sets at the time On the biology side were much more interesting, both from a technical and also from an aspirational perspective, they were still pretty small but they were better than 20 news groups. And um so I started out I think just by just by wanting to do something that was more, I don't know societally useful and technically interesting. And then over time became more and more interested in the biology and the and the human health aspects for themselves. And began to work even sometimes on papers that were just in biology without having a significant machine learning component. I think my interest in drug discovery Is partly due to um an incident I had with um when my father sadly passed away about 12 years ago, um he had an autoimmune disease that settled in his lungs.",
          "chapter_name": "Revolutionizing Drug Discovery with Machine Learning"
        },
        {
          "speaker": "Daphne Koller",
          "speech": "Um, and um the doctors basically said, well there's only one thing that we can do is just give him predniSONE at some point. I remember dr even came and said , hey, let's do a lung biopsy to figure out which autoimmune disease he has. And I said, would that be helpful with that change? Treatment said no, there's only predniSONE, that's the only thing we can give. Him and I had friends who were rheumatologists who said the FDA would never approve President Zone today because the the ratio of side effects to benefit is probably not large enough today. We're in a state where there's Probably four or five, maybe even more.",
          "chapter_name": "Revolutionizing Drug Discovery with Machine Learning"
        },
        {
          "speaker": "Lex Fridman",
          "speech": "Um uh, well depends for which autoimmunities, but there are multiple drugs that can help people with autoimmune diseases, many of which exist 12 years ago. And I think we're at a golden time in some ways in drug discovery where there's the ability to create drugs, um that are much more safe and much more effective than we've ever been able to before and what's lacking is enough understanding of biology and mechanism to know where to aim that um where to aim that engine. And I think that's where machine learning can help. So in 2018 you started and now lead the company in Citro, which is a like you mentioned, perhaps the focus is drug discovery and the utilization of machine learning for drug discovery. So you mentioned that quote were really interested in creating what you might call a disease in a dish model disease. In addition models, places where diseases are complex where we really haven't had a good model system where typical animal models that have been used for years, including testing on mice just aren't very effective. So can you , can you try to describe what is an animal model and what, what is the disease in the dish model? Sure. So an animal model for disease is where you create effectively. It's what it sounds like.",
          "chapter_name": "Revolutionizing Drug Discovery with Machine Learning"
        },
        {
          "speaker": "Daphne Koller",
          "speech": "It's it's oftentimes a mouse where we have introduced some external perturbation that creates the disease and then we cure that um disease uh and the hope is that by doing that we will cure a similar disease in human. The problem is is that oftentimes the way in which um we generate the disease and the animal has nothing to do with how that disease actually comes about in the human. Uh it's what you might think of as a copy of the of the phenotype, a copy of the clinical outcome. But the mechanisms are quite different. And so curing the disease and the animal, which in most cases it doesn't happen naturally, mice don't get alzheimer's, they don't get diabetes, they don't get atherosclerosis, they don't get autism or schizophrenia. Um Those cures don't translate over to what happens in the human and that's where most drugs fails just because the findings that we had in the mouse don't translate to a human. Um The disease in the dish models is a fairly new approach. It's been enabled by technologies that have not existed for more than 5 to 10 years. So for instance , um the ability for us to take a cell from any one of us, you or me um revert that's a skin cell to what's called stem cell status, which is a what which was called the pluripotent cell that can then be differentiated into different types of cells.",
          "chapter_name": "Revolutionizing Drug Discovery with Machine Learning"
        }
      ]
    },
    {
      "name": "Reversing Cells: Stem Cell Reversion for Disease Cure?",
      "content": [
        {
          "speaker": "Lex Fridman",
          "speech": "So from that pluripotent cell one can create a lex neuron or a lex cardio Maya site or Alexa parasite that has your genetics but that right cell type. And so if there is a genetic burden of disease that would manifest in that particular cell type , you might be able to see it by looking at those cells and say, oh that's what potentially six cells look like versus healthy cells and understand how uh and then explore what kind of interventions might revert the unhealthy looking cell to healthy cell. Now, of course, curing cells is not the same scaring people. Um and so there's still potentially translate ability gap, but at least for diseases that um are driven, say by human genetics and where the human genetics is what drives the cellular phenotype. There is some reason to hope that if we revert those cells in which the disease begins and where the disease is driven by genetics and we can revert that cell back to a healthy state, maybe that will help um also revert the more global clinical phenotype. So that's really what we're hoping to do that step backward step.",
          "chapter_name": "Reversing Cells: Stem Cell Reversion for Disease Cure?"
        },
        {
          "speaker": "Daphne Koller",
          "speech": "I was reading about it, the Yamanaka factor. Uh so like that the reverse step back to stem cells, it seems like magic. It is honestly before that happened, I think very few people would have predicted that to be possible. It's amazing. Can you maybe elaborate?",
          "chapter_name": "Reversing Cells: Stem Cell Reversion for Disease Cure?"
        },
        {
          "speaker": "Lex Fridman",
          "speech": "Is it actually possible? Like where like how so this result was? Maybe like , I don't know how many years ago, maybe 10 years ago was first demonstrated something like that. Is this, how hard is this? Like how noisy is this backward step? It seems quite incredible and cool.",
          "chapter_name": "Reversing Cells: Stem Cell Reversion for Disease Cure?"
        },
        {
          "speaker": "Daphne Koller",
          "speech": "It is. It is incredible and cool. It was much more I think finicky and bespoke at the early stages when the discovery was first made, but at this point it's become almost industrialized. There are what's called contract research organizations, vendors that will take a sample from a human and reverted back to stem cell status and it works a very good fraction of the time now there are people who will ask um I think good questions . Is this really truly a stem seller? Doesn't remember certain aspects of what of changes that were made in the human um beyond the genetics.",
          "chapter_name": "Reversing Cells: Stem Cell Reversion for Disease Cure?"
        }
      ]
    },
    {
      "name": "Stem Cell Diversity: Disease Burden & Reversal Challenges",
      "content": [
        {
          "speaker": "Daphne Koller",
          "speech": "Its past as a skin cell, yeah, its past as a skin cell or its past in terms of exposures to different environmental factors and so on. So I think the consensus right now is that these are not always perfect and there is little bits and pieces of memory sometimes, but by and large these are actually pretty good. So one of the key things, well maybe maybe you can correct me, but one of the useful things for machine learning is size scale of data. How easy it is to do these kinds of reversals to stem cells and then does using the dish models at scale. Is this that a huge challenge or or not? So the reverse the reversal is not as of this point , something that can be done at the skill of tens of thousands or hundreds of thousands. Um, I think total number of stem cells of I ps cells that are what's called induced pluripotent stem cells in the world I think is somewhere between five and 10,000 last I looked now again, that might not count things that exist in this or that academic center and they may add up to a bit more, but that's about the range. So it's not something that you get this point generate I PS cells from a million people. But maybe you don't need to because maybe that background is enough because it can also be now perturbed in different ways . And some people have done really interesting experiments in um for instance taking cells from healthy human and then introducing a mutation into it using some of the using one of the other miracle technologies that's emerged the last decade which is CRISPR gene editing and introduced the mutation that is known to be pathogenic.",
          "chapter_name": "Stem Cell Diversity: Disease Burden & Reversal Challenges"
        },
        {
          "speaker": "Daphne Koller",
          "speech": "And so you cannot look at the healthy cells and the unhealthy cells, the one with the mutation and do a one on one comparison where everything else is held constant. And so you could really start to understand specifically what the mutation does at the cellular level. So the I PS cells are a great starting point. And obviously more diversity is better because you also want to capture ethnic background and how that affects things. But maybe you don't need one from every single patient with every single type of disease because we have other tools at our disposal. Well, how much difference is there between people and mentioned ethnic background in terms of PSL",
          "chapter_name": "Stem Cell Diversity: Disease Burden & Reversal Challenges"
        },
        {
          "speaker": "Daphne Koller",
          "speech": "So we're all like it seems like these magical cells that can do to create anything between different populations, different people. Is there a lot of variability between stem cells? Well, first of all, there's the variability that's driven simply by the fact that um genetically we're different. So a stem cell that drive from my genotype is going to be different from a cell cell stem cell that's derived from your genotype. Um there's also some differences that I have more to do with for whatever reason. Um Some people stem cells differentiate better than other people stem cells, we don't entirely understand why. So there's certainly some differences there as well, but the fundamental difference in the one that we really care about it is a positive is that the um is the fact that the genetics are are different and therefore we capitulate my disease burden versus your disease burden. What's the disease burden?",
          "chapter_name": "Stem Cell Diversity: Disease Burden & Reversal Challenges"
        },
        {
          "speaker": "Daphne Koller",
          "speech": "Well, disease burden is just if you think, I mean, it's not a well defined mathematical term, although there are mathematical formulations of it. If you think about the fact that some of us are more likely to get a certain disease than others because we have more variations in our genome that are positive, the disease may be fewer that are protective of the disease. Um people have uh quantified that using what are called apologetic risk scores which look at all of the variations and an individual person's genome and add them all up in terms of how much risk they confer for a particular disease. And then they've put people on a spectrum of their disease risk and for certain diseases where we've been sufficiently powered to really understand the connection between the many, many small variations that give rise to an increased disease risk. There is some pretty significant differences in terms of the risk between the people, say, at the highest death style of this. Apologetic risk score and the people at the lowest decile. Sometimes those Other differences are, you know, a factor of 10 or 12 higher.",
          "chapter_name": "Stem Cell Diversity: Disease Burden & Reversal Challenges"
        }
      ]
    },
    {
      "name": "Revolutionizing Disease Research with \"Disease in a Dish\" Model",
      "content": [
        {
          "speaker": "Daphne Koller",
          "speech": "So there's definitely uh, oh, a lot that our genetics contributes to disease risk, even if it's not by any stretch of the full explanation from the machinery perspective, their signal there, there is definitely signal in the genetics. And there is even more signal. We believe in looking at the cells that are derived from those different genetics. Because uh in principle, you could say all the signal is there at the, at the genetic level. So we don't need to look at the cells. But our understanding of the biology is so limited at this point than seeing what actually happens at the cellular level is a heck of a lot closer to the human clinical outcome than looking at the genetics directly. And so we can learn a lot more from it.",
          "chapter_name": "Revolutionizing Disease Research with \"Disease in a Dish\" Model"
        },
        {
          "speaker": "Daphne Koller",
          "speech": "Then we could by looking at genetics alone. So, just to get a sense, I don't know if it's easy to do, but what kind of data is useful in this disease in a dish model like what what are what's what's the source of raw data information. And also uh for my outsider's perspective sort of biology and cells our squishy things. And then how do you connect literally squish you think , how do you connect the computer to do that? Such sensory mechanisms I guess. So that's another one of those revolutions that have happened the last 10 years and that our ability to measure sells very quantitatively has also dramatically increased.",
          "chapter_name": "Revolutionizing Disease Research with \"Disease in a Dish\" Model"
        },
        {
          "speaker": "Lex Fridman",
          "speech": "So um back when I started doing biology and You know the late 90s, early 2000s um that was the initial era where we started to measure biology and really quantitative ways using things like micro rays where you would measure in a single experiment the activity level, what's called expression level of multiple of every gene in the genome in that sample. And that ability is what actually allowed us to even understand that there are molecular subtypes of diseases like cancer. Were up until that point like oh you have breast cancer.",
          "chapter_name": "Revolutionizing Disease Research with \"Disease in a Dish\" Model"
        },
        {
          "speaker": "Daphne Koller",
          "speech": "Um But then when look we looked at the molecular data, it was clear that there's different subtypes of breast cancer that at the level of gene activity look completely different to each other. Um So that was the beginning of this process. Now we have the ability to measure individual cells in terms of their gene activity using what's called single cell RNA sequencing which basically sequences the RNA which is that activity level of different genes um for every gene in the genome and you can do that at single cell levels. That's an incredibly powerful way of measuring cells. I mean you literally count the number of transcripts. So it really turns that squishy thing. And something that's digital, Another tremendous data source that's emerged in the last years is um microscopy and and specifically even super resolution microscopy where you could use digital reconstruction to um look at the sub cellular structures.",
          "chapter_name": "Revolutionizing Disease Research with \"Disease in a Dish\" Model"
        },
        {
          "speaker": "Daphne Koller",
          "speech": "Sometimes even things that are below the diffraction limit of light by doing sophisticated reconstruction. And again that gives you a tremendous amount of information at the sub cellular level . There's now more and more ways that um amazing scientists out there are developing for getting new types of information from even single cells. And so that is a way of turning those squishy things into digital data into beautiful datasets. But uh so that data set then with machine learning tools that allows you to maybe understand the developmental like the mechanism of the of of a particular disease. And if it's possible to sort of at a high level describe how does how does that help lead to a drug discovery that can help prevent reverse that mechanism. So I think there's different ways in which this data could potentially be used .",
          "chapter_name": "Revolutionizing Disease Research with \"Disease in a Dish\" Model"
        },
        {
          "speaker": "Lex Fridman",
          "speech": "Some people use it for scientific discovery and seo look we see this phenotype at the cellular level. Um So let's try and work our way backwards and think which genes might be involved in pathways that give rise to that. That's a very sort of um uh huh analytical method to sort of work our way backwards using our understanding of no biology. Um Some people use it in a somewhat more um you know sort of forward that would if that was a backward this would be forward, which is to say, okay if I can perturb this gene um doesn't show a phenotype that is similar to what I see in disease patients. And so maybe that gene is actually cause of the disease. So that's a different way. And then there's what we do which is basically to take that very large collection of data and use machine learning to uncover the patterns that emerge from it.",
          "chapter_name": "Revolutionizing Disease Research with \"Disease in a Dish\" Model"
        }
      ]
    },
    {
      "name": "Revolutionizing Disease Treatment: AI-Driven Subtype Identification",
      "content": [
        {
          "speaker": "Lex Fridman",
          "speech": "So for instance, what are those subtypes that might be um similar at the human clinical outcome but quite distinct when you look at the molecular data. Um and then if we can identify such a subtype, are there interventions that if I apply it to um cells that come from this subtype of the disease? And you apply that intervention, it could be a drug or it could be a CRISPR gene intervention, does it revert the disease state to something that looks more like normal happy healthy cells. And so hopefully if you see that that gives you a certain um hope that that intervention will also have a meaningful clinical benefit to people. And there's obviously a bunch of things that you would want to do after that to validate that. But it's a very different and much less hypothesis driven way of uncovering new potential interventions and might give rise to things that are not the same things that everyone else is already looking at. That's uh, I don't know, I'm just like uh, to psychoanalyze my own feeling about our discussion currently.",
          "chapter_name": "Revolutionizing Disease Treatment: AI-Driven Subtype Identification"
        },
        {
          "speaker": "Daphne Koller",
          "speech": "It's so exciting to talk about sort of, I mean fundamentally, well something that's been turned into a machine learning problem and that's just can have so much real world impact. That's kind of, it's kind of exciting because I'm so, most of my days spent with data sets that I guess closer to the news groups. So this is a kind of, it just feels good to talk about. In fact, I don't almost don't want to talk to you about machine learning. I want to talk about the fundamentals of the dataset, which is which is, which is an exciting place to be. I agree with you. It's what gets me up in the morning.",
          "chapter_name": "Revolutionizing Disease Treatment: AI-Driven Subtype Identification"
        },
        {
          "speaker": "Daphne Koller",
          "speech": "It's also what attracts a lot of the people who work at in centro two in Citro because I think all of the, certainly all of our machine learning people are outstanding and could go get a job, you know, selling ads online or doing commerce or even self driving cars. But uh, but I think they would want they come to us because because they want to work on something that has more of an aspirational nature and can really benefit humanity. What with these, with these approaches? What do you hope? What kind of diseases can be helped? We mentioned Alzheimer's schizophrenia, type two diabetes. Can you just describe the various kinds of diseases that this approach can help? Well, we don't know",
          "chapter_name": "Revolutionizing Disease Treatment: AI-Driven Subtype Identification"
        },
        {
          "speaker": "Daphne Koller",
          "speech": "and I try and be very cautious about making promises about something. So we will cure X people make that promise. And I think it's I tried to first deliver and then promised as opposed to the other way around. There are characteristics of a disease that make it more likely that this type of approach can potentially be helpful.",
          "chapter_name": "Revolutionizing Disease Treatment: AI-Driven Subtype Identification"
        }
      ]
    },
    {
      "name": "Revolutionizing Disease Modeling with Stem Cell",
      "content": [
        {
          "speaker": "Lex Fridman",
          "speech": "So, for instance, diseases have a very strong genetic basis um are ones that are more likely to manifest. And a stem cell derived model. Um, we would want the cellular models to be relatively reproducible and robust so that you could actually get a um enough of those cells in in a way that isn't very highly variable and noisy. Um, you would want the disease to be relatively contained in one or a small number of cell types that you could actually create in an in vitro in a dish setting. Whereas if it's something that's really broad and systemic and involves multiple cells that are in very distal parts of your body putting that all in the dish is really challenging. So, we want to focus on the ones that are most likely to be successful today with the hope. I think that uh it's really smart bio engineers out there are developing better and better systems all the time.",
          "chapter_name": "Revolutionizing Disease Modeling with Stem Cell"
        },
        {
          "speaker": "Daphne Koller",
          "speech": "So the diseases that might not be tractable today might be tractable in three years. So for instance, five years ago, the stem cell drive models didn't really exist. People were doing most of the work in cancer cells and cancer cells are very, very poor models of most human biology because they're a they were cancer to begin with and be as you passage them and they proliferate in a dish. They become because of the genomic instability, even less similar to human biology. Um now we have these stem cell derived models. Uh, we have the capability to reasonably robustly, not quite at the right scale yet, but close to derive what's called organ Oid, which are these teeny little sort of multi cellular organ sort of models of an organ system.",
          "chapter_name": "Revolutionizing Disease Modeling with Stem Cell"
        },
        {
          "speaker": "Daphne Koller",
          "speech": "So their cerebral organize and liver organize and kidney organ OID and brain organ organ OID, possibly the coolest thing I've ever seen, is that not like the coolest thing. Um, and then I think on the horizon and we're starting to see things like connecting these organized to each other so that you can actually start. And there's some really cool papers that start to do that where you can actually start to say, okay , can we do multi organ system stuff. Um There's many challenges that it's not easy by any stretch, but it might, I'm sure people will figure it out. And in three years or five years there will be disease models that we could make for things that we can't make today. Yeah. And this conversation would seem almost outdated with a kind of scale that could be achieved in like three years. So that would be so cool. You've uh co founded Coursera with Andrew ANg and we're part of the whole Milk Revolution.",
          "chapter_name": "Revolutionizing Disease Modeling with Stem Cell"
        }
      ]
    },
    {
      "name": "Global Education Revolution: Stanford's Coursera Origin Story",
      "content": [
        {
          "speaker": "Daphne Koller",
          "speech": "So to jump topics a little bit, can you maybe tell the origin story of the history, the origin story of moocs of Coursera? And in general, the you're teaching to huge audiences on a very sort of impactful topic of ai in general . So I think the origin story of moocs emanates from a number of efforts that occurred at stanford University around um you know, the late two thousands where different individuals within stanford myself included, we're getting really excited about the opportunities of using online technologies as a way of achieving both, improved quality of teaching and also improved scale. And so um Andrew, for instance, led the uh the stanford engineering everywhere, which was sort of an attempt to take 10 stanford courses and put them online. Um Just as you know, video lectures, I led an effort within stanford to take some of the courses and really create a very different teaching model that broke those up into smaller units and had some of those embedded interactions and and so on, which got a lot of support from um university leaders, because they felt like it was potentially a way of improving the quality of instruction at stanford by moving to what is now called the flipped classroom model. Um and so those efforts eventually sort of started to interplay with each other and created a tremendous sense of excitement and energy within the stanford community about the potential of online teaching and lead in the fall of 2011, to the launch of the first stanford moocs. Um by the way, moocs, it's probably impossible that people don't know, but I guess , massive, open online courses, online courses .",
          "chapter_name": "Global Education Revolution: Stanford's Coursera Origin Story"
        },
        {
          "speaker": "Lex Fridman",
          "speech": "So they did not come up with the acronym, I'm not particularly fond of the acronym, but it is what it is, what it is. Big bang is not a great term for the start of the universe, but it is what it is, probably. So, um so anyway, we so those courses launched in in the fall of 2011, and there were within a matter of weeks with no real publicity campaign, just um a new york Times article that went viral, um about 100,000 students or more in each of those courses, and I remember this conversation that Andrew and I had was just like, wow , just, there's this real need here and I think we both felt like sure we were um, accomplished academics and we could go back and , you know, go back to our labs, write more papers, but if we did that then this wouldn't happen and it seemed too important not to happen. And so we spent a fair bit of time debating, do we want to do this as a stanford effort, kind of building on what we started, we want to do this as a for profit company, do you want to do this as a non profit? And we decided ultimately to do it as we did with Coursera? Um and so, you know, we uh started really operating as a company at the beginning of 2012, uh the rest is history and the rest is history. But how did you, was that really surprising to you?",
          "chapter_name": "Global Education Revolution: Stanford's Coursera Origin Story"
        },
        {
          "speaker": "Daphne Koller",
          "speech": "How do you at that? How did you , at that time and at this time make sense of this need for sort of global education. You mentioned that you felt that, wow, the popularity indicates that um there's a hunger for sort of globalization of learning. I think there is a hunger for learning that, You know, globalization is part of it, but I think it's just a hunger for learning, the world has changed in the last 50 years. It used to be that you finished college, you got a job by and large, the skills that you learned in college were pretty much what got you through the rest of your job history and yeah,",
          "chapter_name": "Global Education Revolution: Stanford's Coursera Origin Story"
        },
        {
          "speaker": "Daphne Koller",
          "speech": "you learned some stuff, but it wasn't a dramatic change today. We're in a world where the skills that you need for a lot of jobs, they didn't even exist when you went to college and the jobs and many of the jobs that exist when you went to college don't even exist today. Um, or dying. So part of that is due to a I, but not only and we need to find a way of keeping people giving people access to the skills that they need today. And I think that's really what's driving a lot of this hunger. So I think if we even take a step back all for you, all of this started in trying to think of new ways to teach or to new ways to sort of organize the material and present the material in a way that would help the education process pedagogy. Yeah.",
          "chapter_name": "Global Education Revolution: Stanford's Coursera Origin Story"
        },
        {
          "speaker": "Lex Fridman",
          "speech": "So what have you learned about effective education from this process? Playing of experimenting with different ideas. So we learned a number of things, some of which I think could translate back and have translated back effectively to how people teach on campus. And some of which I think are more specific to people who learn online, um, more sort of people who learn as part of their daily life. So we learned for instance, very quickly that short is better . So people who are especially in the workforce can't do a 15 week semester long course, they just can't fit that into their lives. Sure.",
          "chapter_name": "Global Education Revolution: Stanford's Coursera Origin Story"
        },
        {
          "speaker": "Daphne Koller",
          "speech": "Can you, can you describe the shortness of what the, the, the entirety? So every aspects of the little lecture short, the lectures, short courses short, Both we started out, you know, the first online education efforts were actually MIT's open courseware initiatives that was, you know, recording of classroom lectures and hour 1/2 or something like that. And that didn't really work very well.",
          "chapter_name": "Global Education Revolution: Stanford's Coursera Origin Story"
        }
      ]
    },
    {
      "name": "Revolutionizing Education: Online Learning Trends and Challenge",
      "content": [
        {
          "speaker": "Daphne Koller",
          "speech": "I mean, some people benefit, I mean , of course they did, but It's not really very palatable experience for someone who has a job and uh, you know, three kids and they need to run errands and such. They can't fit 15 weeks into their life and and the hour and a half is really hard. So we learned very quickly. I mean, we started out with short video modules, Um and over time made them shorter because we realized that 15 minutes was still too long if you want to fit in when you're waiting in line for your kid's doctor's appointment, it's better if it's 5-7.",
          "chapter_name": "Revolutionizing Education: Online Learning Trends and Challenge"
        },
        {
          "speaker": "Daphne Koller",
          "speech": "Um we learned that 15 week courses don't work and you really want to break this up into shorter unit so that there is a natural completion point gives people a sense of, They're really close to finishing something meaningful. They can always come back and take part two and part three. we also learned that compressing the content works really well because if some people that pace works well and for others they can always rewind and watch again . And so people have the ability to then learn at their own pace. And so that flexibility um the brevity and the flexibility are both things that we found to be very important. We learned that engagement during the content is important and the quicker you give people feedback, the more like there to be engaged. Hence the introduction of these, which we actually was an intuition that I had going in and and was then validated using data.",
          "chapter_name": "Revolutionizing Education: Online Learning Trends and Challenge"
        },
        {
          "speaker": "Daphne Koller",
          "speech": "That introducing some of these sort of little micro quizzes into the lectures really helps. Self graded, automatically graded assessments really helped too because it gives people feedback scene there you are. So all of these are valuable. And then we learned a bunch of other things too . We did some really interesting experiments for instance on the gender bias and how having a female role model as an instructor can change the balance of men to women in terms of, especially in stem courses and you can do that online by doing a B testing in ways that would be really difficult to go on campus. That's exciting. But so the shortness, the compression, I mean that's actually so that that probably is true for all, you know, good editing is always just compressing the content , making it shorter.",
          "chapter_name": "Revolutionizing Education: Online Learning Trends and Challenge"
        },
        {
          "speaker": "Lex Fridman",
          "speech": "So that puts a lot of burden on the creator of the instructor and the creator of the jewish educational content, probably most lectures at MIT or stanford could be five times shorter if the preparation was put uh put enough. So uh maybe people might disagree with that, but like the christmas dick clarity that a lot of them like coursera delivers is how much effort does that take? So first of all, let me say that it's not clear that that crispness would work as effectively in a face to face setting because people need time to absorb the material. And so you need to at least pause and give people a chance to reflect that maybe practice. And that's what moves do is that they give you these chunks of content and then ask you to practice with it. And that's where I think some of the newer pedagogy that people are adopting and face to face teaching that have to do with interactive learning and such, it can be really helpful. But both those approaches, whether you're doing that type of methodology and online teaching or in that flipped classroom, interactive teaching, what's uh to pause, what's flipped classroom, flipped classroom is a way in which online content is used to supplement face to face teaching where people watch the videos perhaps and do some of the exercises before coming to class and then when they come to class is actually to do much deeper problem solving. oftentimes in a group.",
          "chapter_name": "Revolutionizing Education: Online Learning Trends and Challenge"
        },
        {
          "speaker": "Lex Fridman",
          "speech": "Um but any one of those different pedagogy is That are beyond just standing there and droning on in front of the classroom for an hour and 15 minutes require a heck of a lot more preparation. And so it's one of the challenges I think that people have that we had when trying to convince instructors to teach on coursera and it's part of the challenge is that um pedagogy experts on campus have been trying to get faculty to teach differently, is that it's actually harder to teach that way than it is to stand there drone. Do you think uh moocs will replace in person education or become the majority of in person uh of education of the way people learn in the future? Again, the future could be very far away, but where is the trend going? Do you think so?",
          "chapter_name": "Revolutionizing Education: Online Learning Trends and Challenge"
        }
      ]
    },
    {
      "name": "Deep Learning: Foundations, Surprises, and the Future",
      "content": [
        {
          "speaker": "Daphne Koller",
          "speech": "I think it's a nuanced and complicated answer.",
          "chapter_name": "Deep Learning: Foundations, Surprises, and the Future"
        },
        {
          "speaker": "Daphne Koller",
          "speech": "I don't think moocs will replace face to face teaching. I think learning is in many cases a social experience. And even at course , Sarah, we had people who naturally formed study groups even when they didn't have to just come and talk to each other and we found that that actually benefited. They're learning in very important ways. There was more success in among learners who had those study groups and among ones who didn't, so I don't think it's just gonna, oh , we're all going to just suddenly learn online with a computer and no one else in the same way that, you know, recorded music has not replaced live concerts. Uh but I do think that especially when you are thinking about continuing education, the stuff that people get when they're traditional, whatever high school college education is done and they yet have to maintain their level of expertise and skills in a rapidly changing world.",
          "chapter_name": "Deep Learning: Foundations, Surprises, and the Future"
        },
        {
          "speaker": "Daphne Koller",
          "speech": "I think people will consume more and more educational content in this online format, because going back to school for formal education is not an option for most people briefly and it might be a difficult question to ask, but there's a lot of people fascinated by artificial intelligence, by machine learning. Deep learning. Is there a recommendation for the next year or for a lifelong journey of somebody interested in this? How do they, how do they begin ? How do they enter that learning journey? I think the important thing is first to just get started and um there's plenty of online content that one can get for both the core foundations of mathematics and statistics and programming and then from there to machine learning, I would encourage people not to skip to quickly pass the foundations because I find that there's a lot of people who learn machine learning , whether it's online or on campus without getting those foundations and they basically just turn the crank on existing models in ways that they don't allow for a lot of innovation and uh, adjustment to the problem at hand but also be or sometimes just wrong and they don't even realize that their application is wrong because there's artifacts that they haven't fully understood.",
          "chapter_name": "Deep Learning: Foundations, Surprises, and the Future"
        },
        {
          "speaker": "Daphne Koller",
          "speech": "So I think the foundations machine learning is an important step and then um and then actually start solving problems um try and find someone to solve them with because especially at the beginning is useful to have someone to bounce ideas off and fix mistakes that you make and um and you can fix mistakes that they make but uh but then just find practical problems, whether it's in your workplace or if you don't have that cattle competitions or such a really great place to find interesting problems and just practice practice perhaps a bit of a romanticized question. But what idea in deep learning do you find? Have you found in your journey the most beautiful or surprising or interesting? Perhaps not just deep learning but ai in general statistics, I'm going to answer with two things. Um one would be the foundational concept of end to end training, which is that you start from the raw data and you train something that is not like a single piece but rather the um towards the actual goal that you're looking from the raw data to the outcome like and nothing. No, no details in between.",
          "chapter_name": "Deep Learning: Foundations, Surprises, and the Future"
        },
        {
          "speaker": "Daphne Koller",
          "speech": "We'll not know details but the fact that you, I mean you could certainly introduce building blocks that were train towards other tests and actually coming to that in my second half of the answer. But um it doesn't have to be like a single monolithic blob in the middle. Actually think that's not ideal. But rather the fact that at the end of the day, you can actually train something that goes all the way from the beginning to the end. And the other one that I find really compelling is the notion of learning a representation that in it's turn, even if it was trained to another task can potentially be used as a much more rapid starting point to solving a different task. And that's I think reminiscent of what makes people successful learners. It's something that is relatively new in the machinery space. I think it's underutilized even relative to today's capabilities, but more and more of how do we learn, uh sort of reusable representation . So end to end and transfer learning. Is it surprising to you that neural networks are able to in many cases do these things?",
          "chapter_name": "Deep Learning: Foundations, Surprises, and the Future"
        },
        {
          "speaker": "Daphne Koller",
          "speech": "Is it uh may be taken back to when you when you first would dive deep into neural networks or in general, even today , Is it surprising that neural networks work at all and work wonderfully to do this kind of raw uh and then learning and even transfer learning. I think I was surprised by how well when you have large enough amounts of data, it's possible to find a meaningful representation in what is an exceedingly high dimensional space. And so I find that to be really exciting and people are still working on the math for that. There's more papers on that every year and I think it would be really cool if we figured that out. But um that to me was a surprise because in the early days when I was starting my way in machine learning and data sets were rather small. I think we we believe I believe that you needed to have a much more constrained and knowledge rich search space to really make to really get to a meaningful answer.",
          "chapter_name": "Deep Learning: Foundations, Surprises, and the Future"
        },
        {
          "speaker": "Lex Fridman",
          "speech": "And I think it was true at the time, what I think is um is still a question is will a completely knowledge free approach where there is no prior knowledge going into the construction of the model. Is that going to be the solution or not? It's not actually the solution today in the sense that the architecture of a you know, convolutional neural network that's used for images is actually quite different to the type of network that's used for language and yet different from the one that's used for speech or biology or any other application. There's still some insight that goes into the structure of the network to get the right performance. Will you be able to come with a universal learning machine? I don't know.",
          "chapter_name": "Deep Learning: Foundations, Surprises, and the Future"
        }
      ]
    },
    {
      "name": "AI Uncertainty: Human Control and Intelligence Dream",
      "content": [
        {
          "speaker": "Daphne Koller",
          "speech": "Mhm. I wonder if there's always has to be some insight injected somewhere or whether it can converge. So you've done a lot of interesting work with probably the graphical models in general Beijing deep learning and so on. Can you maybe speak high level? How can learning systems deal with uncertainty? one of the limitations I think of a lot of machine learning models is that they come up with an answer and you don't know how much you can believe that answer and um um oftentimes the uh the answer is actually quite poorly calibrated relative to its uncertainties , even if you look at where the um you know, the confidence that comes out of the, say the neural network at the end. And you ask How much more likely is an answer of 0.8 versus 0.9. It's not really in any way calibrated to the um to the actual reliability of that network and how true it is.",
          "chapter_name": "AI Uncertainty: Human Control and Intelligence Dream"
        },
        {
          "speaker": "Daphne Koller",
          "speech": "And the further away you move from the training data , the more uh not only the more wrong than network is often more wrong and more confident in its wrong answer . And that is a serious issue in um a lot of application areas. So when you think for instance about medical diagnosis is being maybe an epitome of how problematic this can be if you were training your network on a certain set of patients in a certain patient population and I have a patient that is an outlier and there's no human that looks at this and that patient is put into a neural network and your network not only gives a completely incorrect diagnosis but is supremely confident and it's wrong answer. You could kill people. So I think creating more of a um an understanding of how do you produce networks that are calibrated and the uncertainty and can also say, you know, I give up, I don't know what to say about this particular data instance because I've never seen something that's sufficiently like it before. I think it's going to be really important in mission critical applications, especially ones where human life is at stake and that includes a, you know, medical applications, but it also includes, you know, automated driving because you'd want the network to be able to, you know what? I have no idea what this blob is that I'm seeing in the middle of the rest, I'm just going to stop because I don't want to potentially run over a pedestrian that I don't recognize. Is there good mechanisms, ideas of how to allow learning systems to uh provide that uncertainty with along with their predictions.",
          "chapter_name": "AI Uncertainty: Human Control and Intelligence Dream"
        },
        {
          "speaker": "Daphne Koller",
          "speech": "Certainly people have come up with mechanisms that involve beige in deep learning deep learning that involves calcium processes. Um I mean there's a slew of different approaches that people have come up with. There's methods that use ensembles of networks with trained with different substance of data are different random starting points . Those are actually sometimes surprisingly good at creating a sort of set of how confident or not you are in your answer, it's very much an area of open research. Let's cautiously venture back into the land of philosophy and uh speaking of Ai systems providing uncertainty, somebody like Stuart Russell believes that as we create more and more intelligence systems it's really important for them to be full of self doubt because you know, if they're given more and more power we want to the way to maintain human control over as systems or human supervision, which is true. Like you just mentioned autonomous vehicles.",
          "chapter_name": "AI Uncertainty: Human Control and Intelligence Dream"
        },
        {
          "speaker": "Daphne Koller",
          "speech": "It's really important to get human supervision when the car is not sure because if it's really confident in cases when it can get in trouble it's gonna be really problematic. So let me ask about sort of the questions of A. G. I. And human level intelligence. I mean we talked about curing diseases. No which is a sort of fundamental thing. We could have an impact today. But ai people also dream of both understanding and creating intelligence. Is that something you think about? Is that something you dream about? Is that something you think is within our reach to be thinking about as computer scientists. Boy, let me tease apart different parts of that question .",
          "chapter_name": "AI Uncertainty: Human Control and Intelligence Dream"
        },
        {
          "speaker": "Daphne Koller",
          "speech": "The first question. Uh Yeah it's a multipart question. So let me start with the feasibility of A G.",
          "chapter_name": "AI Uncertainty: Human Control and Intelligence Dream"
        }
      ]
    },
    {
      "name": "AI Threats: Dangerous Systems and Abuse",
      "content": [
        {
          "speaker": "Daphne Koller",
          "speech": "I then I'll talk about the timelines a little bit and then talk about well what controls does one need when protecting? When thinking about protections in the Ai space. So, you know, I think A G. I obviously is a long standing dream that even our early pioneers in the space had, you know, the turing test and so on are the earliest discussions of that. We're Obviously closer than we were 70 years so years ago, but I think it's still very far away. I think machine learning algorithms today are really exquisitely good pattern, recognize ear's in very specific problem domains where they have seen enough training data to make good predictions. You take a um she learning algorithm and you move it to a slightly different version of even that same problem. Far less one.",
          "chapter_name": "AI Threats: Dangerous Systems and Abuse"
        },
        {
          "speaker": "Daphne Koller",
          "speech": "That's different and it will just completely choke. So I think we're nowhere close to the versatility and flexibility of even a human toddler in terms of their ability to context switch and solve different problems using a single knowledge based single brain . So, am I desperately worried about uh the machines taking over the universe and you know, starting to kill people because they want to have more power? I don't think so. Well, so to pause on that. So you you kind of intuited that super intelligence is a very difficult thing to achieve that.",
          "chapter_name": "AI Threats: Dangerous Systems and Abuse"
        },
        {
          "speaker": "Daphne Koller",
          "speech": "We're even intelligence intelligence intelligence. Super intelligence. We're not even close to intelligence, even just the greater abilities of generalization of our current systems. But yeah, we haven't answered all the parts and we're getting to the second part well, but maybe another tension you can also pick up is uh can we get in trouble with much dumber systems? Yes, and that is exactly where I was going. So, so just to wrap up on the threats of A G",
          "chapter_name": "AI Threats: Dangerous Systems and Abuse"
        },
        {
          "speaker": "Daphne Koller",
          "speech": "I I think that it seems to me a little early today too, figure out protections against a human level or super human level intelligence whose where we don't even see the skeleton of what that would look like. So it seems that it's very speculative on how, how to protect against that. But we can definitely and have gotten into trouble on much dumber systems and a lot of that has to do with the fact that the systems that we're building, our increasingly complex, um increasingly poorly understood. Um and there's ripple effects that are unpredictable in changing little things that can have dramatic consequences on the outcome. Uh and by the way , that's not unique to artificial intelligence and artificial intelligence exacerbates, that brings it to a new level. But heck, our electric grid is really complicated.",
          "chapter_name": "AI Threats: Dangerous Systems and Abuse"
        },
        {
          "speaker": "Lex Fridman",
          "speech": "The software that runs our financial markets is really complicated. And we've seen those ripple effects translate to dramatic negative consequences, like, for instance, um financial crashes that have to do with feedback loops that we didn't anticipate. So I think that's an issue that we need to be thoughtful about in many places, um artificial intelligence being one of them and we should. And I think it's really important that people are thinking about ways in which we can have better interpret ability of systems, better tests for, for instance , measuring the extent to which a machine learning system that was trained in one set of circumstances. How well does it actually work in a very different set of circumstances where you might say for instance, well I'm not gonna be able to test my automated vehicle in every possible city, village, um, weather condition and so on. But if you trained it on this set of conditions and then tested it on 50 or 100 others that were quite different from the ones that you trained it on, Then that it worked.",
          "chapter_name": "AI Threats: Dangerous Systems and Abuse"
        },
        {
          "speaker": "Daphne Koller",
          "speech": "Then that gives you confidence that the next 50 that you didn't test it all might also work effectively testing for generalize ability. So I think there's ways that we should be constantly thinking about to validate the robustness of our systems. I think it's very different from the let's make sure robots don't take over the world. And then the other place where I think we have a threat which is also important for us to think about is the extent to which technology can be abused. So like any really powerful technology, machine learning can be very much used badly as well as two good and that goes back to many other technologies that have come up with when people invented projectile missiles and it turns into guns and people invented nuclear power and it turned the nuclear bombs and I think honestly, I would say that to me, gene editing and CRISPR is at least as dangerous at technology. If used badly then machine as machine learning, you could create a really nasty viruses and such using gene editing that are, you know, you be really careful about. So anyway, um, that's something that we need to",
          "chapter_name": "AI Threats: Dangerous Systems and Abuse"
        }
      ]
    }
  ]
}