{
  "speakers": [
    "Stephen Schwarzman",
    "Lex Fridman"
  ],
  "episode_name": "96-stephen-schwarzman-going-big-in-business-investing-and",
  "chapters": [
    {
      "name": "Stephen Schwarzman: AI Research Dream Burns Brighter",
      "content": [
        {
          "speaker": "Lex Fridman",
          "speech": "The following is a conversation with Stephen Schwarzman Ceo and co founder of Blackstone, one of the world's leading investment firms with over $530 billion of assets under management. He's one of the most successful business leaders in history. I recommend his recent book called What it Takes that tells stories and lessons from his personal journey. Steven is a philanthropist and one of the wealthiest people in the world recently, signing the giving pledge, thereby committing to give the majority of his wealth to philanthropic causes. As an example in 2018, he donated $350 million IT to help establish its new college of computing. The mission of which promotes interdisciplinary, big bold research in artificial intelligence. For those of you who know me know that mitt is near and dear to my heart and always will be. It was and is a place where I believe big bold revolutionary ideas have a home and that is what is needed artificial intelligence research in the coming decades. Yes, there is institutional challenges but also there's power in the passion of individual researchers from undergrad to PhD from young scientists. The senior faculty, I believe the dream to build intelligence systems burns brighter than ever in the halls of MIT. This conversation was recorded recently but before the outbreak of the pandemic for everyone feeling the burden of this crisis. I'm sending love your way, stay strong, We're in this together. This is the artificial intelligence podcast.",
          "chapter_name": "Stephen Schwarzman: AI Research Dream Burns Brighter"
        },
        {
          "speaker": "Lex Fridman",
          "speech": "If you enjoy it. Subscribe on youtube. Review it with five stars on apple podcast. Support on Patreon are simply connect with me on twitter at lex Friedman spelled f R I D M A N. As usual, I'll do a few minutes of ads now and never any ads in the middle that can break the flow of the conversation.",
          "chapter_name": "Stephen Schwarzman: AI Research Dream Burns Brighter"
        },
        {
          "speaker": "Lex Fridman",
          "speech": "I hope that works for you and doesn't hurt the listening experience. Quick summary of the ads to sponsors Masterclass and Express VPN. Please consider supporting the podcast by signing up to master class at masterclass dot com slash lex and getting Express V p M at Express VPN dot com slash lex pod. This show is sponsored by a master class. Sign up at masterclass dot com slash lex to get a discount and support this podcast. When I first heard about master class, I thought it was too good to be true. $480 a year.",
          "chapter_name": "Stephen Schwarzman: AI Research Dream Burns Brighter"
        },
        {
          "speaker": "Lex Fridman",
          "speech": "You get an all access pass to watch courses from, to list some of my favorites chris Hatfield on space exploration. The other Grasse Tyson on scientific thinking, communication will wright, creator of some city and sims on game design, Carlos, Santana on guitar , Garry Kasparov in chess, daniel Negreanu and poker and many, many more chris Hatfield explaining how rockets work and the experience of being launched into space alone is worth the money by the way, you can watch it on basically any device. Once again sign up at masterclass dot com slash lex to get a discount and to support this podcast, this show is sponsored by Express VPN get it at Express VPN dot com slash flex pod to get a discount and to support this podcast, Ive been using Express VPN for many years. I love it. It's easy to use press the big power on button and your privacy is protected and if you like, you can make it look like your location is anywhere else in the world. I might be in boston now, but it can make you look like I'm in new york, London paris or anywhere else in the world . This has a large number of obvious benefits.",
          "chapter_name": "Stephen Schwarzman: AI Research Dream Burns Brighter"
        },
        {
          "speaker": "Lex Fridman",
          "speech": "Certainly it allows you to access international versions of streaming websites like the japanese, netflix or the U . K. Hello, Express VPN works on any device you can imagine. I use it on Lenox shoutout to bond to 2004 windows android , but it's available everywhere else too. Once again get it at Express VPN dot com slash likes pod to get a discount and to support this podcast. And now here's my conversation with Stephen Schwarzman. Let's start with a tough question, what idea do you believe?",
          "chapter_name": "Stephen Schwarzman: AI Research Dream Burns Brighter"
        }
      ]
    },
    {
      "name": "Going Big: The Pros and Cons of Pursuing Large Opportunities",
      "content": [
        {
          "speaker": "Stephen Schwarzman",
          "speech": "Whether grounded and data or an intuition that many people you respect, disagree with you on.",
          "chapter_name": "Going Big: The Pros and Cons of Pursuing Large Opportunities"
        },
        {
          "speaker": "Stephen Schwarzman",
          "speech": "Well there isn't all that much anymore since the world so transparent, but uh one of the things I I believe in uh put it in the, the book, what it takes is is if you're gonna do something, do something very consequential, do something that's quite large. Uh if you can , that's unique because if you operate in that kind of space when you're successful, it's it's a huge impact. The prospect of success enables you to recruit people who want to be part of that. And those type of large opportunities are pretty easily described. Uh and and so not everybody likes to operate at scale. Some people like to do small things because it is meaningful for them emotionally. And so occasionally you get a disagreement on that, but those are life choices uh rather than commercial choices.",
          "chapter_name": "Going Big: The Pros and Cons of Pursuing Large Opportunities"
        },
        {
          "speaker": "Stephen Schwarzman",
          "speech": "That's interesting. What good and bad comes with going big. So we often, in America think big is good, what's the benefit? What's the cost in terms of just bigger than business, but life happiness, the pursuit of happiness? Well, you do things that make you happy.",
          "chapter_name": "Going Big: The Pros and Cons of Pursuing Large Opportunities"
        },
        {
          "speaker": "Stephen Schwarzman",
          "speech": "It's, it's not mandated. Uh and everybody is different. Uh and um , some people, um you know, if they have talent, like playing pro football, uh you know , other people just like throwing the ball around, uh, you know, not even being on a team, what's better, depends what your objectives are, depends what your talent is. Uh you know, it depends, um , you know, what, what gives you joy. So in terms of going big is it both for impact on the world and because you personally gives you joy? Well, it makes it easier to succeed actually, because if you catch something for example, that's cyclical, That's huge opportunity, then then you usually can find someplace within that huge opportunity where you can make it work if you're prosecuting really small thing and you're wrong, you don't have many places to go .",
          "chapter_name": "Going Big: The Pros and Cons of Pursuing Large Opportunities"
        },
        {
          "speaker": "Lex Fridman",
          "speech": "Uh So, you know , I've always found that the easy place to be. Uh and you know, um the ability where you can concentrate uh human resources, get people excited about doing like really impactful big things. Uh and you can afford to pay them actually because the bigger thing can generate much more in the way of of financial resources . So that brings people out of talent to help you. Uh and and so all together it's a virtuous circle, I think. How do you know an opportunity when you see one in terms of the one you want to go big on?",
          "chapter_name": "Going Big: The Pros and Cons of Pursuing Large Opportunities"
        }
      ]
    },
    {
      "name": "Pattern Recognition: The Key to Discovering Untapped Potential",
      "content": [
        {
          "speaker": "Stephen Schwarzman",
          "speech": "Is that intuition, is it facts? Is it uh back and forth, deliberation with people you trust ? What's the process? Is it art? Is it science? Well, it's pattern recognition. And how do you get to pattern recognition first? You need to understand the patterns and and the changes that are happening. And and that's uh that's either uh it's observational on some level.",
          "chapter_name": "Pattern Recognition: The Key to Discovering Untapped Potential"
        },
        {
          "speaker": "Stephen Schwarzman",
          "speech": "You can call it data or you can just call it listening to unusual things that people are saying that they haven't said before. And you know, I've always um tried to describe this. It's like seeing a piece of white linen on a , on a black dress, but most people disregard that piece of lint, they just see the dress, I always see the lint. Uh , and and I'm fascinated by how did something get someplace, it's not supposed to be. So it doesn't even need to be a big discrepancy , but if something shouldn't be someplace in a constellation of facts that, that, you know, sort of made sense in a traditional way , I've learned that if you focus on why someone discordant note is there, that's usually a key to something important. And if you can find two of those discordant notes, that's usually a straight line to someplace and that some places not where you've been , and usually when you figure out that things are changing or have changed and you describe them, which you have to be able to do because it's not uh some odd intuition, it's just focusing on facts. It's almost like a scientific discovery .",
          "chapter_name": "Pattern Recognition: The Key to Discovering Untapped Potential"
        },
        {
          "speaker": "Stephen Schwarzman",
          "speech": "If you will, when you describe it to other people in the real world, they tend to do absolutely nothing about it. And that's because humans are comfortable in their own reality. And if there's no particular reason at that moment to shake them out of their reality, they'll stay in a even if they're ultimately completely wrong. And I've always been stunned that when I explain where we're going what we're doing and why almost everyone just says that's interesting and they continue doing what they're doing And and so uh you know, I think it's pretty easy to do that uh you know, but what you need is a huge data set. So, you know, before ai and people's focus on data, you know, I've sort of been doing this mostly my whole life. I'm not a scientist, I'm not let alone a computer scientist. And you know, you can just hear what people are saying when somebody says something or you observe something that simply doesn't make sense.",
          "chapter_name": "Pattern Recognition: The Key to Discovering Untapped Potential"
        },
        {
          "speaker": "Stephen Schwarzman",
          "speech": "That's when you really go to work , the rest of it's just processing, you know, on a quick tangent, pattern recognition is a term often used throughout the history of ai that's the goal of artificial intelligence is pattern recognition , right? But there's, I would say various flavors of that. So usually pattern recognition refers to the process of the the we said dress and the lint on the dress, pattern recognition is very good, identifying the dress is looking at the pattern that's always there. That's very common and so on. You almost referred to a pattern that's like a what's called outlier detection in uh computer science . Right.",
          "chapter_name": "Pattern Recognition: The Key to Discovering Untapped Potential"
        },
        {
          "speaker": "Stephen Schwarzman",
          "speech": "The the rare thing, the the small thing now, ai is not often good at that, do you ? It just almost philosophically the kind of decisions you made in your life based scientifically, almost on data, do you think ai in the future will be able to do. Is it something that could be put down into code? Or is it still deeply human? It's tough for me to say, since I don't have domain knowledge in a i to know everything that could or might occur. I know um sort of in my own case that most people don't see any of that. I I just assumed it was motivational uh you know, um but but it's also sort of it's hard wiring. What are you wired or programmed to be finding or looking for? It? It's not what happens every day.",
          "chapter_name": "Pattern Recognition: The Key to Discovering Untapped Potential"
        },
        {
          "speaker": "Stephen Schwarzman",
          "speech": "That's not interesting, frankly. I mean that's what people mostly do. I do a bunch of that too, because you know, that's what you do in normal life, but I've always been completely fascinated by the stuff that doesn't fit or the other way of thinking about it, it's determining what what people want without them saying it. Uh That's a that's a different kind of pattern. You can see everything they're doing, There's a missing piece.",
          "chapter_name": "Pattern Recognition: The Key to Discovering Untapped Potential"
        },
        {
          "speaker": "Stephen Schwarzman",
          "speech": "They don't know what's missing. You think it's missing given the other facts, you know about them and you you deliver that and then that becomes, you know, sort of very easy uh to to to sell to them to linger on this point a little bit. You mentioned that in your family when you were growing up, nobody raised their voice in anger or otherwise. And you said that this allows you to learn to listen and hear some interesting things? Can you elaborate as you have been on that idea?",
          "chapter_name": "Pattern Recognition: The Key to Discovering Untapped Potential"
        }
      ]
    },
    {
      "name": "Unveiling the Art of Listening: Understanding People's Intentions",
      "content": [
        {
          "speaker": "Stephen Schwarzman",
          "speech": "What do you hear about the world if you listen? Well, you you have to listen really intensely to understand what people are saying as well as what people are intending, because it's not necessarily the same thing.",
          "chapter_name": "Unveiling the Art of Listening: Understanding People's Intentions"
        },
        {
          "speaker": "Stephen Schwarzman",
          "speech": "Uh, and um, people mostly give themselves away, no matter how clever they think they are. Um, particularly if you have the full array of inputs, in other words, if you look at their face, you look at their eyes, which are the window on the soul, it's very difficult to conceal what you're thinking. You look at facial expressions and posture , you listen to their voice, which changes, um, you know, when it's , when you're, you're talking about something you're comfortable with or not, are you speaking faster is the amplitude of what you're saying higher, Most people just give away what's really on their mind , uh, you know, they're they're not that clever, they're busy spending their time thinking about what they're in the process of saying. And and so if you just observe that, not in a hostile way, but just in an evocative way and just let them talk for a while, they'll more or less tell you almost completely what they're thinking, even the stuff they don't want you to know. And once you know, that of course it's sort of easy to play that kind of game because they've already told you everything you need to know? And and so it's easy to get to a a conclusion if there's meant to be won an area of common interest since, you know, almost exactly what's on their mind. Uh and and so that's an enormous advantage as opposed to just walking in in some place and somebody telling you something and you believe in what they're saying, there are so many different levels of communication, so powerful approach to life.",
          "chapter_name": "Unveiling the Art of Listening: Understanding People's Intentions"
        },
        {
          "speaker": "Stephen Schwarzman",
          "speech": "You discuss in the book on the topic of listening and really hearing people is figuring out what the biggest problem bothering a particular individual group is and coming up with a solution to that problem and presenting them with the solution right? In fact, you brilliantly describe a lot of simple things that most people just don't do, it's kind of obvious, find the problem that's bothering somebody deeply. And as you said, I think you've implied that they will usually tell you what the problem is. But can you talk about this process of seeing what the biggest problem for a person is trying to solve it and uh maybe a particularly memorable example. Sure. You know, if if, you know, you're gonna meet somebody, there are two types of situations, chance meetings and , you know, the second is, you know, you're gonna meet somebody.",
          "chapter_name": "Unveiling the Art of Listening: Understanding People's Intentions"
        },
        {
          "speaker": "Stephen Schwarzman",
          "speech": "So let's take the easiest one which is, you know, you're gonna meet somebody uh and you start trying to make, pretend you're them it's really easy, what's on their mind , what are they thinking about in their daily life, what are the big problems facing? So so if they're, you know, to make it a really easy example, um you know, make pretend, you know, they're like President of the United States doesn't have to be this President can be any president. So you sort of know what's more or less on their mind because the press keeps reporting it and and you see it on television, you hear it, uh people discuss it. So you know, if you're gonna be running into somebody in that kind of position, uh you sort of know what they look like already. Uh you know what they sound like, you you know, uh what their voices like and you know what they're focused on. And and so if you're going to meet somebody like that, what you should do is take the biggest unresolved issue that they're facing. And and come up with a few interesting solutions that basically haven't been out there or that you haven't heard anybody else I was thinking about . So just to give you an example, it was Sort of in the early 1990s and I was invited to something at the White House, which was a big deal for me because I was like, you know, a person from no place.",
          "chapter_name": "Unveiling the Art of Listening: Understanding People's Intentions"
        },
        {
          "speaker": "Stephen Schwarzman",
          "speech": "And and you know, I had met the president once before because it was President Bush because his son was in my dormitory. So I had met him at parents day. I mean, it's just like the oddity of things. So, so I knew I was going to see him because you know , that's where the invitation came from. And uh, so, so there was something going on. And I just thought about, you know, two or three ways to approach that , that issue. And, you know, at that point I was separated . And so I had brought brought a date uh, to the White House. And you know , and and So so I saw the president, we sort of went over in a corner for about 10 minutes and discussed whatever this issue was.",
          "chapter_name": "Unveiling the Art of Listening: Understanding People's Intentions"
        },
        {
          "speaker": "Stephen Schwarzman",
          "speech": "And I later, you know, went back to my date was a little rude, but it was meant to be confidential conversation and I barely knew her. Uh, and you know, said, what were you talking about all that time? I said, well, you know, uh, there's something going on in the world. And I've thought about different ways of perhaps approaching that and he was interested . Uh, and the answer is of course he was interested, why wouldn't he be interested? There didn't seem to be an easy outcome. And and so, you know, conversations of that type one, somebody knows you're really thinking about what's good for them and good for the situation has nothing to do with with me.",
          "chapter_name": "Unveiling the Art of Listening: Understanding People's Intentions"
        }
      ]
    },
    {
      "name": "Empathy: The Key to Understanding Others' Problem",
      "content": [
        {
          "speaker": "Stephen Schwarzman",
          "speech": "I mean , it's really about being in service. Uh, you know, to to to this situation that then people trust you and they'll tell you other things because they know your motives are basically very pure. You're just trying to resolve a difficult situation to help somebody do it. So, so these types of things, um, you know, that's a planned situation that's easy, is sometimes you just come upon somebody and they start talking and you know, that requires, you know, like different skills, you know, of , you can ask them what you've been working on lately. What are you thinking about? Uh, you, you can ask him, you know, has anything been particularly difficult? And you, and you know, you can ask him most people if, if they trust you for some reason, um, they'll tell you and then you have to instantly go to work on it and you know, that's, that's not as good as having some advance planning, but, but you know, almost everything going on is like out there and, and people who were involved with interesting situations, they're playing in the same ecosystem.",
          "chapter_name": "Empathy: The Key to Understanding Others' Problem"
        },
        {
          "speaker": "Stephen Schwarzman",
          "speech": "They just have different roles in the ecosystem. And you know, you can do that with somebody who owns a pro football team that loses all the time . We specialize in those in new york. And, you know, you already have analyzed why they're losing. Alright, inevitably, it's because they don't have a great quarterback, they don't have a great coach and they don't have a great general manager, who knows how to hire the best talent. Those are the three reasons why a team fails , right? Because their salary caps.",
          "chapter_name": "Empathy: The Key to Understanding Others' Problem"
        },
        {
          "speaker": "Stephen Schwarzman",
          "speech": "So every team pays this amount of money for all their players. So it's gotta be those three positions. So if you're talking with somebody like that inevitably , even though it's not structured, you'll you'll you'll know how they're teams doing and you'll know pretty much why. And if you start asking questions about that, they're typically very happy to talk about it because they haven't solved that problem. In some case they don't even know that's the problem. It's pretty easy to see it. So, you know, I do stuff like that, which I find his um intuitive as a process, but you know, leads to really good results .",
          "chapter_name": "Empathy: The Key to Understanding Others' Problem"
        },
        {
          "speaker": "Lex Fridman",
          "speech": "Well, the funny thing is when you're smart for smart people, it's hard to escape their own ego and in the space of their own problems, which is what's required to think about other people's problems, it requires for you to let go of the fact that you're your own problems are all important. And then to talk about your, I think uh while it seems obvious, I think quite brilliant , it's a difficult leap for many people, especially smart people to empathize with truly empathize with the problems of others. Well I have a competitive advantage, which is, which is, I don't think I'm so smart, it's good. So, you know, it's not a problem or the truly smartest people I know, say that exact same thing .",
          "chapter_name": "Empathy: The Key to Understanding Others' Problem"
        }
      ]
    },
    {
      "name": "Philanthropy as Business Growth: Schwarzman's Approach to Solving Big Issue",
      "content": [
        {
          "speaker": "Stephen Schwarzman",
          "speech": "Yeah . Being humble is uh is really useful competitive advantage as he said. How do you stay humble? Well, I haven't changed much um since, since, since I was um in my mid teens, you know, I was raised partly in the city and partly in the suburbs and um and you know, whatever the values I had at that time , uh those are still my values , I call them like middle class values, that's how I was raised.",
          "chapter_name": "Philanthropy as Business Growth: Schwarzman's Approach to Solving Big Issue"
        },
        {
          "speaker": "Stephen Schwarzman",
          "speech": "Um and um I've never changed. Why would I? That's who I am? And and so the co chairman of of um you know, the rest of your life has got to be put on the same, you know, like solid foundation of who you are, because if you start losing who you really are, who are you? Uh So I've never had the desire to be somebody else. I just do other things now that I wouldn't do as a so there was a middle class kid from philadelphia, I mean my life has morphed on a certain level, but part of the strength of having integrity of personality is that you can remain in touch with with with with everybody who's comes from that kind of background and and you know, even though I do some things that aren't like that, you know, in terms of people I'd meet or situations I'm in, I always look at it through the same lens. Uh and that's very psychologically comfortable uh and doesn't require to me to make any real adjustments in my life and I just keep plowing ahead.",
          "chapter_name": "Philanthropy as Business Growth: Schwarzman's Approach to Solving Big Issue"
        },
        {
          "speaker": "Stephen Schwarzman",
          "speech": "There's a lot of activity in progress in recent years around effective altruism. It's, I wanted to bring this topic with you because it's an interesting one from your perspective. Uh you can put in any kind of terms, but it's philanthropy that focuses on maximizing impact. How do you see the goal of philanthropy both from a personal motivation perspective and the societal , big picture impact perspective ? Yeah, I don't think about philanthropy the way you would expect me to. Okay, I I look at, you know , sort of solving big issues, addressing big issues , starting new organizations to do it much like we do in our business.",
          "chapter_name": "Philanthropy as Business Growth: Schwarzman's Approach to Solving Big Issue"
        },
        {
          "speaker": "Stephen Schwarzman",
          "speech": "You know, we keep growing our business, not by taking the original thing and making it larger, but continually seeing new things and and and building those and and you know, sort of marshaling financial resources, human resources and and in our case because we're in the investment business, we find something new that looks like it's gonna be terrific and and we do that and it works out really well. All I do and what you would call philanthropy is look at other opportunities to help society. Um and I end up starting something new, marshaling people marshaling a lot of money and and then at the end of that kind of creative process, says somebody typically asked me to write a check, I don't wake up and say how can I like give large amounts of money away. I look at issues that are important for people in some cases I do smaller things because it's important to a person. Uh and you know I have you know sort of like I can relate to that person, there's some unfairness that's happened to them and so uh in situations like that I'd give money anonymously and help them out. And you know that that that's that's it's like a miniature version of addressing something really big. So you know at M. I.",
          "chapter_name": "Philanthropy as Business Growth: Schwarzman's Approach to Solving Big Issue"
        },
        {
          "speaker": "Stephen Schwarzman",
          "speech": "T. Um I've done a big thing uh you know helping to start this new school of computing. And I did that because you know I I saw that that you know there's sort of like a global race on uh in ai quantum and other major technologies and I I thought that that the U. S. Could use more enhancement from a competitive perspective. And I also because I get to china a lot and I travel around a lot compared to a regular person. Um you know I can see the need to have control of these types of technologies. So when they're introduced we don't create a mess like we did with the internet. Uh and with social media unintended consequence um you know that's creating all kinds of issues and freedom of speech and the functioning of liberal democracies.",
          "chapter_name": "Philanthropy as Business Growth: Schwarzman's Approach to Solving Big Issue"
        },
        {
          "speaker": "Lex Fridman",
          "speech": "So with a I it was pretty clear that there was enormous difference of views around the world by the relatively few practitioners in the world who really knew what was going on. And by accident I knew a bunch of these people uh you know, who were like big famous people uh and I could talk to them and say, why do you think this is a force for bad and someone else, why do you feel this is a force for good ?",
          "chapter_name": "Philanthropy as Business Growth: Schwarzman's Approach to Solving Big Issue"
        }
      ]
    },
    {
      "name": "AI-Enabled University: Vision, Philanthropy, and Impact",
      "content": [
        {
          "speaker": "Lex Fridman",
          "speech": "And how do we move forward with the technology? But the same by the same time, make sure that whatever is potentially, you know, sort of on the bad side of this technology with for example, the disruption of workforces and things like that, that could have happened much faster than the industrial revolution , uh what do we do about that? And how do we keep that under control? So that the really good things about these technologies, which will be great things, not good things are allowed to happen. So, so to me, uh you know, this this was one of the great issues facing society.",
          "chapter_name": "AI-Enabled University: Vision, Philanthropy, and Impact"
        },
        {
          "speaker": "Lex Fridman",
          "speech": "The number of people who were aware of it were very small, I just accidentally got sucked into it. And and as soon as I saw it, I went, oh my God, this is mega uh both on a competitive basis globally, but also in terms of protecting society and benefiting society. So, so, so that's how I got involved and at the end, you know, sort of the right thing that we figured out, It was , you know, sort of double MIT's computer science faculty and basically create the first ai enabled university in the world. Uh and, you know, in effect be an example, a beacon to the rest of the research community around the world academically and and and create a much more robust us uh situation, competitive situation among the universities, because if MITt is going to raise a lot of money and double its faculty, where you could bet that, you know, in a number of other universities, we're going to do the same thing at the end of it, it would be great for knowledge creation, you know, great for the United States, great for the world. Uh and so I like to do things that I think or really positive things that other people aren't acting on, that I I see for whatever the reason first, it's just people I meet and what they say and I can recognize when something really profound is about to happen or needs to, and I do it at the end of the the end of the situation, somebody says , can you write a check to help us? And then the answer is sure, I mean, because if I don't the vision won't happen, but it's the vision of whatever I do that is compelling . And essentially I love that idea of whether it's small at the individual level, or really big, like the gift to M. I. T. To launch the college of computing.",
          "chapter_name": "AI-Enabled University: Vision, Philanthropy, and Impact"
        },
        {
          "speaker": "Stephen Schwarzman",
          "speech": "It starts with a vision and it you see philanthropy as um the biggest impact you can have is by launching something new especially on an issue that others aren't really addressing. And I also love the notion and you're absolutely right that there's other universities uh stanford cmu I'm looking at you that would essentially you're the seed will we'll create other it will have a ripple effect that potentially might help us be a leader or continue to be a leader in ai this potentially very transformative research direction just to linger on that point a little bit . What is your hope long term For the impact the college here at M. IT might have in the next 510 even 20 or let's get crazy 3050 years. Well it's very difficult to predict the future when you're dealing with knowledge production and creativity. Um",
          "chapter_name": "AI-Enabled University: Vision, Philanthropy, and Impact"
        },
        {
          "speaker": "Lex Fridman",
          "speech": "Yeah I M. I. T. Has obviously um some unique aspects uh you know globally and you know there's four big sort of academic surveys . Um I forget whether it was Q. S. Uh there's the Times uh in London you know the U. S. News and whatever one of these recently M. M. I. T. Was ranked number one in the world. Right?",
          "chapter_name": "AI-Enabled University: Vision, Philanthropy, and Impact"
        },
        {
          "speaker": "Stephen Schwarzman",
          "speech": "So so leave aside whether you're number three somewhere else in the great sweep of humanity. This is pretty amazing right? So so you have a really um remarkable aggregation of of human talent uh here and um where it goes it's hard to tell you have to be a scientist to have the right feel. Um But but what's important is you you have a critical mass of people",
          "chapter_name": "AI-Enabled University: Vision, Philanthropy, and Impact"
        },
        {
          "speaker": "Stephen Schwarzman",
          "speech": "and I I think it breaks into two buckets. One is scientific advancement. Uh And and if the new college can help you know sort of either uh serve as a convening force within the university um or help sort of coordination and communication among people. Uh That's a good thing. Um absolute good thing. The second thing is in the ai ethics area which is is uh in a way equally important because if if the science side creates blowback.",
          "chapter_name": "AI-Enabled University: Vision, Philanthropy, and Impact"
        },
        {
          "speaker": "Stephen Schwarzman",
          "speech": "Uh so that science is is um you know a bit crippled in terms of going forward because society's reaction to knowledge advancement in this field becomes really hostile uh that then you've sort of lost the game in terms of scientific progress and innovation. And and so the ai ethics piece is super important because you know in a perfect world uh M. I. T. Would would serve as a global convener because what you need it's as you need the research universities, you need the companies that are driving Ai and quantum work you need governments who will ultimately be regulating certain elements of this and you also need the media uh to be knowledgeable and trained. So we don't get um sort of Overreactions 2 - one situation which then goes viral. Uh And it ends up shutting down avenues that are perfectly fine, you know, to to be walking down or running down that avenue. But but if enough a discordant uh information not even correct necessarily.",
          "chapter_name": "AI-Enabled University: Vision, Philanthropy, and Impact"
        },
        {
          "speaker": "Stephen Schwarzman",
          "speech": "Uh you know sort of gets um Uh you know sort of gets pushed around society, then you can end up with a really hostile regulatory environment and other things. So you have four drivers that that have to be um sort of integrated. Uh And and so if the new school of computing uh can be really helpful in that regard, uh then that's a real service to science and it's a service to M. I. T. So so that's that's why I wanted to get involved for both areas . And the hope is for me for others for everyone, for the world is for this particular college of Computing to be a beacon and a connector for the for the for these ideas. Yeah, that's right. I mean",
          "chapter_name": "AI-Enabled University: Vision, Philanthropy, and Impact"
        }
      ]
    },
    {
      "name": "Science, Media, and Society: Navigating the Complexity",
      "content": [
        {
          "speaker": "Lex Fridman",
          "speech": "I I think uh MIT is perfectly positioned to do that. So you mentioned the media, social media , the internet as uh this complex network of communication with with laws perhaps perhaps you can speak to them. But you know, I personally think that science and technology has its flaws but ultimately is one sexy , exciting. It's the way for us to explore and understand the mysteries of our world and to most perhaps more importantly for some people, it's a huge way to a really powerful way to grow the economy, to improve the quality of life for everyone. So how do we get, how do you see uh, the media, social media, the internet as a society having, you know, healthy discourse about science, first of all, one that's factual and to one that's finds science exciting that invests in science, that pushes it forward, especially in this science fiction fear field field of artificial intelligence. Well, I think that's a little above my pay grade because, um , you know, trying to control social media to make it do what you want to do, uh , appears to be beyond almost anybody's control. And and the technology is being used to create what I call the tyranny of the minorities. Okay, A minority is defined as , you know, two or three people on a street corner. Doesn't matter what they look like.",
          "chapter_name": "Science, Media, and Society: Navigating the Complexity"
        },
        {
          "speaker": "Stephen Schwarzman",
          "speech": "Uh , doesn't matter where they came from. Their united by uh that uh one issue that they care about and their job is to uh enforce their views on the world and, you know, uh, in the political world, and people just our manufacturing truth, uh and and they throw it all over, and it affects all of us. Uh and, you know, sometimes people are just hired to do that. I mean, it's amazing. Uh and you think it's one person, it's really, you know, just sort of a front, you know, for a particular point of view. Uh and this has become uh exceptionally disruptive for society and it's dangerous, and it's undercutting, you know, the ability of liberal democracies to function. Uh and I don't know how to get a grip on this. And I was really surprised when we was up here for the announcement last uh spring of the College of Computing, and they had all these famous scientists, some of whom were involved with the invention uh of the internet. And almost every one of them got up and said, I think I made a mistake uh as a non scientist, I never thought I'd hear anyone say that. And what they said is more or less to make it simple.",
          "chapter_name": "Science, Media, and Society: Navigating the Complexity"
        },
        {
          "speaker": "Stephen Schwarzman",
          "speech": "We thought this would be really cool. Uh inventing the internet, we could connect everyone in the world, we can move knowledge around. It was instantaneous. It's a really amazing thing he said, I don't know that there was anyone whoever thought about social media coming out of that and the actual consequences for people's lives. Uh you know, there's always some uh some younger person, I just saw one of these yesterday reported on the national news that killed himself when people use social media to basically, you know, sort of ridicule him or something of that type , this is dead . Um this is dangerous . Uh and um you know, so",
          "chapter_name": "Science, Media, and Society: Navigating the Complexity"
        }
      ]
    },
    {
      "name": "China's Dynamic Culture: Relationships, Focus, and AI Ethic",
      "content": [
        {
          "speaker": "Stephen Schwarzman",
          "speech": "so I I don't have a solution for that other then going forward, you can't end up with this type of outcome using ai to make this kind of mistake twice is unforgivable. So interestingly, at least in the West in parts of china, people are quite sympathetic to to, you know, sort of the whole concept of ai ethics and what gets introduced when and cooperation within your own country, within your own industry as well as globally uh to make sure that the technology is a Force for good. I'm not really interesting topic since 2007, you've had a relationship with senior leadership with a lot of people in China and an interest in understanding modern china , their culture, their world, much like with Russia, I'm from Russia. Originally , americans are told to very narrow one sided story about china uh, that I'm sure misses a lot of fascinating complexity, both positive and negative. What lessons about chinese culture, it's ideas as a nation as future. Do you think americans should know about deliberate on think about, well, it's sort of a wide question that you're asking about. Uh, you know, china is a pretty unusual place.",
          "chapter_name": "China's Dynamic Culture: Relationships, Focus, and AI Ethic"
        },
        {
          "speaker": "Stephen Schwarzman",
          "speech": "First, it's it's huge . Uh you know, you got it's physically huge. It's got a billion three people and the character of the people isn't as well understood uh, in the United States, um, Chinese, um, people are amazingly energetic, uh, if you're one of a billion three people. One of the things you've got to be focused on is how do you make your way uh you know, through a crowd of a billion 2.9999, 9 other people, in other words for that is competitive. Yes, they are individually highly energetic, highly focused, always looking for some opportunity for themselves. Um because they need to because there is an enormous amount of just literally people around.",
          "chapter_name": "China's Dynamic Culture: Relationships, Focus, and AI Ethic"
        },
        {
          "speaker": "Stephen Schwarzman",
          "speech": "And so, you know, what I've found is they'll try and find a way to win for themselves and their country is complicated because it basically doesn't have the same kind of functional laws that we do in the United States and the West and the country is controlled really uh through a web of relationships you have with other people uh and the relationships that those other people have with other people. So it's an incredibly dynamic uh culture where if somebody knocks somebody up on the top who's three levels above you and is in effect protecting you, then then, you know, you're you're like a you know, sort of a floating molecule there uh you know, without tethering except that one or two layers above you, but that's going to get affected . So it's a very dynamic system. And getting people to change is not that easy because if there aren't really functioning laws, it's only the relationships that everybody has and so when you decide to make a major change and you sign up for it, something is changing in your life, there won't necessarily be all the same people on your team. Uh and that's a very high risk enterprise. So when you're dealing with with china, it's important to know almost what everybody's relationship is with somebody.",
          "chapter_name": "China's Dynamic Culture: Relationships, Focus, and AI Ethic"
        },
        {
          "speaker": "Stephen Schwarzman",
          "speech": "Uh So when you suggest doing something differently, you you line up these forces in the West, it's usually you talk to a person and they figure out what's good for them. It's a lot easier. And in that sense, in a funny way, it's easier to make change in the west just the opposite of what people think. Um but but once the chinese system adjusts to something that's new, everybody's on the team, it's hard to change them. But once they're changed, they are incredibly focused in a way that it's hard for the West to do in a more individualistic culture. So, so there are all kinds of fascinating things.",
          "chapter_name": "China's Dynamic Culture: Relationships, Focus, and AI Ethic"
        },
        {
          "speaker": "Stephen Schwarzman",
          "speech": "Uh you know, um one thing that might interest, you know , the people who are listening, we're more technologically based than some other group.",
          "chapter_name": "China's Dynamic Culture: Relationships, Focus, and AI Ethic"
        }
      ]
    },
    {
      "name": "AI Leadership: America's Moonshot Opportunity",
      "content": [
        {
          "speaker": "Stephen Schwarzman",
          "speech": "Um I was with one of the top people in the government um a few weeks ago and he was telling me that that every school child in um uh in china is going to be uh taught computer science now , imagine 100% of these Children, this is such a large number of human beings now, that doesn't mean that every one of them what will be good at computer science, but if it's sort of like in the west, it was like math or english, everybody's gonna take it. Not everybody is great at english. They don't write books, they don't write poetry and not everybody is good at math. You know, somebody like myself, I sort of evolved to the third grade and I'm still doing flashcards. Uh, you know, I didn't make it further in math. Uh, but imagine everybody in their society is going to be involved with computer science . I just even pause on that. I think computer science involves at the basic beginner level programming and the idea that everybody in the society would have some ability to program a computer is incredible for me. It's incredibly exciting.",
          "chapter_name": "AI Leadership: America's Moonshot Opportunity"
        },
        {
          "speaker": "Stephen Schwarzman",
          "speech": "And I think that should give the United States pause and consider what, uh, talking about sort of philanthropy and launching things. There's nothing like launching, sort of investing in young youth the education system because that's where everything launches. Yes. Well, we've got a complicated system because we have over 3000 school districts around the country china, doesn't worry about that as a concept. They make a decision at the very top of the, the government, that, that's what they want to have happen and that is what will happen. And we're really handicapped by this distributed, you know, power, uh, in the education area, Although some people involved with that area will think it's uh, it's great, but, you know, you would know better than I do what percent of american Children have computer science exposure, my guess, no knowledge Would be 5% or less.",
          "chapter_name": "AI Leadership: America's Moonshot Opportunity"
        },
        {
          "speaker": "Stephen Schwarzman",
          "speech": "And if we're going to be going into a world Where the other major economic power uh sort of like ourselves is has got like 100% and we got five. And and the whole computer science area is the future. Um that then we're purposely or accidentally actually handicapping ourselves and our system doesn't allow us to adjust quickly uh to that. So, you know, the issues like this, uh I I find fascinating. Uh and you know, if you're lucky enough to go to other countries uh which I do, um and you learn what they're thinking that informs what what we ought to be doing in in in the United States . So the current administration donald trump has released the executive order on artificial intelligence, Not sure if you're familiar with it In 2018, uh looking several years ahead, how does America sort of we've mentioned in terms of the big impact, we hope you're in investment and m I . T. Will have a ripple effect.",
          "chapter_name": "AI Leadership: America's Moonshot Opportunity"
        },
        {
          "speaker": "Stephen Schwarzman",
          "speech": "But from a federal perspective from a government perspective, how does America establish with respect to china leadership in the world at the top for research and development in ai I think um that you have to get the federal government in the game uh in a big way. Uh and that this leap forward uh technologically, which is going to happen with or without us, uh, you know, really should be with us. Uh and and it's an opportunity in effect for another Moonshot kind of mobilization by the United States. Uh, I think uh the appetite actually is there to do that uh at the moment, what's getting in the way is the kind of poisonous politics we have. But if you go below the lack of cooperation, which is almost the defining element of american democracy right now, and the Congress, if you talk to individual members, they get it and they would like to do something. Another part of the issue is we're running huge deficits, we're running trillion dollar plus deficits. So how much money do you need for this initiative?",
          "chapter_name": "AI Leadership: America's Moonshot Opportunity"
        },
        {
          "speaker": "Stephen Schwarzman",
          "speech": "Where does it come from? Who is prepared to stand up for it? Because if it involves taking away resources from another area , our political system is not real flexible to do that. If you're creating um this kind of initiative, which we need, where does the money come from? Uh and and trying to get money when you've got trillion dollar deficits in a way, it could be easy, what's the difference of a trillion and a trillion little more ? But but you know, it's hard with the mechanisms of Congress, But what's what's really important is uh, this is not an issue uh, that is unknown and it's viewed as a very important issue.",
          "chapter_name": "AI Leadership: America's Moonshot Opportunity"
        },
        {
          "speaker": "Stephen Schwarzman",
          "speech": "Uh and there's almost no one in the Congress when you sit down and explain what's going on, Who doesn't say we've got to do something? Let me ask the impossible question. So you didn't endorse donald trump. But after he was elected, you have given him advice, uh, which, which seems to me a great thing to do, no matter who the president is to contribute, positively contribute to this nation by giving advice. And yet you've received a lot of criticism for this. So on.",
          "chapter_name": "AI Leadership: America's Moonshot Opportunity"
        },
        {
          "speaker": "Stephen Schwarzman",
          "speech": "The previous topic of science and technology and government, how do we have a healthy discourse?",
          "chapter_name": "AI Leadership: America's Moonshot Opportunity"
        }
      ]
    },
    {
      "name": "Unleashing the Power of Free Speech",
      "content": [
        {
          "speaker": "Stephen Schwarzman",
          "speech": "Uh, give advice. Get excited, uh , conversation with the government about science and technology without it becoming politicized? What's very interesting. Um, so when I was young before there was a moon shot , uh, we're the president, uh, named john f Kennedy from massachusetts here and in his inaugural address as president. He has not what your country can do for you, but what you can do for your country. You know, we had a generation of people my age, basically, people who grew up with that credo? Uh, uh, you know, sometimes you don't need to innovate. Uh, you can go back to basic principles and that's a good basic principle. What can, what can we do? Um , you know, Americans have GDP per capita of around $60,000.",
          "chapter_name": "Unleashing the Power of Free Speech"
        },
        {
          "speaker": "Stephen Schwarzman",
          "speech": "Uh, you know, not every, it's not equally distributed, but it's big. Uh, and you know, people have, I think an obligation , uh, to help their country and I do that . And apparently I take some grief for people from some people, you know, who, um, you project on me things I don't even vaguely believe. Uh, but I'm like quite simple. Uh , you know, I tried to help the previous president President Obama . He was a good guy. Uh, and he was a different party and I trying to help President Bush and he's a different party. And you know , I sort of don't care that much about what the parties are I care about even though I'm a big donor for the republicans, But it's what motivates me is, what are the problems we're facing?",
          "chapter_name": "Unleashing the Power of Free Speech"
        },
        {
          "speaker": "Stephen Schwarzman",
          "speech": "Can I help people get to, you know, sort of a good outcome that will stand any test. But we live in a world now where, you know, sort of the filters uh, the hostility is so unbelievable. Uh, you know, in the 1960s, when I went to school in the university, I went to Yale, we had like like so much stuff going on. Uh, we had a war called the Vietnam war. We had, you know, sort of black power starting and, and uh, you know , we had a sexual revolution with the birth control pill. Uh, and um , you know, um, there was one other major thing going on and and write the drug revolution, there hasn't been a generation that had more stuff going on In a four year period than my era, yet there wasn't this kind of instant hostility if you believed something different , everybody lived together and and you know, respected uh the other person. And I think that, you know, this type of change needs to happen and it's got to happen from the leadership of our major institutions. And I don't think that that leaders can be bullied by people who were against, you know, sort of the classical version of free speech and letting open expression and inquiry , that's what universities are for, among other things . Uh Socratic methods.",
          "chapter_name": "Unleashing the Power of Free Speech"
        },
        {
          "speaker": "Stephen Schwarzman",
          "speech": "And uh so so I I have um uh in in in the midst of this like onslaught of oddness, I believe in still the basic principles and we're going to have to find a way to get back to that.",
          "chapter_name": "Unleashing the Power of Free Speech"
        }
      ]
    },
    {
      "name": "Entrepreneurship: The Rough Ride of First-Time Startup",
      "content": [
        {
          "speaker": "Stephen Schwarzman",
          "speech": "And that doesn't start with the people, you know, sort of in the middle to the bottom who are using , you know, these kinds of screens to to shout people down and create an uncooperative environment. It's got to be done uh, at the top with core principles that are articulated. Uh and ironically, um if people don't sign on to these kind of core principles where people are equal and and you know, speech can be heard and you know, you don't have these enormous shout down biases subtly or or out loud, then they don't belong at those institutions, they're violating the core principles and you know, that's that's how you end up making change. Uh, but you have to have courageous people who are willing to lay that out for the benefit of not just their institutions, but for society as a whole. So I, I believe that will happen .",
          "chapter_name": "Entrepreneurship: The Rough Ride of First-Time Startup"
        },
        {
          "speaker": "Stephen Schwarzman",
          "speech": "Um, but it needs the commitment of, of senior people to make it happen courage. And I think for such great leaders, great universities, there's a huge hunger for it. So I'm two very optimistic that it will come. I'm now personally taking a step into building a startup first time hoping to change the world. Of course , uh, there are thousands, maybe more, maybe millions of other first time entrepreneurs like me. What advice you've gone through this process .",
          "chapter_name": "Entrepreneurship: The Rough Ride of First-Time Startup"
        },
        {
          "speaker": "Lex Fridman",
          "speech": "He's talked about the suffering , the emotional turmoil it all might entail. What advice do you have for those people taking that step? I'd say it's a rough ride. Uh, and you have to be psychologically prepared for things going wrong with frequency. You have to be prepared, uh , to be put in situations where you're being asked to solve problems. You didn't even know those problems existed.",
          "chapter_name": "Entrepreneurship: The Rough Ride of First-Time Startup"
        },
        {
          "speaker": "Stephen Schwarzman",
          "speech": "You know, for example, renting space. It's not really a problem unless you've never done it. You have no idea what the least looks like, right? You don't even know the relevant rent and you know, in a market. So everything is new.",
          "chapter_name": "Entrepreneurship: The Rough Ride of First-Time Startup"
        },
        {
          "speaker": "Stephen Schwarzman",
          "speech": "Everything has to be learned. What what you realize is that it's good to have other people with you who have had some experience in areas where you don't know what you're doing, unfortunately, uh an entrepreneur starting doesn't know much of anything. So everything is something new. Uh and um I think it's important not to be alone because it's sort of overwhelming uh and you need somebody to talk to other than a spouse or loved one because even they get bored with your problems. Uh and and so, you know, getting a group, you know, if you look at Alibaba, um you know, Jack Ma was telling me they went, they basically were like it financial death store at least twice. Uh and you know, the fact that there , it wasn't just Jack, I mean people think it is because of, you know , he became the, you know, the sort of public face and the driver, but but a group of people who can give advice, share situations to talk about that's really important and that's not just referring to the small details like renting space, it's also the psychological yes martin. Yeah, and you know, because most entrepreneurs at some point question what they're doing because it's not going so well or they're screwing it up and they don't",
          "chapter_name": "Entrepreneurship: The Rough Ride of First-Time Startup"
        }
      ]
    }
  ]
}