{
  "speakers": [
    "Lex Fridman",
    "Sertac Karaman"
  ],
  "episode_name": "97-sertac-karaman-robots-that-fly-and-robots-that",
  "chapters": [
    {
      "name": "Autonomous Flying vs. Driving: The Difficulties Ahead",
      "content": [
        {
          "speaker": "Lex Fridman",
          "speech": "The following is a conversation with certain ash Carmen, a professor at M. I. T. Co founder of the autonomous vehicle company Optimus Ride and is one of the top roboticists in the world including robots that drive and robots that fly to me personally. He has been a mentor , a colleague and a friend. He's one of the smartest, most generous people I know. So it was a pleasure and an honor to finally sit down with him for this recorded conversation. This is the artificial intelligence podcast to enjoy. Subscribe on youtube review five stars on apple podcast support on Patreon are simply connect with me on twitter at lex Friedman spelled F R I D M A N. As usual, I'll do a few minutes of ads now and never any ads in the middle that can break the flow of the conversation, I hope that works for you.",
          "chapter_name": "Autonomous Flying vs. Driving: The Difficulties Ahead"
        },
        {
          "speaker": "Lex Fridman",
          "speech": "It doesn't hurt the listening experience. This show is presented by cash app, the number one finance app in the app store when you get it. Use the code Lex podcast cash app lets you send money to friends buy Bitcoin and invest in the stock market with as little as $1 says cash app allows you to send and receive money digitally . Let me mention a surprising fact about physical money. It costs 2.4 cents to produce a single penny. In fact, I think it cost $85 million dollars annually to produce them. That's a crazy little fact about physical money.",
          "chapter_name": "Autonomous Flying vs. Driving: The Difficulties Ahead"
        },
        {
          "speaker": "Lex Fridman",
          "speech": "So again, if you get cash out from the app store, Google play and use the collects podcast, you get $10 in cash app will also donate $10 to first an organization that is helping to advance robotics and stem education for young people around the world . And now here's my conversation with sir dash carmen. Since you have worked extensively on both. What is the more difficult task, autonomous flying or autonomous driving? That's a good question. I think that autonomous flying just kind of doing it for consumer drones and so on the kinds of applications that we're looking at right now, it's probably easier.",
          "chapter_name": "Autonomous Flying vs. Driving: The Difficulties Ahead"
        },
        {
          "speaker": "Sertac Karaman",
          "speech": "And so I think that that's maybe one of the reasons why it took off like literally a little earlier than the autonomous cars. But I think if you look ahead, I would think that, you know, the real benefits of autonomous flying, unleashing them in transportation , logistics and so on. I think it's a lot harder than autonomous driving. So I think my guess is that we've seen a few kind of machines fly here and there, but we really haven't yet seen any kind of, you know, machine, like a massive scale, large scale being deployed and flown and so on. And I think that's going to be after we kind of resolve some of the large scale deployments of autonomous driving. So what's the hard part, what, what's your intuition behind why at scale when consumer facing drones are tough. So I think in general at scale is tough. Like for example when you think about it, Um we have actually deployed a lot of robots in the, let's say the past 50 years, we academics or we business acting as humanity, humanity, a lot of people.",
          "chapter_name": "Autonomous Flying vs. Driving: The Difficulties Ahead"
        },
        {
          "speaker": "Sertac Karaman",
          "speech": "So we humans deployed a lot of robots. And I think that, but when you think about it, you know, robots, they're autonomous. They work, they work on their own, but they are either like an isolated environments or they are in sort of um, you know, um they may be at scale but they're really confined to a certain environment that they don't interact so much with humans. And so, you know, they work in, I don't know, factory floors, warehouses, they work on mars , you know, they are fully autonomous over there. But I think that the real challenge of our time is to take these vehicles and put them into places where humans are present.",
          "chapter_name": "Autonomous Flying vs. Driving: The Difficulties Ahead"
        },
        {
          "speaker": "Sertac Karaman",
          "speech": "So now I know that there's a lot of human robot interaction type of things that need to be done. And so that's that's one thing. But even just from the fundamental algorithms and systems and and the business cases or maybe the business models, even like architecture, planning, societal issues, legal, a whole bunch of pack of things that are related to us putting robotic vehicles into human present environments and these humans, you know, they will not potentially be even trained to interact with them.",
          "chapter_name": "Autonomous Flying vs. Driving: The Difficulties Ahead"
        }
      ]
    },
    {
      "name": "The Future of Autonomous Vehicles: Density, Drones, and Dream",
      "content": [
        {
          "speaker": "Sertac Karaman",
          "speech": "They may not even be using the services that are provided by these vehicles. They may not even know that they're autonomous. They're just doing their thing, living in environments that are designed for humans, not for robots. And then I think is one of the biggest challenges I think over our time to put vehicles there and you know, to go back to your question, I think doing that um, at scale meaning, you know, you go out in your city and you have, you know, like thousands or tens of thousands of autonomous vehicles that are going around.",
          "chapter_name": "The Future of Autonomous Vehicles: Density, Drones, and Dream"
        },
        {
          "speaker": "Sertac Karaman",
          "speech": "It is so dense to the point where if you see one of them, you look around, you see another one, it is that dance and that density, we've never done anything like that before. And I would, I would bet that that kind of density will first happen with autonomous cars because I think we can bend the environment a little bit. We can especially kind of making them safe is a lot easier when they're like on the ground and when they're in the air, it's a little bit more complicated. But I don't see that there's going to be a big separation. I think that, you know, there will come a time that we're going to quickly see these things unfold. Do you think there will be a time where there's tens of thousands of delivery drones that fill this guy, you know, I think, I think it's possible to be honest, delivery drones is one thing, but you can imagine for transportation like like an important use cases but you know we're in boston, you want to go from boston to new york and you want to do it from the top of this building to the top of another building in Manhattan and you're going to do it in 1.5 hours and that's that's a big opportunity.",
          "chapter_name": "The Future of Autonomous Vehicles: Density, Drones, and Dream"
        },
        {
          "speaker": "Sertac Karaman",
          "speech": "I think personal transports like you and maybe a friend like almost like a like a like an Uber so like four people, six people, eight people in our work in autonomous vehicles. I see that so there's kind of like a bit of a need for you know, one person transport but also like, like a few people so you and I could take that trip together , we could have lunch. Um uh you know, I think kind of sounds crazy, maybe even sounds a bit cheesy but I think that those kinds of things are some of the real opportunities and I think, you know, um it's not like the typical airplane and the airport would disappear very quickly. But I would think that, you know, um many people would feel like they would spend an extra $100 on doing that and cutting that four hour travel down to 1.5 hours. So how feasible are flying cars has been the dream.",
          "chapter_name": "The Future of Autonomous Vehicles: Density, Drones, and Dream"
        },
        {
          "speaker": "Sertac Karaman",
          "speech": "It's like when people imagine the future for 50 plus years, they think flying cars, it's uh it's like all technologies, it's cheesy to think about now because it seems so far away, but overnight it can change, but just technically speaking in your view, how feasible is it to make that happen ? I'll get to that question.",
          "chapter_name": "The Future of Autonomous Vehicles: Density, Drones, and Dream"
        }
      ]
    },
    {
      "name": "Flying Saucers and Autonomous Airspace: The Future of Drones",
      "content": [
        {
          "speaker": "Sertac Karaman",
          "speech": "But just one thing is that , I think, You know, sometimes we think about um, what's going to happen in the next 50 years, it's just really hard to guess right next 50 years , I don't know, I mean, we could get what's going to happen in transportation in the next 50, we could get flying saucers. I could bet on that. I think there's a 5050 chance that, you know, like you can build machines that can ionized the air around them and push it down with magnets and they would fly like a flying saucer that is possible. Um, and it might happen in the next 50 years. So it's a bit hard to guess, like when you think about 50 years before but I would think that, you know, um there's this, this, this kind of notion where there's a certain type of air space that we call the agile airspace and there's, there's good amount of opportunities in that airspace.",
          "chapter_name": "Flying Saucers and Autonomous Airspace: The Future of Drones"
        },
        {
          "speaker": "Sertac Karaman",
          "speech": "So that would be the space that is kind of a little bit higher than the place where you can throw a stone because that's a tough thing when you think about it, you know , it takes a kid on a stone to take an aircraft down and then, and what happens. Um, but you know, imagine the airspace that's high enough so that you cannot throw the stone, but it is low enough that you're not interacting with the very large aircraft That are flying several 1000 ft above. And that airspace is underutilized or it's actually kind of not utilized at all. So there's, you know , there's like recreational people kind of fly every now and then, but it's very few, like if you look up in the sky, you may not see any of them at any given time every now and then you'll see one airplane kind of utilizing that space and you'll be surprised and the moment you're outside of an airport a little bit like it just kind of flies off and it goes out. And I think utilizing that airspace, the technical challenges there is, you know, um, building an autonomy and ensuring that that kind of autonomy is safe .",
          "chapter_name": "Flying Saucers and Autonomous Airspace: The Future of Drones"
        },
        {
          "speaker": "Sertac Karaman",
          "speech": "Ultimately, I think it is going to be building in complex software are complicated so that it's maybe a few orders of magnitude more complicated than what we have on aircraft today. And at the same time, ensuring just like we ensure on aircraft, ensuring that it's safe. And so that becomes like building that kind of complicated hardware and software becomes a challenge, especially when, you know, you build that hardware, I mean, you build that software with data and so, um, you know, it's of course, there's some rural based software in there that kind of do a certain set of things. But but then, you know , there's a lot of training marriage, I think machine learning will be key to these kinds of delivering safe vehicles in the future. Especially not maybe the safe part , but I think the intelligent part. Um, I mean there are certain things that we do it with machine learning and it's just there's like right now and the other way",
          "chapter_name": "Flying Saucers and Autonomous Airspace: The Future of Drones"
        },
        {
          "speaker": "Sertac Karaman",
          "speech": "and I don't know how else they could be done. And you know, there's always this conundrum, I mean we could like could we like we could maybe gather billions of programmers, humans who program perception algorithms that detect things in the sky and whatever. Or you know, we don't know, maybe even have robots like learning a simulation environment and transfer and they might be learning a lot better in a simulation environment than a billion humans put their brains together and try to program human is pretty limited. So what's uh, what's the role of simulations with drones? If you've done quite a bit of work there?",
          "chapter_name": "Flying Saucers and Autonomous Airspace: The Future of Drones"
        }
      ]
    },
    {
      "name": "Simulating Safe Flying Robots: Promising Possibilitie",
      "content": [
        {
          "speaker": "Sertac Karaman",
          "speech": "How promising just the very thing you said just now, how promising is the possibility of training and developing a safe flying robot and simulation and deploying it and having that work pretty well in the real world.",
          "chapter_name": "Simulating Safe Flying Robots: Promising Possibilitie"
        },
        {
          "speaker": "Lex Fridman",
          "speech": "I think that, you know, a lot of people when they hear simulation, they will focus on training immediately. But I think one thing that you said, which was interesting, it's developing, I think simulation environments are actually could be key and great for development and that's not new, like for example, um you know, there's people in the automotive industry have been using dynamic simulation for decades now and and it's pretty standard that you know, you would build and you would simulate if you want to build an embedded controller, you plug that kind of embedded computer into another computer that other computer would simulate Dina and so on. And I think, you know, fast forward these things, you can create pretty crazy simulation environments um like for instance, um one of the things that has happened recently um and that, you know, we can do now is that we can simulate cameras a lot better than we used to simulate them. We were able to simulate them before and that's I think we just hit the elbow on that kind of improvement. I would imagine that with improvements in hardware especially and with improvements in machine learning, I think that we would get to a point where we can simulate cameras very, very much cameras means simulate how a real camera would see the real world, therefore you can explore the limitations of that. You can train perception algorithms on the in stimulation, all that kind of stuff. Exactly.",
          "chapter_name": "Simulating Safe Flying Robots: Promising Possibilitie"
        },
        {
          "speaker": "Sertac Karaman",
          "speech": "So, you know, it has been easier to simulate what we would call introspective sensors, like internal sensors. So for example , inertial sensing has been easy to simulate. It has also been easy to simulate dynamics like uh like physics that are governed by ordinary differential equations. I mean like how the car goes around, maybe how it draws on the road, how you interact with, interacts with the road or even an aircraft flying around like the dynamic of physics of that. What has been really hard has been to simulate extra cept of sensors, sensors that kind of like look out from the vehicle and that's a new thing that's coming like laser range finders are a little bit easier, cameras , radars are a little bit tougher. I think once we nail that down the next challenge, I think in simulation will be to simulate human behavior. That's also extremely hard. Even when you imagine like how a human driven car would act around. Even that is hard. But imagine trying to simulate, you know, a model of a human just doing a bunch of gestures and so on and you know, it's actually simulated.",
          "chapter_name": "Simulating Safe Flying Robots: Promising Possibilitie"
        },
        {
          "speaker": "Sertac Karaman",
          "speech": "It's not captured like with motion capture but it is similar. That's that's very in fact, today I get involved a lot with like sort of this kind of very high end rendering projects and I have like this test that I've passed it to my friends or my mom, you know, I sound like two photos to kind of pictures and I say rendered which one is rendered, which one is real and it's pretty hard to distinguish except I realized except when you put humans in there. It's possible that our brains are trained in a way that we recognize humans extremely well. But we don't so much recognize the built environments because built environment came after per se. We evolved into being humans but humans were always there. Same thing happens.",
          "chapter_name": "Simulating Safe Flying Robots: Promising Possibilitie"
        },
        {
          "speaker": "Sertac Karaman",
          "speech": "For example you look at like monkeys and you can't distinguish one from another but they sort of do and it's very possible that they look at humans. It's kind of pretty hard to distinguish one from another. But we do and so our eyes are pretty well trained to look at humans and understand if something is off, we will get it, we may not be able to pinpoint it. So in my typical friend test or mom test, what would happen is that we put like a human walking in a anything and they say you know this is not right, something is off in this video, I don't know what, but I can tell you it's the human eye can take the human and I can show you like inside of a building or like an apartment and it will look like if we had time to render it, it will look great. And this should be no surprise a lot of movies that people are watching. It's all computer generated. Even nowadays when you watch a drama movie and like there's nothing going on action wise. But it turns out it's kind of like cheaper I guess to render the background and so they would but how do how do we get there?",
          "chapter_name": "Simulating Safe Flying Robots: Promising Possibilitie"
        }
      ]
    },
    {
      "name": "Human Behavior Simulation: The Mystery of Passing the Mom Test",
      "content": [
        {
          "speaker": "Sertac Karaman",
          "speech": "How do we get a human that's would pass the mom slash friend test a simulation of a human walking? Do you think that's something we can creep up to buy just doing kind of a comparison learning or you have humans annotate what's more realistic and not just by watching like what's the path as it seems totally mysterious how to simulate human behavior. It's hard because a lot of the other things that I mentioned to including simulating cameras right? It is um the thing there is that you know we know the physics, we know how it works like in the real world and we can write some rules and we can do that. Like for example simulating cameras, there's this thing called ray tracing, I mean you literally just kind of imagine it's very similar to it's not exactly the same but it's very similar to tracing photon by photon , they're going around balancing on things and come into your eye by human behavior developing a dynamic like a model of that, that is mathematical so that you can put it into a processor that would go through that that's going to be hard and",
          "chapter_name": "Human Behavior Simulation: The Mystery of Passing the Mom Test"
        },
        {
          "speaker": "Lex Fridman",
          "speech": "so so what else do you got, you can collect data right? And you can try to match the data or another thing that you can do is that you know, you can show the front test, you know, you can say this or that and this or that and that would be labeling anything that requires human labeling ultimately were limited by the number of humans that we have available at our disposal and the things that they can do, you know, they have to do a lot of other things that also labeling this data. So um so that modeling human behavior part is I think going we're going to realize it's very tough and I think that also affects, you know , our development of autonomous vehicles. I see them self driving as well, like you want to use so you're building self driving, you know, at the first time, right after urban challenge, I think everybody focused on localization mapping and localization slam algorithms came and google was just doing that. And so building these HD maps basically, that's about knowing where you are. And then five years later in 2012 2013 came the kind of coding code Ai revolution and that started telling us about everybody else's but we're still missing what everybody else is gonna do next.",
          "chapter_name": "Human Behavior Simulation: The Mystery of Passing the Mom Test"
        },
        {
          "speaker": "Sertac Karaman",
          "speech": "And so you want to know where you are, you want to know what everybody else is, Hopefully you know about what you're gonna do next and then you want to predict what other people are going to do in that last bit has has been a real real challenge. What do you think is the roll your own of your of your the ego vehicle, the robot you the eu the robotic you in controlling and having some control of how the future on rolls of what's going to happen in the future. That seems to be a little bit ignored in trying to predict the future. Is how you yourself can affect that future by being either aggressive or less aggressive or signaling in some kind of way out of this kind of game theoretic dance. It seems to be ignored for the moment.",
          "chapter_name": "Human Behavior Simulation: The Mystery of Passing the Mom Test"
        },
        {
          "speaker": "Sertac Karaman",
          "speech": "It's totally ignored. I mean it's quite interesting actually like how we how we interact with things versus we interact with humans. So if you see a vehicle that's completely empty and it's trying to do something all of a sudden it becomes a thing. So interacted with like you interact with this table and so you can throw your backpack or you can kick your kick it, put your feet on it and things like that. But when it's a human there's all kinds of ways of interacting with a human. So if you know like you and I are face to face were very civil. You know we talk, we understand each other for the most part, we'll see you just you never know what's gonna happen. But but the thing is that like for example you",
          "chapter_name": "Human Behavior Simulation: The Mystery of Passing the Mom Test"
        },
        {
          "speaker": "Sertac Karaman",
          "speech": "and I might interact with youtube comments and you know the conversation may go a totally different angle and so I think um, people kind of abusing his autonomous vehicles is a real issue in some sense. And so when you're an ego vehicle, you're trying to coordinate your way make your way it's actually kind of harder than being a human. You know, it's like you not only need to be as smart as kind of humans are, but you also, you're a thing. So they're going to abuse you a little bit so you need to make sure that you can get around and do something. So, um, uh, I in general believe in that sort of game theoretic aspects I've actually personally have done, you know, quite a few papers, both on that kind of game theory and also like this, this kind of understanding people's social value orientation for example, You know, some people are aggressive, some people not so much and, and you know, like a robot could understand that by just looking at how people drive and as they kind of come and approach, you can actually understand like if someone is going to be aggressive or, or not as a robot and you can make certain decisions Well in terms of predicting what they're going to do. The hard question is you as a robot .",
          "chapter_name": "Human Behavior Simulation: The Mystery of Passing the Mom Test"
        },
        {
          "speaker": "Sertac Karaman",
          "speech": "Should you be aggressive or not when faced with an aggressive robot right now. It seems like aggressive is a very dangerous thing to do because it's costly from a societal perspective, how you're perceived, people are not very accepting of aggressive robots in modern society, I think that's accurate so that it really is, and so I'm not entirely sure like how to have to go about, but I know, I know for a fact that how these robots interact with other people in there is going to be and their interaction is always going to be there. I mean you could be interacting with other vehicles or other just people kind of like walking around. Um, and like I said, the moment, there's like nobody in the seat, it's like an empty thing just rolling off the street. It becomes like no different than like any other thing that's not human. And so so people and maybe abuse is the wrong word , but you know, people maybe rightfully even they feel like, you know, this is a human present environment designed for humans to be",
          "chapter_name": "Human Behavior Simulation: The Mystery of Passing the Mom Test"
        }
      ]
    },
    {
      "name": "The Societal Dilemma of Autonomous Vehicles: Efficiency vs. Sustainability",
      "content": [
        {
          "speaker": "Sertac Karaman",
          "speech": "and and they kind of, they want to own it. Um, and then, you know, the robots, they would need to understand it and they would need to respond in a certain way. And I think that this actually opens up quite a few interesting societal questions for us as we deploy, we talk robots at large scale. So what would happen when we try to deploy robots at large scale, I think is that we can design systems in a way that they are very efficient or we can design them that they're very sustainable, but ultimately the sustainability efficiency tradeoffs, like they're going to be right in there and we're going to have to make some choices, like we're not going to be able to just kind of put it aside.",
          "chapter_name": "The Societal Dilemma of Autonomous Vehicles: Efficiency vs. Sustainability"
        },
        {
          "speaker": "Sertac Karaman",
          "speech": "So for example, we can be very aggressive and we can reduce transportation delays , increase capacity of transportation, or you know, we can, we can be a lot nicer and a lot of other people to kind of quote unquote on the environment and live in a nice place and then efficiency will drop. So when you think about it, I think sustainability gets attached to energy consumption or environmental impact immediately, and those are those are there, but like livability is another sustainability impact. So you create an environment that people want to live in. And if if robots are going around being aggressive and you don't want to live in that environment, maybe however you should note that if you're not being aggressive then, you know, you're probably taking up some some delays in transportation and this and that, so you're always balancing that. And I think this, this choice has always been there in transportation, but I think the more autonomy comes in, the more explicit the choice becomes Yeah, and when it becomes explicit, then we can start to optimize it and then we'll get to ask the very difficult societal questions of what do we value more efficiency or sustainability.",
          "chapter_name": "The Societal Dilemma of Autonomous Vehicles: Efficiency vs. Sustainability"
        },
        {
          "speaker": "Lex Fridman",
          "speech": "It's kind of interesting that will happen, I think we're gonna have to, like, I think that the interesting thing about like the whole autonomous vehicles question, I think is also kind of um I think a lot of times, you know, we have, we have focused on technology development like hundreds of years and you know, the product somehow followed and then, you know, we got to make these choices and things like that , but this is, this is a good time that , you know, you even think about, you know, autonomous taxi type of deployments and the systems that would evolve from there and you realize the business models are different, the impact on architecture is different, urban planning, you get into like regulations, um, and then you get into like these issues that you didn't think about before, but like sustainability and ethics is like right in the middle of it, I mean, even testing autonomous vehicles, I think about it, you're testing autonomous vehicles in human present environments . I mean the risk may be very small, but still, you know, it's, it's, it's uh, it's a strictly greater than zero risk that you're putting people into. And so then you have that innovation, you know, risk trade off that you're, you're in that somewhere. Um and we understand that pretty now that pretty well now is that if he don't test the at least the development will be slower, I mean it doesn't mean that we're not gonna be able to develop, I think it's gonna be pretty hard actually, maybe we can, we don't really, I don't know, but well the thing is that those kinds of trade offs we already are making and as these systems become more ubiquitous, I think those tradeoffs will just really hit. So you are one of the founders of optimists ride autonomous vehicle company.",
          "chapter_name": "The Societal Dilemma of Autonomous Vehicles: Efficiency vs. Sustainability"
        },
        {
          "speaker": "Sertac Karaman",
          "speech": "We'll talk about it. But let me on that point ask maybe a good examples keeping optimists right out of this question, sort of example, ear's of different strategies on the spectrum of innovation and safety or caution.",
          "chapter_name": "The Societal Dilemma of Autonomous Vehicles: Efficiency vs. Sustainability"
        }
      ]
    },
    {
      "name": "Autonomous Vehicle Strategies: Waymo vs. Tesla",
      "content": [
        {
          "speaker": "Sertac Karaman",
          "speech": "So like Waymo google's self driving car, Waymo represents maybe a more cautious approach and then you have Tesla on the other side headed by Elon musk that represents a more however, which adjective you want to use aggressive, innovative, I don't know. But uh, what what do you think about the difference ? You need to do strategies in your view, what's more likely what's needed and is more likely to succeed in the short term and a long term, definitely some sort of a balance is, is kind of the right way to go. But I, I do think that the thing that is the most important is actually like an informed public. So I don't, I don't mind, you know, I, I personally like if I were in some place, I wouldn't mind so much like taking a certain amount of risk. Um , some other people might and so I think the key is for people to be informed and so that they can ideally they can make a choice in some cases that kind of choice making that unanimously is of course very hard, but I don't think it's actually that hard to inform people. Um So I think in in one case, like for example, even the Tesla approach, um I don't know, it's hard to judge how informed it is, but it is somewhat informed. I mean, you know, things kind of come out, I think people know what they're taking and things like that and so on, but I think the underlying um I do think that these two companies are a little bit kind of representing like b of course they, you know, one of them seems a bit safer, the other one or you know, um whatever the objective for that is, and the other one seems more aggressive or whatever the objective for that is, but but I think, you know, when you turn the tables are actually there to or other orthogonal dimensions that these two are focusing on, on the one hand, for remo , I can see that, you know, they're I mean they, I think they're a little bit see it as research as well, so they kind of they don't I'm not sure if they're like really interested in like an immediate product.",
          "chapter_name": "Autonomous Vehicle Strategies: Waymo vs. Tesla"
        },
        {
          "speaker": "Sertac Karaman",
          "speech": "Um you know, they talk about it um sometimes there's some pressure to talk about it, so they kind of go for it, but I think um I think that they're thinking maybe in the back of their minds maybe they don't put it this way, but I think they realize that we're building like a new engine, it's kind of like call it the Ai engine or whatever that is and you know, an autonomous vehicles is a very interesting embodiment of that engine that allows you to understand why the ego vehicle is the ego thing is where everything else is what everything else is going to do and how do you react? How do you actually, you know, interact with humans the right way? How do you build these systems? And I think they want to know that they want to understand that and so they keep going and doing that and so on. The other dimension, Tesla is doing something interesting.",
          "chapter_name": "Autonomous Vehicle Strategies: Waymo vs. Tesla"
        },
        {
          "speaker": "Sertac Karaman",
          "speech": "I mean I think that they have a good product, people use it. Think that, you know, like it's not for me, but I can totally see people, people like it and and people I think they have a good product outside of automation, but I was just referring to the automation itself, I mean, you know like it kind of drives itself, you still have to be kind of um you still have to pay attention to it, right? But you know, um people seem to use it, so it works for something and so people, I think people are willing to pay for it, people are willing to buy it. I think it, it's one of the other reasons why people buy a Tesla car, Maybe one of those reasons is Elon musk is the Ceo and you know, he seems like a visionary person is what people think and it seems like a visionary person. And so that ads like five K to the value of the car and then maybe another five K is the autopilot. And you know, it's useful .",
          "chapter_name": "Autonomous Vehicle Strategies: Waymo vs. Tesla"
        },
        {
          "speaker": "Sertac Karaman",
          "speech": "I mean, it's, um, useful in the sense that like people are using it and so I, I can see Tesla sure , of course they want to be visionary. They want to kind of put out a certain approach and they may actually get there. Um, but I think that there is also a primary benefit of doing all these updates and rolling it out because, you know, people pay for it and it's, it's, it's basic, you know, demand supply market and people like it, they are happy to pay another five k, 10-K for that novelty or whatever that is. Um , they, and they use it . It's not like they get it and they tried a couple times, it's a novelty, but they use it a lot of the time. And so I think that's what Tesla is doing.",
          "chapter_name": "Autonomous Vehicle Strategies: Waymo vs. Tesla"
        },
        {
          "speaker": "Lex Fridman",
          "speech": "It's actually pretty different. Like they are on pretty orthogonal dimensions of what kind of things that they're building, they are using the same ai engine. So it's very possible that, you know, they're both going to be um sort of one day um kind of using a similar, almost like an internal internal combustion engine. It's a very bad metaphor, but similar internal combustion engine and maybe one of them is building like a car, the other one is building a truck or something. So ultimately the use case is very different. So you, like I said, are one of the founders of Optimus Ride, Let's take a step back.",
          "chapter_name": "Autonomous Vehicle Strategies: Waymo vs. Tesla"
        },
        {
          "speaker": "Sertac Karaman",
          "speech": "It's one of the success stories in the autonomous vehicle space. That's a great autonomous vehicle company . Let's go from the very beginning, what does it take to start an autonomous vehicle company?",
          "chapter_name": "Autonomous Vehicle Strategies: Waymo vs. Tesla"
        }
      ]
    },
    {
      "name": "Human-Controlled Autonomy: 10 People, 50 Vehicle",
      "content": [
        {
          "speaker": "Sertac Karaman",
          "speech": "How do you go from idea to deploy vehicles? Like you are in a few, a bunch of places including new york, I would say that, I think that you know, what happened to us as it was, was the following, I think Um we, we realized a lot of kind of talk in the autonomous vehicle industry back in like 2014, even when we wanted to kind of get started.",
          "chapter_name": "Human-Controlled Autonomy: 10 People, 50 Vehicle"
        },
        {
          "speaker": "Sertac Karaman",
          "speech": "Um, and I don't know like I, I kind of, I would hear things like fully autonomous vehicles, two years from now, three years from now , I kind of never bought it. Um you know, I was a part of MIT's urban challenge entry. Um, it's kind of like it has an interesting history, so um I did in college and in high school sort of a lot of mathematically oriented work and I think I kind of, you know, at some point it kind of hit me, I wanted to build something and so I came to MIT mechanical engineering program and I not realized, I think my advisor hired me because I could do like really good math, but I told him that, no, no, no, I want to work on that urban challenge car. You know, I want to build the autonomous car. And I think that was, that was kind of like a process where we really learned what the challenges are and what kind of limitations are we up against? You know, like having the limitations of computers or understanding human behavior . There's so many of these things and I think it just kind of didn't.",
          "chapter_name": "Human-Controlled Autonomy: 10 People, 50 Vehicle"
        },
        {
          "speaker": "Sertac Karaman",
          "speech": "And so so we said, hey, you know like why don't we take a more like a market based approach? So we focus on a certain kind of market and we build a system for that. What we're building is not so much of like an autonomous vehicle only, I would say. So we build full autonomy into the vehicles, but you know, the way we kind of see it is that we think that the approach should actually involve humans operating them, not just just not sitting in the vehicle. And I think today what we have is today we have one person operate one vehicle no matter what that vehicle, it could be a forklift, it could be a truck, it could be a car, whatever that is. And we want to go from that To 10 people operate 50 vehicles. How do we do that?",
          "chapter_name": "Human-Controlled Autonomy: 10 People, 50 Vehicle"
        },
        {
          "speaker": "Sertac Karaman",
          "speech": "You're referring to a world of maybe perhaps tell the operation? So can you just say what it means? Pretend might be confusing for people listening. What does it mean for 10 people to control 50 vehicles? That's a good point. So I think it's a very deliberately didn't call it tele operation because people, what people think then is that people think uh, away from the vehicle sits, a person sees like maybe puts on goggles or something. We are and drives the car. So that's not at all. What maybe, what do you mean? The kind of intelligence whereby humans are in control except in certain places the vehicles can execute on their own.",
          "chapter_name": "Human-Controlled Autonomy: 10 People, 50 Vehicle"
        },
        {
          "speaker": "Sertac Karaman",
          "speech": "And so imagine like, like a room where people can see what the other vehicles are doing and everything. And there will be some people who are more like more like air traffic controllers call them like a v controllers. Uh, so the Xavi controllers would actually see kind of like, like a whole map and they would understand where vehicles are really confident and where they kind of need a little bit more help and the help shouldn't be for safety help should be for efficiency Vehicles should be safe, no matter what. If you had zero people, they could be very safe, but they'll be going five mph. And so if you want them to go around 25 miles an hour, then you need people to come in and, and for example, the vehicle come to an intersection and the vehicle can say, you know, I can wait, I can inch forward a little bit, show my intent or I can turn left. Um, and right now it's clear I can't turn, I know that, but before you give me the go, I won't. And so that's one example doesn't mean necessarily were doing that actually.",
          "chapter_name": "Human-Controlled Autonomy: 10 People, 50 Vehicle"
        },
        {
          "speaker": "Sertac Karaman",
          "speech": "I think, I think if you go down all the all that much detail that every intersection , you're kind of expecting a person to press a button, then I don't think you'll get the efficiency benefits you want, you need to be able to kind of go around and be able to do these things. But I think you need people to be able to set high level behavior two vehicles. That's the other thing that autonomous vehicles, you know, I think a lot of people kind of think about it as follows. I mean, this happens with technology a lot. You think, all right. So I know about cars and I heard robots .",
          "chapter_name": "Human-Controlled Autonomy: 10 People, 50 Vehicle"
        }
      ]
    },
    {
      "name": "Revolutionizing Mobility: Autonomous Vehicles in Unexpected Places",
      "content": [
        {
          "speaker": "Sertac Karaman",
          "speech": "So I think how this is gonna work out is that I'm going to buy a car, press a button and it's going to drive itself and when is that going to happen?",
          "chapter_name": "Revolutionizing Mobility: Autonomous Vehicles in Unexpected Places"
        },
        {
          "speaker": "Sertac Karaman",
          "speech": "You know, and people kind of tend to think about it that way, but when you think about what really happens is that something comes in in a way that you didn't even expect. Um if asked, you might have said, I don't think I need that or I don't think it should be the and so on and then, and then that that becomes the next big thing, coding code. And so I think that this kind of different ways of humans operating vehicles could be really powerful. I think that sooner than later we might open our eyes up to a world in which you go around walk in a mall and there's a bunch of security robots, they're exactly operated in this way you go into a factory or a warehouse, there's a whole bunch of robots that are exactly in this way, you go to a, you go to the Brooklyn Navy yard, you see a whole bunch of autonomous vehicles optimus ride and they're operated maybe in this way. But I think people kind of don't see that. I I sincerely think that it's it's there's a possibility that we may almost see like, like a whole mushrooming of this technology in all kinds of places that we didn't expect before and that may be the real surprise. Um and then one day when your car actually drives itself, it may not be all that much.",
          "chapter_name": "Revolutionizing Mobility: Autonomous Vehicles in Unexpected Places"
        },
        {
          "speaker": "Sertac Karaman",
          "speech": "Was surprised at all because you see it all the time you interact with them, you take the optimus ride, hopefully that's your choice . Um, and then you hear a bunch of things you go around, you interact with them. I don't know like you have a little delivery vehicle that goes around the sidewalks and delivers your things and you take it , it says thank you and then you get used to that and one day your car actually drives itself and the regulation goes by and you know, you can hit the button asleep and it wouldn't be a surprise at all.",
          "chapter_name": "Revolutionizing Mobility: Autonomous Vehicles in Unexpected Places"
        },
        {
          "speaker": "Sertac Karaman",
          "speech": "I think that maybe the real reality . So there's gonna be a bunch of applications that pop up around autonomous vehicles, some, some of which may be many of which we don't expect at all. So if you look at optimus ride, what do you think, You know the viral application that the one that really works for people in mobility? What do you think optimist ride will connect with in the near future? First? I think that the first places that I like to target honestly is like these places where transportation is required within an environment, like people typically call a geo fence. So you can imagine like a roughly two miles by two miles could be bigger, could be smaller type of environment and there's a lot of these kinds of environments are typically transportation deprived, the Brooklyn Navy yard that, you know, we're in today, we're in a few different places, but that's, that was the one that was last publicized.",
          "chapter_name": "Revolutionizing Mobility: Autonomous Vehicles in Unexpected Places"
        },
        {
          "speaker": "Lex Fridman",
          "speech": "That's a good example. So there's not a lot of transportation there . Um and you wouldn't expect like, I don't know, um I think maybe operating an Uber there ends up being sort of a little too expensive or when you compare it with operating Uber elsewhere, um that becomes the elsewhere becomes the priority and these people's place has become totally transportation deprived. And then what happens is that, you know, people drive into these places and to go from point A to point B inside this place within that day, they use their cars and so we end up building more parking for them to for example, take their cars and go to lunch place. And I think that one of the things that can be done is that you can put in efficient , Safe, Sustainable Transportation Systems into these types of places 1st and I think that you could deliver mobility in an affordable way , affordable, accessible sustainable way. But I think what also enables is that this kind of effort money area land that we spend on parking, you could reclaim some of that and that is on the order of like even for a small environment like two miles by two miles, it doesn't have to be smack in the middle of new york. I mean anywhere else.",
          "chapter_name": "Revolutionizing Mobility: Autonomous Vehicles in Unexpected Places"
        },
        {
          "speaker": "Sertac Karaman",
          "speech": "You're talking tens of millions of dollars if you're smack in the middle of new york, you're looking at billions of dollars of savings just by doing that and that's the economic part of it. And there's a societal part, right? I mean , just look around, I mean, um the places that we live are built for cars , it didn't look like this just like 100 years ago, like today , no one walks in the middle of the street, it's four cars. We no one tells you that growing up, but you grow into that reality. And so sometimes they close the road, it happens here, you know, like the celebration, they closed the road. Still people don't work in the middle of the road, like just walk in and people don't, but I think it has so much impact the, the car in the space that we have. And, and I think we talked about sustainability livability.",
          "chapter_name": "Revolutionizing Mobility: Autonomous Vehicles in Unexpected Places"
        },
        {
          "speaker": "Sertac Karaman",
          "speech": "I mean, ultimately these kinds of places that parking spots at the very least could change into something more useful or maybe just like park areas, recreational. And so I think that's the first thing that, that we're targeting. And I think that we're getting like a really good response, both from an economic societal point of view, especially places that are a little bit forward looking and like for example, Brooklyn Navy Yard, they have tenants. Um there's distinct miracle, like new lab. It's kind of like an innovation center, there's a bunch of startups there. And so, you know, you get those kinds of people and you know, they're, they're really interested in um sort of making the environment more livable and these kinds of solutions that optimist right, provides almost kind of comes in and becomes that and many of these places that are transportation deprived, you know, they have, um they actually ran shuttles and so, you know, um you can ask anybody, the shuttle experience is like terrible people hate shuttles.",
          "chapter_name": "Revolutionizing Mobility: Autonomous Vehicles in Unexpected Places"
        },
        {
          "speaker": "Sertac Karaman",
          "speech": "Um and I can tell you why it's because you know, like the driver is very expensive in a shuttle business. So what makes sense is to attach, 2030 seats to a driver and a lot of people have this misconception, they think that shuttle should be big. Sometimes we get that are optimists, right? We tell them we're going to give you like four cedar, six cedars and we get asked like how about like 20 cedars?",
          "chapter_name": "Revolutionizing Mobility: Autonomous Vehicles in Unexpected Places"
        }
      ]
    },
    {
      "name": "Revolutionizing Transportation: Optimus Ride's Shuttle Network",
      "content": [
        {
          "speaker": "Sertac Karaman",
          "speech": "Like, you know, you don't need 20 cedars, You want to split up those seats so that they can travel faster and the transportation delays would go down. That's what you want.",
          "chapter_name": "Revolutionizing Transportation: Optimus Ride's Shuttle Network"
        },
        {
          "speaker": "Sertac Karaman",
          "speech": "If you make it big, not only you will get delays in transportation, but you won't have an agile vehicle, it will take a long time to speed up, slow down and so on. You need to climb up to the thing, so it's kind of like really hard to interact with and scheduling to perhaps when you have more smaller vehicles, it becomes closer to Uber where you can actually get a personal, I mean just the logistics of getting the vehicle to you, it becomes easier when you have a giant shuttle, there's fewer of them and it probably goes on a route, a specific route that is supposed to hit and when you go on a specific route and all seats travel together um versus you know, you have a whole bunch of them, you can imagine the route you can still have, but you can imagine you split up the seats and instead of, you know them traveling like I don't know a mile apart, they could be like, you know, half a mile apart if you split them into two, that basically would mean that your delays when you go out, you won't wait for them for a long time and that's one of the main reasons or you don't have to climb up . The other things that I think if you split them up in a nice way and if you can actually know where people are going to be somehow, you don't even need the app. A lot of people ask us the app, we say, why don't you just walk into the vehicle? How about you? Just walk into the vehicle , it recognizes who you are and it gives you a bunch of options of places that you go and you just kind of go there. I mean people kind of also internalize the apps, everybody needs an app. It's like you don't need an app , you just walk into the thing um but I think, I think one of the things that we really try to do is to take that shuttle experience that no one likes and tilted into something that everybody loves. And so I think that's another important thing.",
          "chapter_name": "Revolutionizing Transportation: Optimus Ride's Shuttle Network"
        },
        {
          "speaker": "Sertac Karaman",
          "speech": "Uh I would like to say that carefully, just like to have an operation, like we don't do shuttles, you know, we're really kind of thinking of this as a system or a network that we're designing but but ultimately we go to places that will normally rent a shuttle service that people wouldn't like as much and we want to tilt it into something that people love. So you mentioned the secretary earlier, but how many optimus ride vehicles do you think would be needed for any person in boston or new york? If they step outside there will be this is like a mathematical question, there will be two optimus ride vehicles within line of sight . This is that the right number two for example, um that's that's the density. So meaning that if you see one vehicle, you look around, you see another one too, imagine like um you know Tesla will tell you they collect a lot of data. Do you see that with Tesla? Like you just walk around and you look around, you see Tesla probably not very specific areas of California maybe maybe um you're right like there's a couple zip codes that , you know, just, but I think, but I think that's kind of important because you know , like maybe the couple zip codes, um, the one thing that we kind of depend on and I'll get to your question in a second, but now, like we're taking a lot of tensions today.",
          "chapter_name": "Revolutionizing Transportation: Optimus Ride's Shuttle Network"
        },
        {
          "speaker": "Lex Fridman",
          "speech": "And so, so, so I think that this is actually important. People call this data density or data velocity . So it's very good to collect data in a way that, you know , you see the same place so many times, like you can drive 10,000 miles around the country Or you drive 10,000 miles in a confined environment , you'll see the same intersection hundreds of times and when it comes to predicting what people are going to do in that specific intersection , you become really good at it vs if you draw in like 10,000 miles around the country, you've seen the only ones and so trying to predict what people do becomes hard.",
          "chapter_name": "Revolutionizing Transportation: Optimus Ride's Shuttle Network"
        }
      ]
    },
    {
      "name": "Revolutionizing Transportation: Speaker's Perspective",
      "content": [
        {
          "speaker": "Sertac Karaman",
          "speech": "And I think that, you know, you said, what is needed, it's tens of thousands of vehicles. You know, you really need to be like a specific fraction of vehicle, like for example, in good times in Singapore, you can go and you can just grab a cab And they are like, you know, 10% 20% of traffic, those taxis. Um, ultimately that's why you need to get to. Um, so that, you know, you, you get to a certain place where you really, the benefits really kick off in like orders of magnitude type of a point, but once you get there, you actually get the benefits and you can certainly carry people. I think that's one of the things people, I really don't like to wait for themselves, but for example, they can wait a lot more for the goods if they order something like that, you're sitting at home and you want to be a half an hour, that sounds great.",
          "chapter_name": "Revolutionizing Transportation: Speaker's Perspective"
        },
        {
          "speaker": "Sertac Karaman",
          "speech": "People will say it's great, you want, you're going to take a cab, you waiting half an hour like that's crazy, you don't want to eat that much, but I think you can, I think really get to a point where the system at peak times really focuses on kind of transporting humans around and it's really, it's a good fraction of traffic to the point where, you know, you go, you look around , there's something there and you just kind of basically get in there and it's already waiting for you or something like that and then you take it if you do it at that scale, like today, for instance, Uber, um, if you talk to the driver, right, I mean, Uber takes a certain cut, it's a small cut um or, you know , drivers would argue that it's a large cut, but, you know, it's, it's, it's when you look at the grand scheme of things, most of that money that you pay. Uber kind of goes to the driver and if you talk to the driver, the driver will claim that most of it is their time. You know, it's not spent on gas. They think it's not spent on the car per se as much. It's like their time. And if you didn't have a have a person driving or if you're in a scenario where you know like Um, person is driving the car, a fraction of a person is kind of operating the car because you know, you want operates several.",
          "chapter_name": "Revolutionizing Transportation: Speaker's Perspective"
        },
        {
          "speaker": "Sertac Karaman",
          "speech": "Um, if you're in that situation, you realize that the internal combustion engine type of cars are very inefficient. We build them to go on highways, they pass crash tests, they are really heavy. They really don't need to be like 25 times the weight of its passengers or, or you know like area wise and so on. But if you get through those inefficiencies and if you really build like urban cars and things like that, I think the economics really starts to check out like to the point where, I mean, I don't know, you may be able to get into a car and It may be less than a dollar to go from a to B as long as you don't change your destination, you just pay 99 cents and go that if you share it. If you take another stop somewhere, it becomes a lot better. Um, you know, these kinds of things, at least for models, at least for mathematics in theory, they start to really check out. So I think it's really exciting what optimist art is doing in terms of it feels the most reachable, like they'll actually be here and have an impact. That is the idea. And if we contrast that again, we'll go back to our old friends, Waymo and Tesla.",
          "chapter_name": "Revolutionizing Transportation: Speaker's Perspective"
        },
        {
          "speaker": "Sertac Karaman",
          "speech": "So Waymo seems to have sort of technically similar approaches as optimist ride, but a different, they're not as interested as having an impact today. Uh, is they have a longer term sort of investments, almost more of a research project still meaning they're trying to solve as far as I understand it, maybe you can, you can differentiate but they seem to want to do more unrestricted movement meaning move from A to B where A to B is all over the place versus optimist right? Is really nicely geo fence and really sort of establishment ability in a particular environment before you expand it . And then Tesla is like the complete opposite, which is, you know, the entirety of the world actually is going to be automated highway driving, urban driving every kind of driving, you know, you kind of creep up to it by incrementally improving the capabilities of the autopilot system. So when you contrast all of these and on top of that, let me throw a question and nobody likes but his uh, timeline, When do you think each of these approaches, loosely speaking, nobody can predict the future. We'll see mass deployment.",
          "chapter_name": "Revolutionizing Transportation: Speaker's Perspective"
        },
        {
          "speaker": "Sertac Karaman",
          "speech": "So your mosque predicts the craziest approach. Is that the, I've heard figures like at the end of this year. Right? So that's probably wildly inaccurate. But how wildly inaccurate is it? I mean, first thing to lay out like everybody else, it's really, it's really hard to guess.",
          "chapter_name": "Revolutionizing Transportation: Speaker's Perspective"
        },
        {
          "speaker": "Sertac Karaman",
          "speech": "I mean, I don't know, I don't know where where Tesla can look at our Elon musk and look at and say, hey, you know, it's the end of this year. I mean, I don't know what you can look at. You know, even the data that, you know, I mean, if you look at the data, um, even kind of trying to extrapolate the end state without knowing what exactly is going to go, especially for like a machine learning approach. I mean it's just kind of very hard to predict. But I do think the following does happen.",
          "chapter_name": "Revolutionizing Transportation: Speaker's Perspective"
        }
      ]
    },
    {
      "name": "The Chaos of Technology Prediction: Time Dilation and Gap Analysi",
      "content": [
        {
          "speaker": "Sertac Karaman",
          "speech": "I think a lot of people, you know, what they do is that there's something that I called a couple times time dilation in technology prediction happens. Let me try to describe a little bit, there's a lot of things that are so far ahead. People think they're close and there's a lot of things that are actually close. People think it's far ahead. People try to kind of look at the whole landscape of technology development, admittedly it's chaos, Anything can happen in any order at any time and there's a whole bunch of things in that people take it clamp it and put it into the next three years.",
          "chapter_name": "The Chaos of Technology Prediction: Time Dilation and Gap Analysi"
        },
        {
          "speaker": "Sertac Karaman",
          "speech": "Um, and so then what happens is that there's some things that maybe can happen by the end of the year or next year and so on, and they push that into like a few years ahead because it's just hard to explain. And there are things that are, like, we're looking at 20 years more , maybe, you know, um, hopefully in my lifetime type of things. And because, you know, we don't know, we don't know how how hard it is. Even like, that's a problem. We don't know like if some of these problems are actually ai complete, like we have no idea what's going on and you know, we we take all of that and then we clamp it and then we say three years from now.",
          "chapter_name": "The Chaos of Technology Prediction: Time Dilation and Gap Analysi"
        },
        {
          "speaker": "Sertac Karaman",
          "speech": "Um, and then some of us are more optimistic. So they're shooting at the at the end of the year and some of us are more realistic. They say like five years, but you know, we all, I think it's just hard to know and I think um, trying to predict like products ahead to three years, it's hard to know in the following sense, You know, like we typically say , okay, this is a technology company, but sometimes sometimes really you're trying to build something like a technology like there's a technology gap, you know, like, and Tesla had that electric vehicles, you know, like when they first started, they would look at a chart much like a moose law type of chart and they would just kind of extrapolate that out and they say we want to be here. What's the technology to get that?",
          "chapter_name": "The Chaos of Technology Prediction: Time Dilation and Gap Analysi"
        },
        {
          "speaker": "Lex Fridman",
          "speech": "We don't know, it goes like this. So it's probably just gonna keep going um, with ai that goes into the cars. We don't even have that. Like, you can't, I mean, what can you quantify? Like what kind of chart are you looking at? You know? Um, but so, but so I think when there's the technology gap, it's just kind of really hard to predict.",
          "chapter_name": "The Chaos of Technology Prediction: Time Dilation and Gap Analysi"
        },
        {
          "speaker": "Sertac Karaman",
          "speech": "So now I realize I talked like five minutes and avoid your question. I didn't tell you anything about that. It was very skillfully done was very, I don't think , I think you've actually argued that it's not even any answer to provide now is not that useful. It's gonna be very hard. There's one thing that I really believe in and, and you know, this is not my idea and it's been, you know, discussed several times. But, but this, um, this, this kind of like something like a startup or, or, or a kind of an innovative company, including definitely made very more Tesla, maybe even some of the other big companies that are kind of trying things, this kind of like Iterated learning is very important. The fact that we're over there and we're trying things and so on. I think that's um, that's important. We try to understand. And, and I think that, you know, the coding code Silicon Valley has done that with business models pretty well.",
          "chapter_name": "The Chaos of Technology Prediction: Time Dilation and Gap Analysi"
        },
        {
          "speaker": "Lex Fridman",
          "speech": "And now I think we're trying to get to do it, but there's a literal technology gap. I mean before, like, you know, you're trying to build, I'm not trying to, you know, I think these companies are building great technology to , for example, enable internet search to do it so quickly and that kind of didn't didn't what wasn't there so much, But at least like it was a kind of a technology that you could predict to some degree and so on. And now we're just kind of trying to build, you know, things that it's kind of hard to quantify. What kind of a metric are we looking at. So psychologically is a sort of as a leader of graduate students and uh, optimist ride a bunch of brilliant engineers just curiosity psychologically, Do you think it's good to think that , you know, whatever technology gap we're talking about can be closed by the end of the year or do you, you know, because we don't know.",
          "chapter_name": "The Chaos of Technology Prediction: Time Dilation and Gap Analysi"
        }
      ]
    },
    {
      "name": "Autonomous Vehicle Future: Camera-Based Systems vs. Lidar as a Crutch",
      "content": [
        {
          "speaker": "Sertac Karaman",
          "speech": "So the way do you want to say that everything is going to improve exponentially to yourself and to others around you as a leader or do you want to be more sort of maybe not cynical , but I don't want to use realistic because it's hard to predict . But yeah, maybe more cynical pessimistic about the ability to close that gap . Yeah, I think that , you know, going back, I think that iterated learning is like key that, you know, you're out there, you're running experiments to learn and that doesn't mean sort of like, you know, like, like you're optimist, right?",
          "chapter_name": "Autonomous Vehicle Future: Camera-Based Systems vs. Lidar as a Crutch"
        },
        {
          "speaker": "Sertac Karaman",
          "speech": "You're kind of doing something but like in an environment, but like what Tesla is doing I think is also kind of like this, this kind of notion and and you know, people can go around say like an old this year, next year, the other year and so on. But I think that the, the nice thing about it is that they're out there, they're pushing this technology in. Um, I think what they should do more of, I think that kind of informed people about what kind of technology that they're providing , you know, the good and the bad and then, you know, not just sort of, you know, it works very well, but I think I'm not saying they're not doing bad and informing. I think they're kind of trying, they, you know, they put up certain things are at the very least youtube videos comes out on, on how the salmon function works every now and then and you know, people get informed so that that kind of cycle continues. But um, you know, I, I admired, I think they kind of go out there and they do great things. They do their own kind of experiment. I think we do our own and I think we're closing some similar technology gaps, but some also some are, are talking as well, you know, I think like we talked about people being remote, like it's something or in the kind of environments that we're in or think about a Tesla car, maybe, maybe you can enable it one day.",
          "chapter_name": "Autonomous Vehicle Future: Camera-Based Systems vs. Lidar as a Crutch"
        },
        {
          "speaker": "Sertac Karaman",
          "speech": "Like there's low traffic, like your kind of stuff on go emotions just hit the button and you can really see, or maybe there's another lane that you can pass into. You go in there. I think they can enable these kinds of, I believe it. And so I think that that part that is really important and that is really key and beyond that, I think, um, you know, when is it exactly going to happen and so on? I mean, um, it's like I said, it's very hard to predict. Um, and I would, I would imagine that it would be good to do some sort of like a, like a one or two year plan, but it's a little bit more predictable that, you know , the technology gaps you close and, and the, and the kind of, um, sort of product that would answer. So I know that from optimist right? Or other companies that are involved in.",
          "chapter_name": "Autonomous Vehicle Future: Camera-Based Systems vs. Lidar as a Crutch"
        },
        {
          "speaker": "Sertac Karaman",
          "speech": "I mean, at some point you find yourself in a situation where you're trying to build a product and people are investing in that, in that, you know, building effort and those investors that they do want to know is they compare the investments they want to make, they do want to know what happens in the next one or two years. And I think that's good to communicate that. But I think beyond that it becomes, it becomes a vision that we want to get too someday and saying five years, 10 years , I don't think it means anything, but it really learning is key to do and learn. I think that is key. You know, I got to sort of throw back right at you criticism. Uh, in terms of, uh, you know, like Tesla or somebody communicating, you know how someone works and so on. I got a chance to visit optimists ride and you guys are doing some awesome stuff",
          "chapter_name": "Autonomous Vehicle Future: Camera-Based Systems vs. Lidar as a Crutch"
        },
        {
          "speaker": "Sertac Karaman",
          "speech": "and yet the internet doesn't know about it. So you should also communicate more showing off, you know, showing off some of the awesome stuff, the stuff that works and stuff that doesn't work. I mean it's just the stuff I saw with a tracking different objects and pedestrians. So I'm incredible stuff going on there . Just, maybe it's just the nerd in me. But uh, I think the world would love to see that kind of stuff. Yeah, that's , that's well taken. I think , um, you know, I should say that it's not like, you know, we, we were unable to, I think we made a decision at some point, um that decision did involve me quite a bit on kind of uh sort of doing this in kind of coating called stealth nose for a bit. Um but I think that, you know, we'll, we'll open it up quite a lot more and I think that we are also an optimist, right, kind of hitting um the new new era, um, you know, we're big now, we're doing a lot of interesting things and and I think, you know, some of the deployments that we kind of announced where some of the first bits, bits of information that we kind of put out into the world will also put out our technology, a lot of the things that we've been developing is really amazing and you know, we're gonna, we're going to start putting that out, we're especially interested in sort of like being able to work with the best people and I think, and I think it's good to not just kind of show them and they come to our office for an interview, but just put it out there in terms of like get people excited about what we're doing so on the autonomous vehicle space. Let me ask one last question.",
          "chapter_name": "Autonomous Vehicle Future: Camera-Based Systems vs. Lidar as a Crutch"
        },
        {
          "speaker": "Sertac Karaman",
          "speech": "So you'll mosque famously said that lighter is a crutch. So uh I've talked to a bunch of people bought it, got to ask you, you use that crutch quite a bit in the DARPA days. So, uh, you know, and his idea in general sort of, you know, more provocative and fun I think than a technical discussion. But the idea is that camera based primarily camera based systems is going to be what defines the future of autonomous vehicles. So what do you think of this idea ladders a crutch versus primarily camera based systems? First things first? I think, you know, I'm a big believer in just camera based autonomous vehicle systems, like I, I think that, you know , you can put in a lot of autonomy and, and you can do great things and it's very possible that at the time scales, like I said, we can't predict 20 years from now, like you may be able to do things that we're doing today only with light are, and you maybe do them just with cameras",
          "chapter_name": "Autonomous Vehicle Future: Camera-Based Systems vs. Lidar as a Crutch"
        }
      ]
    },
    {
      "name": "Future of Autonomous Vehicles: Light Arm vs. Computer Vision",
      "content": [
        {
          "speaker": "Sertac Karaman",
          "speech": "and I think that, um, you know, you can just, um, I think that I will put my name on it to like, you know, there will be a time when you can only use cameras and you'll be fine at that time though, it's very possible that you find the lighter system as another robust fire or it's so affordable that it's stupid not to , you know, just kind of put it there. Yeah, and I think, um, and I think we may be looking at a future like that. Do you think we're over relying on light are right now because we understand the better, it's more reliable in many ways in terms from a safety easier to build with. That's the other, that's the other thing I think to be very frank with you, I mean, um, you know, we've seen a lot of sort of autonomous vehicles companies come and go and the approach has been, you know, you slap a light are on a car and it's kind of easy to build with when you have a light are, you know, you just kind of coat it up and, and you hit the button and you do a demo. Um, so I think there's admittedly there's a lot of people, they focus on the light art because it's easier to build with. Um, that doesn't mean that, you know, without the camera, just cameras, you can, you cannot do what they're doing, but it's just kind of a lot harder. And so you need to have certain kind of expertise to exploit that.",
          "chapter_name": "Future of Autonomous Vehicles: Light Arm vs. Computer Vision"
        },
        {
          "speaker": "Sertac Karaman",
          "speech": "What we believe in and you know, you may be seeing some of it is that, um, we believe in computer vision, we certainly work on computer vision and optimal ride by a lot , like um, and, and we've been doing that from day one and we also believe in sensor fusion. So, you know, we do, we have a relatively minimal use of light ours, but we do use them and I think in the future, I really believe that the following sequence of events may happen. Okay. First things first, number one, there may be a future in which, you know, there's like cars with light arms and everything and the cameras, but you know this in this 50 year, I had future , they can just drive with cameras as well, especially in some isolated environments and cameras, they go and they do the things in the same future, it's very possible that, you know, the lighters are so cheap and frankly make the software may be, um, a little less compute intensive at the very least, or maybe less complicated so that they can be certified or, or ensure their of their safety and things like that , that it's kind of stupid not to put the light on. Like, imagine this, you either put paying money for the light are or you pay money for the compute and if you don't put the light are, it's a more expensive system because you have to put in a lot of compute like this is another possibility. Um, I do think that a lot of the sort of initial deployment of self driving vehicles, I think they will involve lighters and especially either low range or short, either short range or low resolution light ours are actually not that hard to build in solid state .",
          "chapter_name": "Future of Autonomous Vehicles: Light Arm vs. Computer Vision"
        },
        {
          "speaker": "Sertac Karaman",
          "speech": "They're still scanning, but like memes type of scanning light ours and things like that. They're like, they're actually not that hard. I think they will maybe kind of playing with the spectrum and a phase or is there a little bit harder. But but I think like putting your mom's mirror in there, that kind of scans the environment. It's not hard . The only thing is that, you know, you just like with a lot of the things that we do nowadays in developing technology, you hit fundamental limits of the universe. The speed of light becomes a problem when you're trying to scan the environment so you don't get either good resolution or you don't get range. Um but you know, it's still is something that you can put in that affordably. So let me jump back to drones. You've uh you have a role in the Lockheed martin, alpha pilot Innovation challenge where teams compete in drone racing. Super cool.",
          "chapter_name": "Future of Autonomous Vehicles: Light Arm vs. Computer Vision"
        }
      ]
    },
    {
      "name": "Revolutionizing Racing: Autonomous Drones and AI",
      "content": [
        {
          "speaker": "Sertac Karaman",
          "speech": "Super intense, interesting application of ai So can you tell me about the very basics of the challenge and where you fit in what your thoughts are on this problem And it's sort of echoes of the early DARPA challenge through the desert that we're seeing now now with drone racing. Yeah, I mean, one interesting thing about it is that, you know, people , the drone racing exists as an esport and so it's much like you're playing a game, but there's a real drone going in an environment. Human being is controlling it with goggles on. So there's no it is a robot, but there's no way i there's no way i human beings controlling it. And so that's already there and I've been interested in this problem for quite a while actually from a roboticist point of view",
          "chapter_name": "Revolutionizing Racing: Autonomous Drones and AI"
        },
        {
          "speaker": "Sertac Karaman",
          "speech": "and that's what's happening in alpha pilot, which problem of aggressive flight of aggressive flight, fully autonomous, aggressive flight. The problem that I'm interested in and you asked about alpha pod and I'll get there in a second , but the problem that I'm interested in, I'd love to build autonomous vehicles like drones that can go far faster than any human possibly can, I think we should recognize that we as humans have limitations in how fast we can process information and those are some biological limitations like we think about this ai this way too. I mean this has been discussed a lot and this is not my idea per se, but a lot of people kind of think about human level ai and they think that you know ai is not human level one day it'll be human level and humans and eyes they kind of interact versus I think that the situation really is that humans are at a certain place and Ai keeps improving and at some point just crosses off and you know it gets smarter and smarter and smarter and so drawn, raising the same issue. Humans play this game and you know you have to react the milliseconds and there's really you see something with your eyes and then that information just flows through your brain into your hands so that you can command it.",
          "chapter_name": "Revolutionizing Racing: Autonomous Drones and AI"
        },
        {
          "speaker": "Lex Fridman",
          "speech": "There's some also delays on getting information back and forth. But suppose those lazy don't exist. You just just a delay between your eye and your fingers. He's a delay that a robot doesn't have to have. Um So we end up building in my research group, like systems that , you know, see things at a kilohertz, like a human, I would barely hit 100 hertz. So imagine things that c stuff in slow motion Like 10 X. Slow motion. Um It will be very useful, like we talked a lot about autonomous car.",
          "chapter_name": "Revolutionizing Racing: Autonomous Drones and AI"
        },
        {
          "speaker": "Sertac Karaman",
          "speech": "So um you know, we don't get to see it, but 100 lives are lost every day just in the United States on traffic accidents. And many of them are like known cases , you know, like the, you're coming through like a, like a ramp going into a highway, you hit somebody and you're off or you know, like you kind of get confused, you try to like swerve into the next lane, you go off the road and you crash whatever. And I think if you had enough compute in a car and a very fast camera right at the time of an accident, you could use all compute, you have like, you could shut down the infotainment system and use that kind of computing resources instead of rendering you use it for the kind of artificial intelligence that goes near the autonomy and you can you can either take control of the car and bring it to a full stop . But even even if you can't do that, you can deliver what the human is trying to do. Humans trying to change the lane but goes off the road, not being able to do that with motor skills and the eyes and you know, you can get in there and I was, there's so many other things that you can enable with what I would call high throughput computing. You know, data is coming in extremely fast and in real time you have to process it. And the current CPUS however fast you clock it are typically not enough . You need to build those computers from the ground up so that they can ingest all that data that I'm really interested in. Just on that point, really quick is the currently, what's the bottom like you mentioned the delays in humans. Is it the hardware?",
          "chapter_name": "Revolutionizing Racing: Autonomous Drones and AI"
        },
        {
          "speaker": "Sertac Karaman",
          "speech": "So you work a lot within video hardware? Is it the hardware or is it the software? I think it's both.",
          "chapter_name": "Revolutionizing Racing: Autonomous Drones and AI"
        }
      ]
    },
    {
      "name": "Drone Racing: Aggressive Flight, Hardware-Neural Network Co-Design",
      "content": [
        {
          "speaker": "Sertac Karaman",
          "speech": "I think it's but in fact they need to be co developed, I think in the future, I mean that's a little bit more than video does sort of like they almost like build the hardware and then they build a neural networks and then they build the hardware back and the neural networks back and it goes back and forth. But it's that co design and I think that , you know like we try to way back we try to build a fast drone that could use a camera image to track what's moving in order to find where it is in the world. This typical sort of visual inertial state estimation problems that we would solve. And you know we just kind of realize that we're at the limit sometimes of doing simple tasks were at the limit of the camera frame rate because if you really want to track things You want the camera image to be 90% kind of like or some somewhat the same from one frame to the next.",
          "chapter_name": "Drone Racing: Aggressive Flight, Hardware-Neural Network Co-Design"
        },
        {
          "speaker": "Sertac Karaman",
          "speech": "And why are we at the limit of the camera frame rate? It's because camera captures data it puts into some serial connection it could be USB or like there's something called camera serial interface that we use a lot. It puts into some serial connection and couple wires can only transmit so much data . And you hit the Shannon limit on copper wires and you know you you hit yet another kind of universal limit that you can transfer the data. So you have to be much more intelligence on how you capture those pixels. You can take compute and put it right next to the pixels. Two people are going to do.",
          "chapter_name": "Drone Racing: Aggressive Flight, Hardware-Neural Network Co-Design"
        },
        {
          "speaker": "Sertac Karaman",
          "speech": "How hard is it to uh to get past the bottleneck of the copper wire. Um Yeah you need to you need to do a lot of parallel processing as you can imagine the same thing happens in the G. P. U . S. You know like the data is transferred in parallel somehow . It gets into some parallel processing I think that you know like um not really kind of diverted off into so many different dimensions but great. So it's aggressive flight. How do we make drones? See many more frames a second in order to enable aggressive fight. That's a super interesting problem.",
          "chapter_name": "Drone Racing: Aggressive Flight, Hardware-Neural Network Co-Design"
        },
        {
          "speaker": "Lex Fridman",
          "speech": "That's an interesting problem. So but think about it, you have you have Cpus, you clocked them at several gigahertz um We don't collect them faster largely because we run into some heating issues and things like that. But another thing is that three GHz clock light travels kind of like on the order of a few inches or an inch, that's the size of a chip. And so you pass a clock cycle and as the clock signal is going around in the chip you pass another one. And so trying to coordinate that the design of the complexity the chip becomes so hard . I mean we have hit the fundamental limits of the universe and so many things that we're designing.",
          "chapter_name": "Drone Racing: Aggressive Flight, Hardware-Neural Network Co-Design"
        },
        {
          "speaker": "Sertac Karaman",
          "speech": "I don't know if people realize that it's great but we can't make transistors smaller because like quantum effects that electrons start to tunnel around. We can't clock it faster. One of the reasons why is because like the information doesn't travel faster in the universe and we're limited by that same thing with the laser scanner. But so then it becomes clear that um you know the way you organize the chip into a CPU or even a gpu. You now need to look at how to redesign that if you're going to stick with silicon you could go to other things too. I mean there's that too. But you really almost need to take those transistors put them in a different way so that the information travels on those transistors in a different way, in a much more way that is specific to the high speed cameras coming in. And so that's one of the things that we talk about quite a bit. So drone racing kind of really makes that embodies that embodies that. It's exciting.",
          "chapter_name": "Drone Racing: Aggressive Flight, Hardware-Neural Network Co-Design"
        },
        {
          "speaker": "Sertac Karaman",
          "speech": "It's exciting for people, you know, students like it, it embodies all those problems but going back we're building code and code and other engine and that engine. I hope one day will be just like how impactful seatbelts were in in driving. I hope so or it could enable you know, next generation autonomous air taxis and things like that . I mean it sounds crazy but one day we may need to purchase them. These things if you really want to go from boston to new york in more than a half hours. You may want to fix wing aircraft? Most of these companies that are doing good flying cars, they're focusing on that, but then how do you landed on top of a building you may need to pull off like kind of fast maneuvers for a robot, like perch language going to go perch into, into a building if you want to do that, like you need these kinds of systems and so drone racing, um, you know, it's being able to go very faster than any human can comprehend.",
          "chapter_name": "Drone Racing: Aggressive Flight, Hardware-Neural Network Co-Design"
        },
        {
          "speaker": "Sertac Karaman",
          "speech": "Take an aircraft, forget the quadcopter, you take your fixed wing while you're at it, You might as well put some like rocket engines in the back and you just light it, you go through the gate and a human looks at it and just said, what just happened. Uh, and they would say it's impossible for me to do that. And that's closing the same technology gap that would, you know, one day um, steer cars out of accidents. So, but then let's get back to the practical, which is sort of just getting the thing to work in a race environment, which is kind of what the, it's another kind of exciting thing, which the DARPA challenge to the desert. Did, you know , theoretically, we had autonomous vehicles, but making them successfully finish the race. First of all, which nobody finished the first year and then the second year just to get, you know, to finish and go at a reasonable time is really difficult engineering, practically speaking challenge. So that, let me ask about the alpha pilot challenge is I guess a big prize potentially associated with bologna ask reminiscent of the DARPA Days predictions. You think anybody will finish? Um well not not soon. Um I think that depends on how you set up the race course and so if the race courses, so",
          "chapter_name": "Drone Racing: Aggressive Flight, Hardware-Neural Network Co-Design"
        }
      ]
    }
  ]
}