{
  "speakers": [
    "Lex Fridman",
    "Karl Friston"
  ],
  "episode_name": "99-karl-friston-neuroscience-and-the-free-energy-principle",
  "chapters": [
    {
      "name": "Carl Frist on Neuroscience, Free Energy Principle, and Brain Imaging",
      "content": [
        {
          "speaker": "Lex Fridman",
          "speech": "The following is a conversation with carl frist on one of the greatest neuroscientists in history , Excited over 245,000 times known for many influential ideas in brain imaging neuroscience and theoretical neurobiology, including especially the fascinating idea of the free energy principle for action and perception. Carl's mix of humor , brilliance and kindness to me are inspiring and captivating. This was a huge honor and a pleasure. This is the artificial intelligence podcast. If you enjoy it, subscribe on youtube, review it with five stars on apple podcast. Support on Patreon are simply connect with me on twitter . Elex Friedman spelled F R I D M A N. As usual, I'll do a few minutes of ads now and never any ads in the middle that can break the flow of the conversation, I hope that works for you and doesn't hurt the listening experience. This show is presented by cash app, the number one finance app in the app store.",
          "chapter_name": "Carl Frist on Neuroscience, Free Energy Principle, and Brain Imaging"
        },
        {
          "speaker": "Lex Fridman",
          "speech": "When you get it. Used Code lex podcast Cash app lets you send money to friends buy Bitcoin and invest in the stock market with as little as $1. Since cash app allows you to send and receive money digitally Let me mention a surprising fact related to physical money Of all the currency in the world, roughly 8% of it is actual physical money. The other 92% of money only exists digitally. So again, if you get cash app from the app store, google play and use the code lex podcast. You get $10 in cash up, will also donate $10 to first an organization that is helping to advance robotics and stem education for young people around the world. And now here's my conversation with carl kristen.",
          "chapter_name": "Carl Frist on Neuroscience, Free Energy Principle, and Brain Imaging"
        },
        {
          "speaker": "Lex Fridman",
          "speech": "How much of the human brain do we understand from the low level of neuronal communication to the functional level? To the to the highest level, maybe the psychiatric disorder level? Well , we're certainly in a better position than we were last century. How far we've got to go I think is almost an unanswerable question. So you'd have to set the parameters. What constitutes understanding, what level of understanding do you want? I think we've made enormous progress in terms of broad brush principles um whether that affords a detailed cartography of the functional anatomy of the brain and what it doesn't right down to the micro circuitry in the neurons that's probably out of reach at the present time.",
          "chapter_name": "Carl Frist on Neuroscience, Free Energy Principle, and Brain Imaging"
        },
        {
          "speaker": "Lex Fridman",
          "speech": "So the cartography. So mapping the brain do you think mapping of the brain, the detailed perfect imaging of it. Does that get us closer to understanding of the mind of the brain? So how far does it get us if we have the perfect cartography of the brain? I think there are lower bounds on that's a really interesting question you and it would determine this sort of scientific career you could pursue if you believe that knowing every dendritic connection, every sort of microscopic synaptic structure. Right down to the molecular level.",
          "chapter_name": "Carl Frist on Neuroscience, Free Energy Principle, and Brain Imaging"
        },
        {
          "speaker": "Karl Friston",
          "speech": "Was going to give you the right kind of information to understand the computation and that to me then you'd choose to be a microscope ISC and you would study little cubic millimeters of brain for the rest of your life.",
          "chapter_name": "Carl Frist on Neuroscience, Free Energy Principle, and Brain Imaging"
        }
      ]
    },
    {
      "name": "The Hierarchical Structure of the Human Brain: Recurrence and Sparcity",
      "content": [
        {
          "speaker": "Karl Friston",
          "speech": "If on the other hand, you were interested in holistic functions and um a sort of functional anatomy of the sort that a neuropsychologist would understand. You study brain lesions and strokes, just looking at the whole person. So again, it comes back to what level do you want understanding. I think there are principled reasons not to go too far.",
          "chapter_name": "The Hierarchical Structure of the Human Brain: Recurrence and Sparcity"
        },
        {
          "speaker": "Karl Friston",
          "speech": "If you commit to a view of the brain as a machine that's performing a form of inference and representing things. Um there are that understanding that level of understanding is necessarily cast in terms of probability densities and ensemble densities distributions. And what that tells you is that you don't really want to look at the atoms to understand the thermodynamics of probabilistic descriptions for how the brain works. So , I personally wouldn't look at the molecules or indeed the single neurons in the same way. If I wanted to understand the thermodynamics of some non equilibrium steady state of a gas or an active material, I wouldn't spend my life looking at the the individual molecules that constitute that on somebody look at their collective behavior. On the other hand, if you go to coarse grain, you're going to miss some basic economical principles of connectivity and architectures. I'm thinking here, this bit colloquial, but there's current excitement about high field Magnetic resonance imaging that. seven Tesla.",
          "chapter_name": "The Hierarchical Structure of the Human Brain: Recurrence and Sparcity"
        },
        {
          "speaker": "Karl Friston",
          "speech": "Why? Well, it gives us for the first time the opportunity to look at the brain in action at the level of a few millimeters that distinguish between different layers of the cortex. That may be very important in terms of uh, evincing generic principles of chronicle micro circuitry that are replicated throughout the brain. That may tell us something fundamental about message passing in the brain and these density dynamics of neuronal ensemble, population dynamics that underwrite our, you know, our brain function. So somewhere between a millimeter and I met her lingering for a bit on the, on the big questions if you allow me what to you is the most beautiful or surprising characteristic of the human brain. I think it's hierarchical and recursive aspect is recurrent aspect of the structure or of the actual representation of power of the brain. Well, I think one speaks to the other.",
          "chapter_name": "The Hierarchical Structure of the Human Brain: Recurrence and Sparcity"
        },
        {
          "speaker": "Karl Friston",
          "speech": "Um, I was actually answering um, you know, dull minded way from the point of view of purely its anatomy and its structural aspects. I mean, there are many marvelous organs in the, in the body. Um, let's take your liver for example. Um, you know, without it, you wouldn't you wouldn't be around for very long and it does some beautiful and delicate biochemistry and homeostasis And you're evolved with a finesse that would easily parallel the brain but it doesn't have a beautiful anatomy , has a simple anatomy which is attractive in a minimalist sense but it doesn't have that crafted structure of sparse connectivity and that recurrence in that specialization that the brain has. You said a lot of interesting terms here.",
          "chapter_name": "The Hierarchical Structure of the Human Brain: Recurrence and Sparcity"
        },
        {
          "speaker": "Karl Friston",
          "speech": "So the recurrence, the Spar city.",
          "chapter_name": "The Hierarchical Structure of the Human Brain: Recurrence and Sparcity"
        }
      ]
    },
    {
      "name": "The Hierarchical Organization of the Brain: A Sparse and Structured Connectivity",
      "content": [
        {
          "speaker": "Karl Friston",
          "speech": "But you also started by saying hierarchical . So I've I've never thought of our brain as hierarchical uh sort of I always thought it's just like a giant mess. Interconnected mess was very difficult to figure anything out. But in what sense do you see the brain as hierarchical? Well, I see it.",
          "chapter_name": "The Hierarchical Organization of the Brain: A Sparse and Structured Connectivity"
        },
        {
          "speaker": "Karl Friston",
          "speech": "It's not a magic soup . Uh Of course is what I used to think when I was before I uh studied medicine and the like so a lot of those terms imply each other. Um So hierarchies, if you just think about the nature of a hierarchy, how would you actually build one? And what you would have to do is basically carefully remove the right connections that destroy the completely connected soups that you might have in mind. So a hierarchy is in and of itself defined by a sparse and particular connectivity structure. Um I'm not committing to any particular form of hierarchy. Your senses.",
          "chapter_name": "The Hierarchical Organization of the Brain: A Sparse and Structured Connectivity"
        },
        {
          "speaker": "Karl Friston",
          "speech": "There is some. Oh, absolutely, yeah. In virtue of the fact that there is a Spar city of connectivity, not necessarily um of a quality of salt but certainly for quantitative sort so they are uh it is demonstrable. E so and uh that the far further apart to parts of the brain are the less likely they are to be wired, you know, to possess external processes, neuronal processes directly communicate one message or messages from one part of that brain to the other part of the brain. So we know there's a sparse connectivity um and furthermore, on the basis of anatomical connectivity and tracer studies, we know that that uh that has that Spar city underwrites a high hierarchical, very structured sort of connectivity that might be best understood like a little bit like an onion. You know that there is um um a concentric sometimes referred to as centripetal by people like Marcel Moslem hierarchal organization to the brain. So you can think of the brain as in a rough sense, like an onion and all the sensory information and all the different outgoing messages that supply commands to your muscles or to your secretary organs come from the surface. So there's a massive exchange interface with the world out there on the surface.",
          "chapter_name": "The Hierarchical Organization of the Brain: A Sparse and Structured Connectivity"
        },
        {
          "speaker": "Karl Friston",
          "speech": "And then underneath there's a little there that um sits and looks at the exchange on the surface. And then underneath that there's a layer right the way down to the very center through the deepest part of the onion. That's what I mean by a hierarchical organization. There's a discernible structure defined by the sparse active connections that lends the architecture hierarchal structure that tells a lot about the kinds of representations and messages. So going back to your early question, is this about the representational capacity or is it about the anatomy? Well, one underwrites the other.",
          "chapter_name": "The Hierarchical Organization of the Brain: A Sparse and Structured Connectivity"
        }
      ]
    },
    {
      "name": "Unraveling the Onion: Brain Imaging and Functional Segregation",
      "content": [
        {
          "speaker": "Karl Friston",
          "speech": "Um You know, if one this simply thinks of the brain as a a message passing machine, a process that is in the service of doing something um then the circuitry and the connectivity that shape that message passing also dictate its function. So you've done a lot of amazing work in a lot of directions. So let's look at one aspect of that, of looking into the brain and trying to study this onion structure . Uh what can we learn about the brain by imaging it? Which is one way to sort of look at the anatomy of it, broadly speaking. What what are the methods of imaging but even bigger, What can we learn about it? Right.",
          "chapter_name": "Unraveling the Onion: Brain Imaging and Functional Segregation"
        },
        {
          "speaker": "Karl Friston",
          "speech": "So, well, most imaging human, your imaging that you might see in science journals that speaks to the way the brain works, measures brain activity over time. So, you know, that's the first thing to say that we're effectively looking at fluctuations in neuronal responses, usually in response to some sensory input or some instruction. Um some task , not necessarily, there's a lot of interesting just looking at the brain in terms of resting state, endogenous or intrinsic activity but crucially at every point looking at these fluctuations either induced or intrinsic in neural activity and understanding them at two levels. So, normally people would recourse to two principles of brain organization that a complimentary one functional specialization or segregation. So what does that mean? It simply means that there are certain parts of the brain that may be specialist for certain kinds of processing, for example, visual motion, our ability to recognize or to perceive movement in the visual world.",
          "chapter_name": "Unraveling the Onion: Brain Imaging and Functional Segregation"
        },
        {
          "speaker": "Lex Fridman",
          "speech": "And furthermore that specialist processing maybe spatially or anatomically segregated, leading to functional segregation. Which means that if I were to compare your brain activity during a period of static viewing a static image and then compare that to the responses of fluctuations in the brain when you were exposed to a moving image, say a flying bird , we would expect to see um restricted segregated differences in activity. And those are basically the hotspots that you see in the surgical parametric maps that tests for the significance of the responses that are circumscribed. So now basically we're talking about some people have perhaps unkindly called a neo cartography. This is a phrenology um augmented by modern day neuro imaging, basically finding uh globs or bumps on the brain that do this or do that and trying to understand the cartography of that functional specialization. So how much, how much is there such this is that such a beautiful sort of ideal to strive for?",
          "chapter_name": "Unraveling the Onion: Brain Imaging and Functional Segregation"
        },
        {
          "speaker": "Karl Friston",
          "speech": "Uh We uh we human scientists would like just to hope that there is a beautiful structure to this was like you said, they're segregated regions that are responsible for the different function. How much hope is there to find such regions in terms of looking at the progress of studying the brain? I think enormous progress has been made in the past 20 or 30 years. Yeah, so this is beyond incremental. At the advent of brain imaging, the very notion of functional segregation was just a hypothesis based upon a century, if not more of careful neuropsychology. Looking at people who had lost via insult or traumatic brain injury, particular parts of the brain and then saying, well they can't do this or they can't do that.",
          "chapter_name": "Unraveling the Onion: Brain Imaging and Functional Segregation"
        },
        {
          "speaker": "Karl Friston",
          "speech": "For example, losing the visual cortex and not being able to see or usually losing particular parts of the visual cortex or um regions known as V five or the middle temporal region Mt and noticing that they selectively could not see moving things. And so that created the hypothesis that perhaps movement processing. Visual movement processing was located in this functionally segregated area. And you could then put go and put invasive electrodes in animal models and say, yes, indeed, we can excite activity here. We can form receptive fields that are sensitive to or defined in terms of visual motion. But at no point could you exclude the possibility that everywhere else in the brain was also very interested in visual motion. By the way, I apologize to interrupt was a tiny little change in you said animal models.",
          "chapter_name": "Unraveling the Onion: Brain Imaging and Functional Segregation"
        },
        {
          "speaker": "Karl Friston",
          "speech": "Just out of curiosity from your perspective, how different is the human brain versus the other animals in terms of our ability to study the brain? Well, clearly the far further where you go from a human brain, the greater the differences , but not not as remarkable as you might think. So, people will choose their level of approximation to the human brain, depending upon the kinds of questions that they want to answer. So if you're talking about economical principles of micro secretariat might be perfectly okay to look at a mouse. Indeed you could even look at flies worms. Um If on the other hand, you wanted to look at the finer details of organization of visual cortex and V one V two. These are designated sort of patches of cortex that may do different things.",
          "chapter_name": "Unraveling the Onion: Brain Imaging and Functional Segregation"
        },
        {
          "speaker": "Karl Friston",
          "speech": "Indeed do. Um you probably want to use a primate that looked a little bit more like a human because there are lots of ethical issues in terms of, you know, the use of um non human primates to, you know , transfer questions about the, about human anatomy. But I think most people assume that most of the important principles are conserved in a continuous way from right from. Well, yes , worms right through the night to you and me. So now returning to the so that was the early sort of ideas of studying the reef functional regions of the brain by if there's some damage to it to try to infer that there's that part of the brain might be somewhat responsible for this type of function.",
          "chapter_name": "Unraveling the Onion: Brain Imaging and Functional Segregation"
        }
      ]
    },
    {
      "name": "Brain Functional Integration: From Magic Soup to Deep Structure",
      "content": [
        {
          "speaker": "Karl Friston",
          "speech": "So what where does that lead us?",
          "chapter_name": "Brain Functional Integration: From Magic Soup to Deep Structure"
        },
        {
          "speaker": "Karl Friston",
          "speech": "What are the next steps beyond that? Right, Well, this actually reverse a bit. Come back to your sort of notion that the brain is a magic soup, but that was actually a very prominent idea at one point. Um notions such as uh Nationalist law of mass action um inherited from the observation that for certain animals if you just took out spoonfuls of the brain, it didn't matter where you took these spoonfuls out, they always show the same kinds of deficit. So it was very difficult to infer functional specialization pure on the basis of lesion deficit studies. Um But once we had the opportunity to look at the brain lighting up and it's it's literally it's sort of excitement, neural uh excitement when looking at this versus that one was able to say yes, indeed, these functionally specialist responses are very restricted and they're here or they're over there, if I do this, then this part of the brain lights up. And that became Doable in the early 90s.",
          "chapter_name": "Brain Functional Integration: From Magic Soup to Deep Structure"
        },
        {
          "speaker": "Lex Fridman",
          "speech": "Um in fact, shortly before, with the advent of positron emission tomography and then functional magnetic resonance imaging came along um in the early 90s. And since that time there has been an explosion of discovery refinement confirmation. You know, there are people who believe that it's all in the anatomy. If you understand the anatomy, then you understand the function at some level? And many, many hypotheses were predicated on a deep understanding of the anatomy and the connectivity, but they were all confirmed and taking much further um with new imaging. So that's what I meant by, we've made an enormous amount of progress in in this century indeed, and in relation to the previous century by looking at these functions selective responses.",
          "chapter_name": "Brain Functional Integration: From Magic Soup to Deep Structure"
        },
        {
          "speaker": "Karl Friston",
          "speech": "But that wasn't the whole story. So there's a sort of near phrenology but finding bumps and hot spots in the brain that did this or that. The bigger question was of course the functional integration, how all of these um regionally specific responses were orchestrated, how they were distributed. How did they relate to distributed processing and indeed representations in the brain. So then you turn to the more challenging issue of the integration, the connectivity. And then we come back to this beautiful sparse recurrent hierarchical connectivity that seems characteristic of the brain and probably not many other organs. And but nevertheless we come back to this uh this challenge of trying to figure out how everything is integrated. But what's your feeling?",
          "chapter_name": "Brain Functional Integration: From Magic Soup to Deep Structure"
        },
        {
          "speaker": "Lex Fridman",
          "speech": "What's the general consensus? Have we moved away from the magic soup view of the brain? So there is a deep structure to it that uh and then maybe further question you said some people believe that the structure is most of it that you can really get at the core of the function by just deeply understanding the structure. Where do you sit on that do you? I think it's called some managed to Yes. Yeah. It's a worthy pursuit of going of of studying through imaging and all the different methods to actually study the structure.",
          "chapter_name": "Brain Functional Integration: From Magic Soup to Deep Structure"
        },
        {
          "speaker": "Karl Friston",
          "speech": "Sorry, I'm just I'm just noting you you you were accusing me of using lots of long words and then you introduced one there which is deep, which is interesting because Deep is the sort of millennial um uh equivalent of hierarchical. So if you put deep in front of anything, you know, you're very millennial, very trending but you're also implying hierarchical architecture . So it is a depth which is for me the beautiful thing. That's right. The war deep kind of, you know exactly. It implies hierarchy. I didn't even think about that , that indeed the implicit meaning of the word deep is a hierarchy. Yeah. So deep inside the onion is the center of your soul beautifully put.",
          "chapter_name": "Brain Functional Integration: From Magic Soup to Deep Structure"
        }
      ]
    },
    {
      "name": "Inside the Human Brain: Imaging Methods and Dynamics",
      "content": [
        {
          "speaker": "Lex Fridman",
          "speech": "Maybe briefly, if you can paint a picture of the kind of methods of neuro imaging, maybe the history which you were a part of, you know, from statistical parametric mapping.",
          "chapter_name": "Inside the Human Brain: Imaging Methods and Dynamics"
        },
        {
          "speaker": "Lex Fridman",
          "speech": "I mean just what what's out there. That's interesting for people who may be outside the field that to understand of what are the actual methodologies of looking inside the human brain. Right? Well, you can answer that question from two perspectives basically. It's the modality. You know, what kind of signal are you measuring and they can range from, let's limit ourselves to sort of imaging based non invasive techniques?",
          "chapter_name": "Inside the Human Brain: Imaging Methods and Dynamics"
        },
        {
          "speaker": "Karl Friston",
          "speech": "So you've essentially got brain scanners and brain scanners can either measure the structural attributes, the amount of water, the amount of fat or the amount of iron in different parts of the brain. And you can make lots of inferences about um the structure of the organ of the sort that you might abdus from an X ray, but you know, a very nuanced X ray that is looking at this kind of property of that kind of property. Uh So looking at the anatomy non invasively is would be the first sort of new imaging that people might want to employ. Then you move on to the kinds of measurements that reflect dynamic function and the most prevalent of those fall into two camps. You've got these metabolic sometimes hemo dynamic blood related signals. So these metabolic um and or human dynamic signals are basic proxies for um elevated activity and message passing and you know, um neuronal dynamics in particular parts of the brain, characteristically though the time constants of these, I am a dynamic or metabolic responses to neural activity are much longer than the neural activity itself. And this is this is referring, forgive me for the dumb questions, but this would be referring to blood like the flow of blood.",
          "chapter_name": "Inside the Human Brain: Imaging Methods and Dynamics"
        },
        {
          "speaker": "Karl Friston",
          "speech": "Absolutely. So there's a ton of, it seems like there's a ton of blood vessels in the brain. So, but what's the interaction between the flow of blood and the function of the new neurons? Is there an interplay there or? Uh and that interplay accounts for several careers of world renowned scientists. Yes, absolutely. So this is known as neurovascular coupling is exactly what you said is how how does the neural activity, the neuronal infrastructure?",
          "chapter_name": "Inside the Human Brain: Imaging Methods and Dynamics"
        },
        {
          "speaker": "Karl Friston",
          "speech": "The actual message passing that we think um um underlies our capacity to perceive and act. How is that coupled to the vascular responses that supply the energy for that neural processing? So there's a delicate web of large vessels, arteries and veins that gets progressively finer and finer in detail until it confuses at a microscopic level. The machinery where little neurons line . So coming back to this sort of onion perspective, we were talking before using the onion as a metaphor for a deep hierarchal structure. But also, I think it's just an anatomical anatomical. Quite a useful metaphor. All the action. All the heavy lifting in terms of neural computation is done on the surface of the brain and then the interior of the brain is constituted by um fatty wires, essentially accidental processes that are enshrouded by myelin sheaths.",
          "chapter_name": "Inside the Human Brain: Imaging Methods and Dynamics"
        },
        {
          "speaker": "Karl Friston",
          "speech": "And these give the, when you dissect them, they look fatty and white. And so it's called white matter as opposed to the actual neuro pill, which does the computation constituted largely by neurons and that's known as gray matter. So the gray matter is a a surface or a skin that sits on top of this big ball. Now we are talking magic soup but it's a big ball of connections like spaghetti very carefully structured with a sparse connectivity that preserves this deep hierarchal structure. But all the action takes place on the surface on the cortex of the onion.",
          "chapter_name": "Inside the Human Brain: Imaging Methods and Dynamics"
        },
        {
          "speaker": "Karl Friston",
          "speech": "Um and that means that you have to supply the right amount of blood flow, the right amount of nutrient which is rapidly absorbed and used by neural cells that don't have the same capacity that your leg muscles would have to um basically spend their energy budget and then claim it back later. Um, so one peculiar thing about cerebral metabolism, Brain metabolism is it really needs to be driven in the moment, which means you basically have to turn on the taps. So, if there's lots of neural activity in one part of the brain, a little patch of a few millimeters, even less, possibly, you really do have to water that piece of the garden now and quickly and that by quickly, I mean within a couple of seconds. So that contains a lot of that. Hence the imaging. I could tell you a story of what's happening. Absolutely. But it is slightly compromised in terms of the resolution.",
          "chapter_name": "Inside the Human Brain: Imaging Methods and Dynamics"
        }
      ]
    },
    {
      "name": "Neuro Imaging: The Catch 22 of Spatial and Temporal Resolution",
      "content": [
        {
          "speaker": "Karl Friston",
          "speech": "So the deployment of these little micro vessels that water the garden to enable the activity to the neural activity to play out the spatial resolution is in order of a few millimeters And crucially the temporal resolution is the order of a few seconds.",
          "chapter_name": "Neuro Imaging: The Catch 22 of Spatial and Temporal Resolution"
        },
        {
          "speaker": "Lex Fridman",
          "speech": "So you can't get right down and dirty into the actual spatial and temporal scale of neural activity in and of itself. To do that. You'd have to turn to the other big imaging modality, which is the recording of electromagnetic signals as they're generated in real time. So here the temporal bandwidth, if you like on the temp, the lower limit on the temple resolution is incredibly small. You're talking about, you know, Dallas seconds, milliseconds. And then you can get into the phase IQ fast responses that is in of itself the neural activity and start to see the succession of cascade of hierarchal recurrent message passing evoked by a particular stimulus.",
          "chapter_name": "Neuro Imaging: The Catch 22 of Spatial and Temporal Resolution"
        },
        {
          "speaker": "Karl Friston",
          "speech": "But the problem is you're looking at electromagnetic signals that have passed through an enormous amount of magic soup or spaghetti of collectivity and through the scalp and the skull. And it's become spatially very diffused. It's very difficult to know where you are. So, you've got this sort of Catch 22, you can either use an imaging modality, it tells you within mm which part of the brain is activated to be there to when or you've got these electromagnetic E g M E G um setups that tell you to within a few milliseconds when something has responded. Be not aware. So you've got these two complementary measures either indirect via the blood flow or direct via the electromagnets signals caused by neural activity. Uh These are the two big imaging devices and then the second level of responding to the question, what are the yeah from the outside. What are the big ways of of using this this this technology? Um So once you've chosen your the kind of neuro imaging they want to use to answer your questions and sometimes it would have to be both.",
          "chapter_name": "Neuro Imaging: The Catch 22 of Spatial and Temporal Resolution"
        },
        {
          "speaker": "Karl Friston",
          "speech": "Um then you've got a whole raft of analyses. Time series analyses usually that you can bring to bear in order to answer your questions or address your hypothesis about those data. And it's interesting that they both fall into the same two camps were talking about before, you know this dialectic between specialization and integration, differentiation and integration . So it's the cartography of the blue biology analyses. I apologize and probably shouldn't interest but just heard a fun word. Uh the blood, the apology, apology. It's a theology is um which means the study of blobs. Nothing. Are you being witty and humorous or is there an actual, does the word apology ever appear in a textbook somewhere?",
          "chapter_name": "Neuro Imaging: The Catch 22 of Spatial and Temporal Resolution"
        }
      ]
    },
    {
      "name": "Brain Imaging: Blobology and the Future of Brain-Computer Interfaces",
      "content": [
        {
          "speaker": "Lex Fridman",
          "speech": "It would appear in a popular book. It would not appear in a worthy specialist journal, but it's the fond word for the study of literally little blobs on brain map showing activations like the kind of thing that you'd see in, you know the newspapers on on abc or BBC reporting the latest finding from brain imaging? Interestingly though the maths involved in that stream of analysis does actually call upon the mathematics of blobs. So seriously, they actually called soil characteristics. And you know, they have a lot of fancy names in mathematics, we'll talk about about your ideas in free energy principle. I mean there's a echoes of blobs there when you consider sort of uh entities, mathematically speaking. Yes, absolutely, yeah.",
          "chapter_name": "Brain Imaging: Blobology and the Future of Brain-Computer Interfaces"
        },
        {
          "speaker": "Karl Friston",
          "speech": "Anyway. Well, circumscribed, well defined you entities of well, from the free energy point of view, entities of anything but from the point of view of the analysis, the cartography of of the brain. Uh These are the entities that constitute the evidence for this functional segregation. You have segregated this function in this blob and it is not outside of the blob. That's basically the if you were a map maker of America. Um and you did not know its structure. The first thing that you're doing constituting or creating a map would be to identify the cities for example, or the mountains and the rivers, all of these uniquely spatially localize double features, possibly topological features have to be placed somewhere because that requires a mathematics to identify what does a set city look like on a satellite image or what does the river look like or what does amount to look like? What would it? Um You know, what data features would it would evidence that that particular top, you know that particular thing that you wanted to put on the map and they normally are characterized in terms of literally these blobs or these sort of another way looking at this is a certain um statistical measure of the degree of activation crosses the threshold and in crossing that threshold uh in the spatially restricted part of the brain, it creates a blob and that's basically what political parametric mapping does.",
          "chapter_name": "Brain Imaging: Blobology and the Future of Brain-Computer Interfaces"
        },
        {
          "speaker": "Karl Friston",
          "speech": "It's basically um mathematically finessed blob ology. Okay, so those, you kind of describe these two methodologies for one is temporarily noise you want especially noisy and you kinda have to play and figure out what what can be useful. Uh It'd be great if you consider comment. I got a chance recently to spend a day at a company called neuralink that uses brain computer interfaces and their dream is to well there's a bunch of sort of dreams, but one of them is to understand the brain by sort of, you know, getting in their past, the so called that a factory while getting in there and be able to listen, communicate both directions. What are your thoughts about this? The future of this kind of technology of brain computer interfaces to be able to now have a have a window or direct contact within the brain to be able to measure some of the signals to be able to send signals, to understand some of the functionality of the brain . Ambivalent.",
          "chapter_name": "Brain Imaging: Blobology and the Future of Brain-Computer Interfaces"
        },
        {
          "speaker": "Karl Friston",
          "speech": "My sense is ambivalent. So it's a mixture of good and bad and I acknowledge that freely. So the good bits if you just look at the legacy of that kind of reciprocal but invasive brain stimulation. I didn't paint a complete picture when I was talking about so the ways we understand the brain prior to your imaging, it wasn't just leave lesion deficit studies. Some of the early work, in fact literally 100 years from where we're sitting at the institution, neurology was done by stimulating the brain of say dogs. I'm looking at how they responded either with them, their muscles or with the salivation and imputing what that part of the brain must be doing that I stimulated then. Yeah.",
          "chapter_name": "Brain Imaging: Blobology and the Future of Brain-Computer Interfaces"
        }
      ]
    },
    {
      "name": "Revolutionizing Brain-Computer Interfacing: Advancements and Limitation",
      "content": [
        {
          "speaker": "Karl Friston",
          "speech": "And I vote this kind of response then that tells me quite a lot about the functional specialization. So there's a long history of brain stimulation which continues to enjoy a lot of attention nowadays. Positive attention. Oh yes, absolutely. Um you know , deep brain stimulation for Parkinson's disease is now a standard treatment and also a wonderful vehicle to try and understand the neuronal dynamics. Underlie movement disorders like Parkinson's disease. Um even interest in transit , magnetic magnetic stimulation stimulated with magnetic fields and will it work in people who are depressed, for example, quite a crude level of understanding what you're doing. But you know, there there is historical evidence that these kinds of brute fought interventions do change things that, you know, it's a little bit like banging the tv but the valves are working properly but it still it works. So uh you know, there is a long history of brain computer interfacing A. B. C. I. Um I think it is a beautiful example of that.",
          "chapter_name": "Revolutionizing Brain-Computer Interfacing: Advancements and Limitation"
        },
        {
          "speaker": "Karl Friston",
          "speech": "It's sort of carved out its own niche in its own aspirations. Uh And they've been enormous advances within limits um advances in terms of our ability to understand how the brain, the embodied brain engages with the world. I'm thinking here of sensory substitution , the augmenting our sensory capacities by giving ourselves extra ways of sensing and sampling the world um ranging from sort of trying to replace lost visual signals through to giving people completely new signals. So uh the well I think most engaging examples of this is equipping people with a sense of magnetic fields. So you can actually give them magnetic sensors that enable them to feel, to say tactile pressure around their tummy where they are in relation to the magnetic field of the earth. And after a few weeks they take it for granted they integrated they and by they assimilate this new sensory information into the way that they literally feel their world. But now equipped with this sense of magnetic dick direction.",
          "chapter_name": "Revolutionizing Brain-Computer Interfacing: Advancements and Limitation"
        },
        {
          "speaker": "Karl Friston",
          "speech": "So that tells you something about the brain's plastic potential to remodel to. Um it's plastic capacity to suddenly trying to explain the sensory data at hand bye augment Ating augmenting the sensory sphere and the kinds of things that you can measure clearly. That's purely for entertainment and understanding that the nature and the power of our brains. I would imagine that most B. C. I. Is pitched at solving um clinical and human problems such as locked in syndrome such as paraplegia or replacing lost um sensory capacities like blindness and deafness. So um then we come to the more I'm the negative part of my on the other side of it. So I yeah I don't want to be deflationary because much of my deflationary comments is probably large out of ignorance than anything else.",
          "chapter_name": "Revolutionizing Brain-Computer Interfacing: Advancements and Limitation"
        }
      ]
    },
    {
      "name": "Brain-Computer Interfacing: The Challenges of Controlling Chaos",
      "content": [
        {
          "speaker": "Lex Fridman",
          "speech": "But uh generally speaking the bandwidth and the bit rates that you get from brain computer interfaces as we currently know them. We're talking about bits per second. So that would be like me um only being able to communicate with any world or with you using very very very slow morse code and it is not in the even within an order of magnitude near what we actually need for an inactive realization of what people aspire to when they think about sort of curing people with paraplegia or replacing site um despite heroic efforts. So one has to ask, is there a lower bound on the kinds of um recurrent information exchange between a brain and some augmented or artificial um um interface. Um and then we come back to interestingly when I was talking about before, which is, you know, if you're talking about function in terms of inference and I presume we'll get to that later on in terms of the free energy principle and the moment they may be fundamental reasons to us united the case. We're talking about ensemble activity we're talking about basically. And for example, let's paint the challenge facing brain computer interfacing in terms of controlling another system that is highly and deeply structured, very relevant to our lives. Very non linear.",
          "chapter_name": "Brain-Computer Interfacing: The Challenges of Controlling Chaos"
        },
        {
          "speaker": "Lex Fridman",
          "speech": "That rests upon the kind of non equilibrium steady states and dynamics that the brain does the weather . All right, so good example, imagine you had some very aggressive satellites that could produce signals that could perturb some little parts of the, of the weather system. And then what you're asking now is, can I meaningfully get into the weather and change it meaningfully and make the weather respond in a way that I want it to your talking about chaos control on a scale which is almost unimaginable. So there may be fundamental reasons why BC as you might read about it in a science fiction novel, Aspirational BC may never actually work in the sense that to really be integrated and be part of the system. Um, isn't a requirement that requires you to have evolved with that system that you you have to be part of are very delicately structured, deeply structured dynamic ensemble activity that is not like rewiring a broken computer or plugging in a peripheral interface adapter. It is much more like getting into the weather patterns or come back to your magic soup is getting into the active matter and meaningfully relate that to the outside world. So I think there are enormous challenges there.",
          "chapter_name": "Brain-Computer Interfacing: The Challenges of Controlling Chaos"
        },
        {
          "speaker": "Karl Friston",
          "speech": "So I think, uh, the example of the weather is a brilliant one and I think you paint a really interesting picture and it wasn't as negative as I thought . It's essentially saying that it might be incredibly challenging, including the lower bound of the bandwidth and so on. I kind of so just to full disclosure, I come from the machine learning world.",
          "chapter_name": "Brain-Computer Interfacing: The Challenges of Controlling Chaos"
        },
        {
          "speaker": "Karl Friston",
          "speech": "So my natural thought is the hardest part is the engineering challenge of controlling the weather, of getting those satellites up and running and and so on. And once they are , then the rest is a fundamentally uh, the same approaches that allow you to be to win the game of go will allow you to potentially play in this soup in this chaos. So I have, I've ever hoped that sort of machine learning methods will, will help us play in this soup. But perhaps you're right that it is a biology and the brain is just an incredible, incredible system that may be almost impossible to get in. But for for me, what seems impossible is is the incredible mess of blood vessels that you also described without. You know, we also value the brain.",
          "chapter_name": "Brain-Computer Interfacing: The Challenges of Controlling Chaos"
        },
        {
          "speaker": "Lex Fridman",
          "speech": "You can't make any mistakes, you can't damage things . So to me that engineering challenge, it seems nearly impossible. One of the things I was really impressed by at neuralink is just just talking to brilliant neurosurgeons and the roboticists , that it made me realize that even though it seems impossible if anyone can do it, it's some of these world class engineers that are trying to take it on. So um so I think the conclusion of our discussion here is of this part is basically that the problem is really hard, but hopefully not impossible. Absolutely. So if it's okay, let's start with the basics.",
          "chapter_name": "Brain-Computer Interfacing: The Challenges of Controlling Chaos"
        }
      ]
    },
    {
      "name": "Existential Optimization: The Free Energy Principle",
      "content": [
        {
          "speaker": "Karl Friston",
          "speech": "So you've also formulated a fascinating principle of the free energy principle. Can we maybe start at the basics? And what is the free energy principle? Well, in fact, the free energy principle inherits a lot from the building of these data analytic approaches to these very high dimensional time, soon as you get from the brain. So I think it's interesting to acknowledge that and in particular the analysis tools that try to address the other side, which is a functional integration and the connectivity analyses um on the one hand, but I should also acknowledge it inherits an awful lot from machine learning as well. Uh so, uh the free energy principle um is just a formal statement that the um the existential imperative for any system that manages to survive in a changing world is can be cast as um an influence problem in the sense that you can interpret the probability of existing as the evidence that you exist and if you can write down that problem of existence as a statistical problem that you can use all the maths that has been developed for inference to understand and characteristics the ensemble dynamics, that must be in play in the service of that inference. So technically what that means is you can always interpret anything that exists in virtue of being separate from environment in which it exists as trying to minimize variation of free energy. And if you're from the machine learning community, you will know that as a negative evidence, lower bound or a negative elbow, um which is the same as saying you're trying to maximize or it will look as if all your dynamics are trying to maximize the complement of that, which is the marginal likelihood or the evidence for your own existence. So that's basically that , you know that the free energy principle, but even take a sort of a small step backwards, you said the existential imperative . There's a lot of beautiful poetic words here.",
          "chapter_name": "Existential Optimization: The Free Energy Principle"
        },
        {
          "speaker": "Karl Friston",
          "speech": "But to put it crudely, it's a it's a it's a fascinating idea of basically just of trying to describe if you're looking at a blob, how do you know, this thing is alive? What does it mean to be alive? What does it mean to be to exist? And so you can look at the brain, you can look at parts of the brain or you this is just the general principle that applies to almost any any system that's just a fascinating sort of philosophically at every level question and the methodology to try to answer that question, What does it mean to be alive? So that that's a huge endeavor. And it's nice that there's at least some from some perspective, a clean answer . Maybe.",
          "chapter_name": "Existential Optimization: The Free Energy Principle"
        },
        {
          "speaker": "Karl Friston",
          "speech": "Can you talk about that optimization view of it? So what what's trying to be minimized and maximized a system that's alive? What is it trying to minimize? You've you've made a big move. Their first apologize. Good to make big moves. Um uh but you've assumed that the things, the thing exists before the in a state that could be living or non living.",
          "chapter_name": "Existential Optimization: The Free Energy Principle"
        },
        {
          "speaker": "Karl Friston",
          "speech": "So I may ask you what licenses you to say that something exists. That's why I use the word existential, it's beyond living. It's just existence. So if you drill down onto the definition of things that exist, then they have certain properties. If you borrow the maths from non equilibrium steady state physics that enable you to interpret their existence. Um in terms of this optimization procedure.",
          "chapter_name": "Existential Optimization: The Free Energy Principle"
        },
        {
          "speaker": "Karl Friston",
          "speech": "So it's good you introduce the word optimization . So, um what the free energy principle in its sort of most ambitious but also most deflationary and simplest says, is that if something exists, then it must by the mathematics of non equilibrium steady state exhibit properties that make it look as if it is optimizing a particular quantity and it turns out that particular quantity happens to be exactly the same as the evidence. Lower bound in machine learning or Bazian model evidence in Beijing statistics or and then I can list a whole other, you know, list of ways of understanding this? This this key quantity which is a bound on on surprise als self information. If your information theory there are whole um there are a number of different perspectives on this continent. Just basically the log probability of being in a particular state. I'm telling this story as an honest attempt to answer your question.",
          "chapter_name": "Existential Optimization: The Free Energy Principle"
        },
        {
          "speaker": "Karl Friston",
          "speech": "Um And I'm answering it as as if I was pretending to be a physicist who was trying to understand the fundamentals of non equilibrium um steady state. Um and I shouldn't really be doing that because the last time I I was taught physics, I was in my 20's. What kind of systems when you think about the free energy principle? What kind of systems are you imagining as a sort of more specific kind of case study? Uh I'm imagining a range of systems but at its simplest a seen a single celled organism that can be identified from its echo in asia its environment. So um at its simplest that that's basically what I always imagined in my head. And you may ask, well, is there any, how on earth can you even elaborate questions about the existence of a single a single drop of oil?",
          "chapter_name": "Existential Optimization: The Free Energy Principle"
        }
      ]
    },
    {
      "name": "The Existence of Oil Drop and Heat Bath: A Physicist's Perspective",
      "content": [
        {
          "speaker": "Lex Fridman",
          "speech": "For example , what? But there are d questions there. Why doesn't the oil?",
          "chapter_name": "The Existence of Oil Drop and Heat Bath: A Physicist's Perspective"
        },
        {
          "speaker": "Lex Fridman",
          "speech": "Why doesn't the thing? The interface between the drop of oil that contains an interior and the thing that is not the drop of oil, which is the solvent in which it is immersed, How does that interface persist over time? Why doesn't the oil just dissolve into solvent? Um So what special properties of the exchange between the surface of the oil drop and the external states in which it is immersed? If you're physicists say it would be the heat bath, you've got a you've got a physical system of an ensemble. Again, we talk about tensor dynamics, ensemble, dynamics, an ensemble of atoms or molecules immersed in the heat path. But the question is, how did the heat bath get there?",
          "chapter_name": "The Existence of Oil Drop and Heat Bath: A Physicist's Perspective"
        },
        {
          "speaker": "Lex Fridman",
          "speech": "And why is it not dissolve while maintaining itself exactly what actions? I mean, it's such a fascinating idea of a drop of oil and I guess it would solve the water, it wouldn't dissolve in water. So what precisely? So why not? Why not? And how do you mathematically describe? I mean , it's such a beautiful idea.",
          "chapter_name": "The Existence of Oil Drop and Heat Bath: A Physicist's Perspective"
        },
        {
          "speaker": "Karl Friston",
          "speech": "And also the idea of like where does the thing, where does the drop of oil and and where does it begin? Right. So, I mean, you're asking the questions deep in in a non millennial sense, uh what you can do is so this is a deflationary part of it. Can I just qualify my answer by saying that normally when I'm asked this question, I answer from the point of view of a psychologist, we talked about predictive processing and pretty coding and, you know, the brain is an inference machine but you haven't asked me from that perspective I'm answering from the point of view, the physicist. So, you know, the question is not so much why, but if it exists, what properties must it display? So that's the deflationary part of the 303 100 principle does not supply an answer as to why it's saying if something exists, then it must display these properties. That's that's the you know, the sort of the thing that's on offer.",
          "chapter_name": "The Existence of Oil Drop and Heat Bath: A Physicist's Perspective"
        },
        {
          "speaker": "Karl Friston",
          "speech": "And it so happens that these properties it must display actually intriguing and have this um inferential gloss. This this this this sort of self evidencing gloss that inherits on the fact that the very preservation of the boundary between the oil drop and the knot oil drop requires an optimization of a particular function or a functional um That's the that defines the presence of the existence of this older. Which is why I started with existential imperatives. It is it is a necessary condition for existence that this must occur. Because the thing the boundary basically defines the thing that's that's existing. So it is that self assembly aspect, it's that um that you were hinting at um in biology sometimes known as auto piu ISIS um in computational chemistry with self assembly, it's the uh",
          "chapter_name": "The Existence of Oil Drop and Heat Bath: A Physicist's Perspective"
        }
      ]
    },
    {
      "name": "Existential Computational Chemistry: Emergence of Form & Free Energy Minima",
      "content": [
        {
          "speaker": "Lex Fridman",
          "speech": "what what does it look like? How would you describe things that configure themselves out of nothing where they clearly demarcate themselves from the states or the soup in which they are immersed . Um so from the point of view of computational chemistry, for example, you would just understand that as a configuration of a macular molecule to minimize its free energy, Its thermodynamic free energy. It's exactly the same principle that we've been talking about. That thermodynamic free energy is just the negative elbow. It's the same mathematical construct. So the very emergence of existence of structure of form that can be distinguished from the environment or the thing that is not the thing um uh necessitates the the existence of an objective function that it looks as if it is minimizing its finding a free energy minima. And so just to clarify, I'm trying to wrap my head around.",
          "chapter_name": "Existential Computational Chemistry: Emergence of Form & Free Energy Minima"
        },
        {
          "speaker": "Karl Friston",
          "speech": "So the free energy principle says that if something exists these are the properties should display. So what what that means is we can't just look , you can't just go into a soup and there's no mechanism. Free energy principle doesn't give us a mechanism to find the things that exist. Is that what what's implying is being applied that you can kind of uh use it to reason to think about like study a particular system and say does this exhibit these qualities? Uh That's an excellent question. Um but to answer that I'd have to I have to return to your previous question about what's the difference between living and non living things? Uh Yes , it was actually.",
          "chapter_name": "Existential Computational Chemistry: Emergence of Form & Free Energy Minima"
        },
        {
          "speaker": "Karl Friston",
          "speech": "Sorry. So yeah, maybe we can go that you kind of drew a line and and forgive me for the stupid questions, but you kind of draw a line between living and existing.",
          "chapter_name": "Existential Computational Chemistry: Emergence of Form & Free Energy Minima"
        },
        {
          "speaker": "Karl Friston",
          "speech": "Is there an interesting sort of distinction distinction? But yeah, I think there is. Um So um you know, things do exist, grains of sand, rocks on the moon trees. Um You uh so all of these things can be separated from the environment in which they are immersed and therefore they must at some level be optimizing um They're free energy . Um Taking this sort of um model evidence, interpretation of this quantity that basically means their self. Evidencing another nice little twist of phrase here is that you are your own existence proof. You know, statistically speaking, which I don't think I said that somebody did. But I love that phrase.",
          "chapter_name": "Existential Computational Chemistry: Emergence of Form & Free Energy Minima"
        },
        {
          "speaker": "Karl Friston",
          "speech": "Um You are your own existence proof. So it's so existential, isn't it? Is uh I don't have to think about that for a few days. Uh Yeah, it's a beauty. That's a beautiful line. So the the step through to answer your question about, you know, what's it good for it go along the following lines. First of all, you have to define what it means to exist. Which as you rightly pointed out, you have to define what probabilistic properties must the states of something possessed. So that it has.",
          "chapter_name": "Existential Computational Chemistry: Emergence of Form & Free Energy Minima"
        },
        {
          "speaker": "Lex Fridman",
          "speech": "So it knows where it finishes. And then you write that down in terms of statistical independence is again, Spar City. Again, it's not what's connected and what's correlated or what depends upon what it's what's not correlated and what doesn't depend upon something. Again, it comes down to the deep structures, not in this is this hierarchy, but the structures that emerge from removing connectivity and dependency. And in this instance, basically being able to identify the surface of the oil drop from the water in which it is immersed. And when you do that, you start to realize, well, there are actually four kinds of states in any given universe that contains anything . The things that are internal to the surface, the things that are external to the surface and the surface in and of itself, which is why I use the metaphor, a little single celled organism that has an interior and exterior and then the surface of the cell. And that's mathematically a Markov blanket.",
          "chapter_name": "Existential Computational Chemistry: Emergence of Form & Free Energy Minima"
        },
        {
          "speaker": "Karl Friston",
          "speech": "Just to pause.",
          "chapter_name": "Existential Computational Chemistry: Emergence of Form & Free Energy Minima"
        }
      ]
    },
    {
      "name": "The Autonomous Oil Drop: Exploring Markov Blankets and Autonomous State",
      "content": [
        {
          "speaker": "Karl Friston",
          "speech": "I mean, all of this concept that there is this stuff outside the surface stuff inside the surface and the surface itself. The Markov blanket, it's just uh the most beautiful kind of notion about trying to explore what it means to exist mathematically. I apologize, it's just that this is a beautiful idea that came out of California . So, I changed my mind, I take it all that. Uh So, anyway, so, what you were just talking about the surface about the market. So this surface or this blanket, this blanket states that are, you know, the the um because they are now defined in relation to uh these uh independence is and what what what different states, Internal or blanket or external states can, which ones can influence each other and which cannot influence each other.",
          "chapter_name": "The Autonomous Oil Drop: Exploring Markov Blankets and Autonomous State"
        },
        {
          "speaker": "Karl Friston",
          "speech": "You can now apply standard results that you would find in non equilibrium physics or steady state or thermodynamics or hydrodynamics, um usually out of equilibrium solutions and apply them to this partition. And what it looks like as if all the norman normal gradient flows that you would associate with any non equilibrium system apply in such a way that two part of the mark of blanket and the internal States seem to be hill climbing or doing a great in dissent on the same quantity. And that means that you can now describe the very existence of this oil drop. You can write down the existence of this old up in terms of flows dynamics equations of motion, where the blanket states or part of them, we call them active States. And the internal states now seem to be a must B. Trying to look as if they're minimizing the same function, which is a lot of probability of occupying this these states. The interesting thing is that what would they be called if you were trying to describe these things. So, what we're talking about our internal States.",
          "chapter_name": "The Autonomous Oil Drop: Exploring Markov Blankets and Autonomous State"
        },
        {
          "speaker": "Karl Friston",
          "speech": "External States and blanket states. Now let's carve the blanket states into two century states and Active States operationally , it has to be the case that in order for this, carving up into different sets of States to exist. The Active States, the Markov blanket cannot be influenced by the External States. And we already know that the Internal States can't be influenced by the external States because the blanket separates them . So what does that mean? It means the Active States, the Internal States are now jointly not influenced by external states. They only have autonomous dynamics.",
          "chapter_name": "The Autonomous Oil Drop: Exploring Markov Blankets and Autonomous State"
        },
        {
          "speaker": "Karl Friston",
          "speech": "So now you've got a picture of an oil drop that has autonomy. It has autonomous states, it has autonomous states in the sense that there must be some parts of the surface of the old job that are not influenced by the external States and all the interior and together, those two states endow even a little oil job with autonomous states that look as if they are optimizing there are variations of free energy or their negative elbow, um, their model evidence. And that would be an interesting intellectual exercise. And you could say you could even go into the realms of Panpsychism that everything that exists is implicitly making inferences on self evidencing? Now we make the next move. But what about living things.",
          "chapter_name": "The Autonomous Oil Drop: Exploring Markov Blankets and Autonomous State"
        }
      ]
    },
    {
      "name": "The Living Oil Drop: Movement and Autonomy",
      "content": [
        {
          "speaker": "Karl Friston",
          "speech": "So let me ask you, what's the difference between an oil drop and a little tadpole or a little larva or plankton?",
          "chapter_name": "The Living Oil Drop: Movement and Autonomy"
        },
        {
          "speaker": "Karl Friston",
          "speech": "The picture was just painted of an oil drop just immediately in a matter of minutes took me into the world of Panpsychism where you you just convinced me made me feel like an old drop is a living, certainly an autonomous system, but almost the living system. So as a capability, sensor capabilities and acting capabilities and it maintains something. So what is the difference between that and um, something that we traditionally think of as a living system that it could die or you can't, I mean, yeah, mortality. I'm not, I'm not exactly sure. I'm not sure what the right answer there is because they can move like movement seems like an essential element to being able to act in the environment. But the oil drop is doing that. So I don't know. The mall drop will be moved, but does it in and of itself move autonomously?",
          "chapter_name": "The Living Oil Drop: Movement and Autonomy"
        },
        {
          "speaker": "Karl Friston",
          "speech": "Well, it well, the surface is performing actions that maintain its structure. You're being too clever. I was a passive little oil drop that is sitting there, you know, uh at the bottom of the top of a glass of Sure. I guess what I'm trying to say is you're absolutely right, you've, you've nailed it, it's movement. So where does that movement come from? If it comes from the inside then then you've got, I think something that's living, What do you mean from the inside . What I mean? Is that the internal states that can influence?",
          "chapter_name": "The Living Oil Drop: Movement and Autonomy"
        },
        {
          "speaker": "Lex Fridman",
          "speech": "The active States where the active states can influence , but they're not influenced by the external states can cause movement. So there are two types of oil drops, if you like. There are oil drops where the internal states are so what random that they average themselves away. And the thing cannot on balance. On average, when you do the averaging move. So a nice example of that would be the sun.",
          "chapter_name": "The Living Oil Drop: Movement and Autonomy"
        },
        {
          "speaker": "Karl Friston",
          "speech": "The sun certainly has internal states . There's lots of intrinsic autonomous activity going on. But because it's not coordinate because it doesn't have the deep in the millennial sense of hierarchical structure that the brain does. There is no overall mode or pattern or organization that expresses itself on the surface that allows it to actually swim. It can certainly have a very active surface but on mass at the scale of the actual surface of the sun, the average position of that surface cannot in itself move. Because the internal dynamics are more like a hot gas.",
          "chapter_name": "The Living Oil Drop: Movement and Autonomy"
        },
        {
          "speaker": "Karl Friston",
          "speech": "They are literally like a hot gas. Whereas your internal dynamics are much more structured and deeply structured. And now you can express on your mark of and your active states with your muscles and your secretary organs, your autonomic nervous system and its defectors, you can actually move mm And that's all you can do. And that's something which you know, if you haven't thought of it like this before . I think it's nice just realize there is no other way that you can change the universe other than simply moving.",
          "chapter_name": "The Living Oil Drop: Movement and Autonomy"
        }
      ]
    },
    {
      "name": "Movement and Consciousness: A Theoretical Exploration",
      "content": [
        {
          "speaker": "Lex Fridman",
          "speech": "Whether that movement is articulating my with my voice box or walking around or squeezing juices out of my security organs. There's only one way you can change the universe, it's moving and and the fact that you do so non randomly makes you alive. Yeah.",
          "chapter_name": "Movement and Consciousness: A Theoretical Exploration"
        },
        {
          "speaker": "Karl Friston",
          "speech": "So it's that non randomness. So that's so it's uh and that would be manifested. We realized in terms of essentially swimming, essentially moving, changing one shape and more for genesis that is dynamic and possibly adaptive. Um So that that's what I was trying to get out between the difference from the oil drop and the little tadpole. The tadpole is moving around. It's active states are actually changing the external states. And there's now a cycle and action perception cycle, if you like. A recurrent dynamic that's going on, that depends upon this deeply structured autonomous behavior that rests upon internal dynamics. That are not only modeling the data impressed upon their surface or the blanket states, but they are actively re sampling those data by moving their moving towards chemical chemical gradients in chemo taxes. Um So they've gone beyond just being good little models of the kind of world they live in, for example.",
          "chapter_name": "Movement and Consciousness: A Theoretical Exploration"
        },
        {
          "speaker": "Karl Friston",
          "speech": "Um An oil droplet could, in a pan psychic sense, be construed as a little being that has now perfectly inferred. It's a passive, non living oil drop living in a bowl of water. No problem. Yeah, but to now equipped that oil drop with the ability to go out and test that hypothesis about different states of being. So you can actually push its surface over there over there and test for chemical gradients or then you start to move too much more lifelike form. This is all fun theoretically interesting.",
          "chapter_name": "Movement and Consciousness: A Theoretical Exploration"
        },
        {
          "speaker": "Karl Friston",
          "speech": "But it actually is quite important in terms of reflecting what I have seen since the turn of the millennium um which is just move towards an inactive and embodied understanding of intelligence. Um And you say you're from machine learning. Um So what that means this this sort of the central importance of movement I think has yet to really hit machine learning. It certainly has now um Diffused itself throughout robotics. And perhaps you could say certain problems in active vision where you actually have to move the camera to sample this and that. But machine learning of the data mining deep learning saw simply hasn't contended with this issue.",
          "chapter_name": "Movement and Consciousness: A Theoretical Exploration"
        },
        {
          "speaker": "Karl Friston",
          "speech": "What it's done instead of dealing with the movement problem and the active sampling of data, it's just said we don't need to worry about, we can see all the data because we've got big data so we ignore movement. So that for me is you know, an important omission in current machine learning. Machine learning is much more like the oil drop. Yes, but an oil drop that enjoys uh exposure to nearly all the data you need to be exposed as opposed to the tadpoles swimming out to find the right data for example, it likes food. Um That's a good hypothesis, tests down. Let's go and move and um ingest food for example and see what that is. That evidence that I'm the kind of thing that likes this kind of food. So the next natural question and forgive this question.",
          "chapter_name": "Movement and Consciousness: A Theoretical Exploration"
        },
        {
          "speaker": "Karl Friston",
          "speech": "But if we think of sort of even artificial intelligence systems which had just painted a beautiful picture of existence and life, So do you uh do you ascribe do you find within this framework of possibility of defining consciousness or exploring the idea of consciousness? Like what you know, self awareness and uh expanded to consciousness? Like Yeah. How can we how can we start to think about consciousness within this framework? Is it possible? Well, yeah, I think it's possible to think about it whether you get anywhere. Uh Again, I'm not sure that I'm licensed to answer that question .",
          "chapter_name": "Movement and Consciousness: A Theoretical Exploration"
        },
        {
          "speaker": "Karl Friston",
          "speech": "You I think you'd have to speak to a qualified philosopher to get a definitive answer that, but certainly there's a lot of interest in using not just these ideas but related ideas from information theory to try and tie down the the maths and the calculus and the geometry of consciousness either in terms of um sort of a minimal consciousness. Uh and I even less than a minimal selfhood. And what I'm talking about is um the ability effectively to plan, so have agency. Um so you could argue that a virus um it does have a form of agency in in virtue of the way that it selectively finds hosts and cells to live in and moves around? Um But you wouldn't endowed with the capacity to think about planning and um moving in a purposeful way where it countenances the future. Whereas you might amount you might think announce not quite as unconscious as a virus, it certainly seems to have a purpose. It talks to its friends on route during its foraging.",
          "chapter_name": "Movement and Consciousness: A Theoretical Exploration"
        },
        {
          "speaker": "Karl Friston",
          "speech": "Uh It has a different kind of autonomy which is Diaa tick but beyond a virus. So there's something about so there's some line that has to do with the complexity of planning that may contain an answer. I mean it would be beautiful if if we can find a line beyond which you can see a being is conscious. Yes, it will be. These are wonderful lines that we've drawn with existence, life and consciousness. Yes. Um It will be very nice one little wrinkle there and this is something I've only learned in the past few months is the notion the philosophical notion of vagueness.",
          "chapter_name": "Movement and Consciousness: A Theoretical Exploration"
        },
        {
          "speaker": "Karl Friston",
          "speech": "So you're saying it would be wonderful to draw a line. And I had always assumed that that line at some point would be drawn um until about four months ago. And the philosopher taught me about vagueness. So I don't if you come across this, but it's a technical concept and I think most revealingly illustrated with at what point does a pile of sand become a pile? Is it one grain, two grains, three grains or four grains . So at what point would you draw the line between being a pile of sand and a collection of uh sand grains of sand in the same way? Is it right to ask, where would I draw the line between conscious and unconscious? And it might be a vague concept. Having said that, I agree with you entirely. Systems that have the ability to plan.",
          "chapter_name": "Movement and Consciousness: A Theoretical Exploration"
        }
      ]
    },
    {
      "name": "Self-Aware Consciousness: The Free Energy Principle and Complex Planning",
      "content": [
        {
          "speaker": "Karl Friston",
          "speech": "So, just technically what that means is um your um your inferential self Evidencing, by which I simply mean the dynamics, literally the thermodynamics and gradient flows that underwrite the preservation of your oil droplet like form are described as a can you describe an optimization of log Beijing model, evidence, your elbow. Um That self evidencing must be evidence for a model of what's causing the sensory impressions on the sensory part of your surface, or your Markov blanket? If that model is capable of planning, it must include a model of the future consequences of your active states or your action. Just planning. So, we're now in the game of planning, is inference. Now notice what we've made that we've made quite a big move away from big data and machine learning because again, it's the consequences of moving, it's a consequence of selecting those data or those data or looking over there and the that tells you immediately that even to be a contender for a conscious artifact or a as its strong ai or general um then you've got to have movement in the game and furthermore you've got to have a generative model of the sort you might find in say a variation autoencoder that is thinking about the future conditioned upon different courses of action.",
          "chapter_name": "Self-Aware Consciousness: The Free Energy Principle and Complex Planning"
        },
        {
          "speaker": "Karl Friston",
          "speech": "That brings a number of things to the table which which now you start thinking about those who got all the right ingredients. Talk about consciousness, I've now got to select among a number of different courses of action into the future as part of planning. I've got free will the act of selecting this course of action on that policy or that policy or that action suddenly makes me into an inference machine, a self evidencing artifact that now looks as if it's selecting amongst different alternative ways forward as I actively swim here or swim there or look over here , look over there. So I think you've now got to a situation if there is planning in the mix, you're now getting much closer to that line. If that line were ever to exist. I don't think it gets you quite as far as self aware though.",
          "chapter_name": "Self-Aware Consciousness: The Free Energy Principle and Complex Planning"
        },
        {
          "speaker": "Karl Friston",
          "speech": "Um I think you and then you're you you have to, I think grapple with the question, how would formally write down a countless or maths of self awareness. I don't think it's impossible to do. Um um But I think you, would there be pressure on you to actually commit to a formal definition, what you mean by self awareness. I think most people that I know would probably said that a goldfish, a pet fish was not self aware. They would probably argue about their favorite cat uh but would be quite happy to say that their mom was self aware, so right, But that might very well connected to some level of complexity with planning. It seems like self awareness is essential for complex planning. Yeah.",
          "chapter_name": "Self-Aware Consciousness: The Free Energy Principle and Complex Planning"
        },
        {
          "speaker": "Karl Friston",
          "speech": "You want to take that further, but I think you're absolutely right. Again , the line is unclear, but it seems like integrating yourself into the world into your into your planning is essential for constructing complex plans. Yes, so I'm mathematically describing that in the same elegant way as you have with the free energy principle might be difficult. Well, yes and no, I don't think that. Well, perhaps we should just can we just go back? But you know, that's a very important answer you gave. And I think if I just unpacked it, your you'd see the truisms that you've just you've just exposed for. Uh But let me sorry, I'm mindful that I didn't answer your question before. Well, you know, what's the free energy principle?",
          "chapter_name": "Self-Aware Consciousness: The Free Energy Principle and Complex Planning"
        },
        {
          "speaker": "Karl Friston",
          "speech": "Good for? Is it just a pretty theoretical exercise to explain non equilibrium steady state? Yes, it is. Um It does nothing more for you than that. It can be regarded. Its very arrogant, but you know, it is of the sort of theory of natural selection or a hypothesis of natural selection . Beautiful, undeniably true.",
          "chapter_name": "Self-Aware Consciousness: The Free Energy Principle and Complex Planning"
        },
        {
          "speaker": "Karl Friston",
          "speech": "But tells you absolutely nothing about why you have legs and eyes and you know it tells you nothing about the actual phenotype and it wouldn't allow you to build something. So the free energy principle by itself is as vacuous as most tautological theories. And by tautological of course I'm talking to the you know the theory of natural the survival of the fittest. What's the fittest survive while the cycles the fitter it disco rounded circles. A sense of free energy principle has that same Yeah deflationary tautology under you know under the hood it's you know it's you know it's a characteristic of things that exist why they exist because they minimize their for energy while I mean if I minimize their for energy because they exist and just keep on going around around around. Yeah. The what the practical thing which you don't get from natural selection but you could say has now manifesting things like differential evolution or genetic algorithms and M. C. M. C. For example in machine learning, the practical thing you can get is if it looks as if things that exist are trying to have density dynamics that look as though they're optimizing a variation of free energy and the variation of free energy has to be a functional of a generative model probabilistic description of causes and consequences causes out there consequences in the sensory um on the sensory parts of the Markov blanket.",
          "chapter_name": "Self-Aware Consciousness: The Free Energy Principle and Complex Planning"
        }
      ]
    },
    {
      "name": "Self-Awareness: The Generative Model Approach",
      "content": [
        {
          "speaker": "Lex Fridman",
          "speech": "Then it should in theory impossible to write down the general model workout the gradients and then cause it to autonomously self evidence. So you should be able to write down oil droplets, you should have to create artifacts where you have supplied the objective function that supplies the gradients that supplies the self organizing dynamics to non equilibrium steady state. So there is actually a practical application the free energy principle, when you can write down your required evidence in terms of well, when you can write down the charity model, that is the thing that has the evidence, the probability of these sensory data or this data, given that given that model is effectively the thing that the elbow of the variation for energy bounds or approximates. That means that you can actually write down the model and the kind of thing that you want to engineer. The kind of AGI artificial general intelligence um that you want to manifest. Probabilistic lee and then you engineer a lot of hard work but you would engineer a robot and a computer to perform a great in dissent on that objective function. So it does have a practical implication now, why am I wittering on about that?",
          "chapter_name": "Self-Awareness: The Generative Model Approach"
        },
        {
          "speaker": "Karl Friston",
          "speech": "It did seem relevant to. Yes. So um what kinds of. So the answer to that ? Would it be easier to be hard? Well, mathematically, it's easy, I've just told you, all you need to do is write down your perfect um artifact, probabilistic lee in the form of probabilistic, jointly model probability distribution over the causes and consequences of the world in which this thing is immersed. And then you just engineer a computer and a robot to perform a great inter sent on that objective function. No problem.",
          "chapter_name": "Self-Awareness: The Generative Model Approach"
        },
        {
          "speaker": "Karl Friston",
          "speech": "But of course the big problem is writing down the charity model. So that's where the heavy lifting comes in. So it's it's the form and the structure of that guarantee model which basically defines the artifact that you will create or indeed the kind of artifact that has self awareness. So that's where all the hard work comes very much like natural selection doesn't tell you in the slightest why you have eyes. So you have to drill down on the actual feelings about the actual generative model. So with that in mind, what did you tell me that tells me immediately the kinds of generative models I would have to write down in order to have self awareness. What you said to me was I have to have a model that is effectively fit for purpose for this kind of world in which I operate.",
          "chapter_name": "Self-Awareness: The Generative Model Approach"
        },
        {
          "speaker": "Karl Friston",
          "speech": "And if I now make the observation that this kind of world is effectively largely populated by other things like me. Are you then it makes enormous sense that if I can develop a hypothesis that we are similar kinds of creatures. In fact the same kind of creature. But I am me and you are you, then it becomes a game mandated to have a sense of self. So if I live in a world that is constituted by things like me, basically a social world of community, then it becomes necessary now for me to in further it's me talking and not you talking. I wouldn't need that if it's on mars by myself or if I was in the jungle as a feral child, if there was nothing like it, there's nothing like me around. There would be no need to have an inference. That hypothesis. Ah yes, it",
          "chapter_name": "Self-Awareness: The Generative Model Approach"
        }
      ]
    }
  ]
}