{
  "speakers": [
    "Lex Fridman",
    "Bjarne Stroustrup"
  ],
  "episode_name": "bjarne-stroustrup-c",
  "chapters": [
    {
      "name": "C Plus Plus: The Language That Shapes Our World",
      "content": [
        {
          "speaker": "Lex Fridman",
          "speech": "the following is a conversation with Bjarne Charles stroke, he is the creator of C Plus plus programming language that after 40 years is still one of the most popular and powerful languages in the world? Its focus on fast, stable robust code underlies many of the biggest systems in the world that we have come to rely on as a society. If you're watching this on youtube for example, many of the critical backhand components of Youtube are written in C plus plus. Same goes for google facebook, amazon twitter, most Microsoft applications, adobe applications, most database systems and most physical systems that operate in the real world like cars, robots, rockets that launch us into space and one day will land us on mars C plus plus also happens to be the language that I used more than any other in my life. I've written several 100,000 lines of C plus plus source code of course, lines of source code don't mean much but they do give hints of my personal journey through the world of software. I've enjoyed watching the development of C Plus plus is a programming language leading up to the big update in a standard in 2011 and those that followed in 14 17 and toward the new C plus plus 20 standard, hopefully coming out next year. This is the artificial intelligence podcast. If you enjoy it, subscribe on youtube give it five stars in Itunes supported on patreon are simply connect with me on twitter elects Friedman spelled F R I D M A N and now here's my conversation with Bjorn stroke stroke The first program you've ever written. Do you remember it was my second year in university, first year of computer science",
          "chapter_name": "C Plus Plus: The Language That Shapes Our World"
        },
        {
          "speaker": "Bjarne Stroustrup",
          "speech": "And it was an elk or 60. I calculated the shape of super lips and then connected points on the, on the perimeter creating star patterns. It was with with with wedding on paper printer and that was in college university. Yeah. I learned to program the 2nd Year University. And what was the first programming language if I may ask it this way that you fell in love with.",
          "chapter_name": "C Plus Plus: The Language That Shapes Our World"
        },
        {
          "speaker": "Bjarne Stroustrup",
          "speech": "I I think I'll call 60 and after that I remember I am the snowboard. I remember FORTRAN didn't fall in love with that . I remember pascal didn't fall in love with that. It always gotten away of me . Uh and then I just covered a simpler and that was much more fun.",
          "chapter_name": "C Plus Plus: The Language That Shapes Our World"
        },
        {
          "speaker": "Bjarne Stroustrup",
          "speech": "And from there I went to micro micro code. So you were drawn to the, you found the low level stuff beautiful. I went through a lot of languages and then I spent significant time in assembler and microscope that was sort of the first really profitable things and I paid for my master's actually and then I discovered similar which was absolutely great. Similar. Similar was the extension of algal 60 done primarily for simulation but basically they invented object oriented programming and inheritance and runtime polymorphism when they were while they were doing it and that was the language that taught me that you could have the sort of the problems of a program grow with the size of the program row and with the square of the size of the program that is you can actually module arise very nicely. And that that that was a surprise to me.",
          "chapter_name": "C Plus Plus: The Language That Shapes Our World"
        },
        {
          "speaker": "Bjarne Stroustrup",
          "speech": "It was also a surprise to me that a stricter type system than pascal's was helpful. Whereas pascal's type system got my way all the time. So you need a strong type system to organize your code well, which has to be extensible and flexible. Let's get into the details a little bit. What kind if you remember, what kind of type system did pascal have? What type system typing system did the alcohol 60 have? Basically pascal was one of the simplest language that Nicholas we could define that served the needs of Nicholas we had at the time and it has a sort of a highly moral tone to it.",
          "chapter_name": "C Plus Plus: The Language That Shapes Our World"
        },
        {
          "speaker": "Bjarne Stroustrup",
          "speech": "That is, if you can say it in pascal, it's good. And if you can't, it's not so good. Whereas similar large is basically to build your own type system. So instead of trying to fit yourself into uh, Nicholas v in this world, Kristen eagles language and lulu handles language allowed you to build your own. So it's sort of close to the original idea of you build a domain specific language. As a matter of fact , what you build is a set of types and relations among types that allows you to express something that's suitable for an application. So when you say types, the stuff you're saying has echoes of object oriented programming. Yes, they invented it. Every language that uses the word class for type is a descendant of similar directly or indirectly christ in. You go on.",
          "chapter_name": "C Plus Plus: The Language That Shapes Our World"
        }
      ]
    },
    {
      "name": "Breaking Down Programming Languages: A Brief History",
      "content": [
        {
          "speaker": "Lex Fridman",
          "speech": "All you handle were mathematicians and they didn't think in terms of types. They um, but they understood sets and classes of uh elements and so they call that type classes and basically in C plus plus as in similar classes, are you certifying type? So can you try the impossible task and give a brief history of Programming languages from your perspective? So we started with alcohol 60 Simula Pascal but that's just the 60s and 70s. I I can I can try the most sort of interesting and major improvement of programming languages was fortune the first four trip because before that all code was written for a specific machine. And each specific machine had a language a simply language or crow assembler or some extension of that idea. But you're writing for a specific machine in the terms in the language of that machine and Marcus and his team at IBM built a language that would allow you to write what you really wanted that is you could write it in a language that was natural for people. Now these people happen to be engineers and physicists.",
          "chapter_name": "Breaking Down Programming Languages: A Brief History"
        },
        {
          "speaker": "Bjarne Stroustrup",
          "speech": "So the language that came out was somewhat unusual for the rest of the world. But basically they said formula translation because they wanted to have the mathematical formulas translated into the machine. And as a side effect they got portability because now they are writing in the terms that the humans used and the way humans thought and then they had a program that translated it into the machine's needs and that was new and that was great . And it's something to remember . We want to raise the language to the human level, but we don't want to lose the efficiency. So, and that was the first step towards the human. That was the first step. And of course they were very particular kind of humans, business people, but it's different.",
          "chapter_name": "Breaking Down Programming Languages: A Brief History"
        },
        {
          "speaker": "Bjarne Stroustrup",
          "speech": "So they got cobalt instead and etcetera etcetera and similar came out. No, let's not go to simulate yet . Let's go to alcohol. FORTRAN didn't have at the time the notions of not a precise notion of type, not a precise notion of scope, not a set of translation faces. That was what we have today. Mexico syntax semantics, it was sort of a bit of a model in the early days. But hey, they had just done the biggest breakthrough in the history of programming, right?",
          "chapter_name": "Breaking Down Programming Languages: A Brief History"
        },
        {
          "speaker": "Bjarne Stroustrup",
          "speech": "So you can't criticize them for not having gotten all the technical details right? So we got alcohol that was very pretty and most people in commerce and science considered it useless because it was not flexible enough and it wasn't efficient enough and etcetera etcetera. But that was a breakthrough from a technical point of view . Then similar came along to make that idea more flexible and you can define your own types . And that's where I got very interested christ in. You go, who is the main idea man behind? Similar. That was late 60s, This was late 60s, was a visiting professor in uh, Ohs.",
          "chapter_name": "Breaking Down Programming Languages: A Brief History"
        },
        {
          "speaker": "Bjarne Stroustrup",
          "speech": "And so I learned object oriented programming by sitting around and well in theory discussing with a snuggle butt based and once you get started and in full flow is very hard to get a word in edge ways where you just listen. So uh it was great. I learned it from there not to romanticize the notion, but it seems like a big leap to think about object oriented programming. It's really a leap of abstraction. Yes. And was that as uh big and beautiful of a leap as it seems from now in retrospect or was it an obvious one at the time?",
          "chapter_name": "Breaking Down Programming Languages: A Brief History"
        }
      ]
    },
    {
      "name": "Breakthroughs in Programming Languages: Bjarne Stroustrup's Perspective",
      "content": [
        {
          "speaker": "Bjarne Stroustrup",
          "speech": "It was not obvious. And many people have tried to do something like that and most people didn't come up with something as wonderful as similar.",
          "chapter_name": "Breakthroughs in Programming Languages: Bjarne Stroustrup's Perspective"
        },
        {
          "speaker": "Bjarne Stroustrup",
          "speech": "Lots of people got their phds and made their careers out of forgetting about similar are never knowing it for for me, the key idea was basically I could get my own types and that's the idea that goes further into C plus plus, where I can get better types and more flexible types and more efficient types. But it's the fundamental idea when I want to write a program, I want to write it with my types that is appropriate to my problem. And under the constraints that I'm under with hardware, software, environment, etcetera. And that's that's the key idea. People picked up on the class hierarchies and the virtual functions and the inheritance and that was only part of it. It was an interesting and major part and still a major part in a lot of graphic stuff, but it was not the most fundamental.",
          "chapter_name": "Breakthroughs in Programming Languages: Bjarne Stroustrup's Perspective"
        },
        {
          "speaker": "Bjarne Stroustrup",
          "speech": "It was when you wanted to relate one type to another, you don't want them all to be independent. The classical example is that you don't actually want to write uh, city simulation with vehicles where you say, well, if it's a bicycle to write the code for turning a bicycle to the left, if it's a normal car, turn right, the normal car way, if it's a fire engines and write the fire and in way that are that are about you get these big case statements bunches of if statements such instead you tell the base class that that's the vehicle um, saying turn, turn left the way you want to. And this is actually a real example. They used it to simulate um , and optimize the emergency, the emergency services for somewhere Norway Uh back in the 60s. So this was one of the early examples for why you needed inheritance and you needed a runtime polymorphism. Because you wanted to handle this set of vehicles in a manageable way.",
          "chapter_name": "Breakthroughs in Programming Languages: Bjarne Stroustrup's Perspective"
        },
        {
          "speaker": "Bjarne Stroustrup",
          "speech": "You can't just rewrite your code each time a new kind of vehicle comes along. Yeah, that's a beautiful, powerful idea. And of course it stretches through your work . You C Plus plus as we'll talk about . But I think you've structured nicely. Uh what other breakthroughs came along in the history of programming languages.",
          "chapter_name": "Breakthroughs in Programming Languages: Bjarne Stroustrup's Perspective"
        },
        {
          "speaker": "Bjarne Stroustrup",
          "speech": "If we were to tell the history in that way, obviously, I'm better telling the part of the history that is the path . I'm one as opposed to to all the paths you skip the hippie uh john McCarthy and this is one of my favorite languages. But listen, but listen, it's not one of my favorite languages. Yes, it's obviously important. It's obviously interesting. Lots of people write code in it and then they rewrite it into C. S. C plus plus when they want to go to production. It's in the world I met which are constrained by performance, reliability , um, issues, deploy, ability, cost of hardware.",
          "chapter_name": "Breakthroughs in Programming Languages: Bjarne Stroustrup's Perspective"
        },
        {
          "speaker": "Lex Fridman",
          "speech": "Um, I, I don't like things to be too dynamic. It is really hard to write a piece of code that's perfectly flexible that you can also deploy on a small computer and that you can also put in say a telephone switch in bogota. What's the chance if you get an error and you find yourself in the debug that the telephone switch in bogota on late sunday night has a programmer around right there chances cyril. And so a lot of things I think most about can't afford that flexibility. I'm quite aware that maybe 70, of all code are not under the kind of constraints I'm interested in, but somebody has to do the job I'm doing because you have to get from these high level flexible languages to the hardware. The stuff that lasts for 10 2030 years is robust, operates under very constrained conditions. Yes, absolutely.",
          "chapter_name": "Breakthroughs in Programming Languages: Bjarne Stroustrup's Perspective"
        }
      ]
    },
    {
      "name": "Programming Languages: Inspirations and Abstraction",
      "content": [
        {
          "speaker": "Lex Fridman",
          "speech": "And it's fascinating and beautiful in its own way. It's suppose, busses uh one of my favorite languages and so is list. So I can I can embody too, for different reasons as uh as a programmer, I I understand why this was popular and I can see the beauty of the ideas and similarly with the small talk, it's just not as relative, think it's not as relevant in my world. And by the way, I distinguish between those and the functional languages where I go to things like Ml and Haskell, uh different, different kind of language is uh they have a different kind of beauty and they're very interesting and I actually try to learn from more of the languages I encounter to see what is there that would make working on the kind of problems I'm interested in with the kind of constraints um that that I'm interested in, what can actually be done better because we can surely do better than we do today. Mhm. You've you've said that it's good for any professional programmer to know at least five languages. Speaking about a variety of languages that you've taken inspiration from and you've listed yours as being at least at the time. C Plus plus. Obviously java, python, ruby and javascript. Can you first of all, update that list, modify it.",
          "chapter_name": "Programming Languages: Inspirations and Abstraction"
        },
        {
          "speaker": "Bjarne Stroustrup",
          "speech": "You don't have to be constrained to just five. But can you describe what you picked up also from each of these languages, how you see them as inspirations for even you work and lucy plus plus, this is a very hard question to answer. So about languages you should know languages. I I reckon I knew about 25 or thereabouts when I did C Plus plus, it was easier in those days because the languages were smaller and you didn't have to learn a whole programming environment and such to do it, you could learn the language quite easily and uh it's it's good to learn so many languages. And I imagine just like with natural language for communication, there's different paradigms that emerge in all of them that there's commonalities and so on. So I picked five out of a hat five out of a hat . Obviously the important thing that the number is not one. That's right. It's like I don't like, I mean if you're mono glad you are likely to think that your own culture is the only ones periods of everybody else is a good learning of a foreign language and a foreign culture is important.",
          "chapter_name": "Programming Languages: Inspirations and Abstraction"
        },
        {
          "speaker": "Bjarne Stroustrup",
          "speech": "It helps you think and be a better person with programming languages, you become a better programmer, better designer With the 2nd language. Now, once you've got to the weight of five is not that long, it's the second one that's most important. And then when I had to pick five, I sort of thinking , what kinds of languages are there? Well, there's a really low level stuff. It's good. It's actually good to know machine code even still, even today, even today, um the C Plus plus optimizes right there, the machine code than I do. But I don't think I could appreciate them.",
          "chapter_name": "Programming Languages: Inspirations and Abstraction"
        },
        {
          "speaker": "Bjarne Stroustrup",
          "speech": "If I actually didn't understand machine code and machine architecture, at least in in my position, I have to understand a bit of it because You mess up the cash and you're off in performance by a factor of 100. Right, shouldn't be that if you are interested in either performance or the size of the computer, you have to deploy. So, so I would go , that's a simpler, I used to mention see, but these days going low level is not actually what gives you the performance. It is to express your ideas so cleanly that you can think about it. And the optimizer can understand what you're up to. My favorite way of optimizing these days is to throw out the clever bits and see if it still runs fast and sometimes it runs faster. Um So I need the abstraction mechanisms or something like C plus plus two.",
          "chapter_name": "Programming Languages: Inspirations and Abstraction"
        },
        {
          "speaker": "Bjarne Stroustrup",
          "speech": "Right compact, high performance code. There was a beautiful keynote by Jason Turner at the CPP Con a couple of years ago where he decided he was going to program Pong on Motorola 60 800 I think it was. And he says, well this is relevant because it looks like a microcontroller. It has specialized hardware, it has not very much memory and is relatively slow. And so he shows in real time how he writes punk , starting with fairly straightforward low level staff improving his abstractions and what he's doing his writing C plus plus . And it translates into Into 86 assembler which you can do with clang.",
          "chapter_name": "Programming Languages: Inspirations and Abstraction"
        },
        {
          "speaker": "Bjarne Stroustrup",
          "speech": "And you can see it in real time. It's uh The compiler explorer which can use on the web. And then he wrote a little program that translated 86 assembler into Motorola is simpler. And so he types and you can see this thing in real time, wow , you can see it in real time. And even if you can't read the assembly code, you can just see it. His code gets better. The coat, their simpler kits. Kamala, he increases the abstraction level uses C plus plus 11 as it were better. This code gets cleaner to get easier, maintain what the code shrinks and he keeps shrinking and I could not in any reasonable amount of time. Right.",
          "chapter_name": "Programming Languages: Inspirations and Abstraction"
        }
      ]
    },
    {
      "name": "The Power of Programming Languages: C, C++, and Functional Languages",
      "content": [
        {
          "speaker": "Bjarne Stroustrup",
          "speech": "That assembler. As good as the compiler generated from really quite nice modern C plus plus. And I'll go as far as to say the thing that looked like C was significantly uglier and smaller when it became uh and and larger when it became machine code. So the abstractions that can be optimized are important. I would love to see that kind of visualization, larger code basis. Yeah, that might be beautiful. Can't show a larger code base in a one hour talk and I have it fit on screen.",
          "chapter_name": "The Power of Programming Languages: C, C++, and Functional Languages"
        },
        {
          "speaker": "Bjarne Stroustrup",
          "speech": "So that's C is so my two languages would be machine code and C plus plus. And then I think you can learn a lot from the functional languages. So Pig Pig has Gloria mel, I don't care which I think actually you you learn the same lessons of expressing especially mathematical notions really clearly and having the type system that's really strict. And then you should probably have a language for sort of quickly churning out something. You could picture our script , you could be picked python , you could pick ruby, what do you make of javascript in general?",
          "chapter_name": "The Power of Programming Languages: C, C++, and Functional Languages"
        },
        {
          "speaker": "Lex Fridman",
          "speech": "So you kind of you're talking in the platonic sense about languages about what they're good at what their philosophy of design is, but there's also a large user base behind each of these languages and they use it in the way sometimes. Maybe it wasn't really designed for javascript is used way beyond probably what it was designed for. Let me say it this way, when you build a tool, you do not know how it's going to be used. You try to improve the tool by looking at how it's being used and when people cut their fingers off and try and stop that from happening, but really you have no control over how something is used. So I'm very happy and proud of some of the things he Plus plus being used at and some of the things I wish people wouldn't do Bitcoin mining being my favorite example, uses as much energy as Switzerland and mostly serves criminals. But back to back to the languages.",
          "chapter_name": "The Power of Programming Languages: C, C++, and Functional Languages"
        },
        {
          "speaker": "Bjarne Stroustrup",
          "speech": "I actually think that having javascript run in the browser was was an enabling thing for a lot of things. Yes, you could have done it better, but people were trying to do it better and they were using uh more principles language designs, but they just couldn't do it right. And the nonprofessional programmers that right, or lots of that code just couldn't understand them . So it did a an amazing job for for what it was. It's not the previous language and I don't think it ever will be uh, the previous language, but that's not the big, it's here. So what was the origin story of C plus Plus, you you basically gave a few perspectives of your inspiration of object oriented programming that you had a connection with C and performance.",
          "chapter_name": "The Power of Programming Languages: C, C++, and Functional Languages"
        },
        {
          "speaker": "Lex Fridman",
          "speech": "Efficiency was an important thing. You were drawn to efficiency and reliability, reliability, you have to get both. What what's reliability? I I really want my telephone calls to get through and I want the quality of what I am talking coming out at the other end.",
          "chapter_name": "The Power of Programming Languages: C, C++, and Functional Languages"
        }
      ]
    },
    {
      "name": "Software Reliability: Balancing Speed, Safety, and Security",
      "content": [
        {
          "speaker": "Lex Fridman",
          "speech": "The other end might be in London or wherever. Um, so and you don't want the system to be crashing.",
          "chapter_name": "Software Reliability: Balancing Speed, Safety, and Security"
        },
        {
          "speaker": "Bjarne Stroustrup",
          "speech": "If you're doing a bank, you mustn't crash, it might be your your bank account that is in trouble. There's different constraints like games. It doesn't matter too much if there's a crash , nobody dies and nobody gets ruined. But I'm interested in the combination of performance uh, partly because of sort of speed of things being done, part of being able to do things that is necessary to to have reliable ballistic security uh of larger systems. If you spend all your time interpreting a symbol function call, You are not going to have enough time to do proper signal processing to get the telephone calls to sound right. Either that or you have to have 10 times as many computers and you can't afford your phone anymore. It's a ridiculous idea in the modern world because we have solved all of those problems.",
          "chapter_name": "Software Reliability: Balancing Speed, Safety, and Security"
        },
        {
          "speaker": "Bjarne Stroustrup",
          "speech": "I mean they keep popping up in different ways because we tackle bigger and bigger problems. The efficiency remains always an important aspect, but you have to think about efficiency not just as speed but as an enabler to important things and things it enables is uh, it's reliability is dependability you when, when I press the pedal , the brake pedal of the car, it is not actually connected directly to to anything but a computer. That computer better work. Let's talk about reliability just a little bit. So modern cars have ec US millions of lines of code today .",
          "chapter_name": "Software Reliability: Balancing Speed, Safety, and Security"
        },
        {
          "speaker": "Bjarne Stroustrup",
          "speech": "So this is certainly especially true of autonomous vehicles where some of the aspect of the control or driver assistance systems that steer the car to keep it in the lanes on. So how do you think? You know, I talked to regulators, people in the government who are very nervous about testing the safety of these systems of, of software, ultimately software that makes decisions that could lead to fatalities. So how do you, how do we test software, systems like these first of all, safety like performance and like security is the system's property . People tend to look at one part of the system at a time and saying something like this is secure. That's all right.",
          "chapter_name": "Software Reliability: Balancing Speed, Safety, and Security"
        },
        {
          "speaker": "Bjarne Stroustrup",
          "speech": "I don't need to do that. Yeah, that piece of code is secure. I'll buy your operator if you want to have reliability. If you want to have performance. If you want to have security, you have to look at the whole system . I did not expect you to say that, but that's very true.",
          "chapter_name": "Software Reliability: Balancing Speed, Safety, and Security"
        },
        {
          "speaker": "Bjarne Stroustrup",
          "speech": "Yes, I'm dealing with one part of the system and I want my part to be really good. But I know it's not the whole system furthermore making an individual part perfect. May actually not be the best way of getting the highest degree of reliability and performance and such . The funeral says C++ type. Say not type safe. You can break it sure I can break anything that runs on a computer.",
          "chapter_name": "Software Reliability: Balancing Speed, Safety, and Security"
        },
        {
          "speaker": "Lex Fridman",
          "speech": "I may not go through your type system. If I wanted to break into your computer, I'll probably try ask your injection. It's very true. If you think about safety or you're gonna reliability at system level, especially when a human being is involved, it starts becoming hopeless pretty quickly in terms of uh proving that something is safe to a certain level because there's so many variables , it's so complex. Well, let's get back to something we can talk about and actually make some progress on, uh, we can look at C plus plus programs and we can try and make sure they crash this often. The way you do that is largely by simplification.",
          "chapter_name": "Software Reliability: Balancing Speed, Safety, and Security"
        }
      ]
    },
    {
      "name": "Simplifying Code: The First Step to Einstein-Level Simplification",
      "content": [
        {
          "speaker": "Bjarne Stroustrup",
          "speech": "It is not the first step is to simplify the code. Have less code. Have code that are less likely to go wrong. It's not by runtime testing everything.",
          "chapter_name": "Simplifying Code: The First Step to Einstein-Level Simplification"
        },
        {
          "speaker": "Bjarne Stroustrup",
          "speech": "It is not by big test frameworks that you're using. Yes, we do that also. But the first step is actually to make sure that when you want to express something, you can express it directly in code rather than going through endless loops and convolutions in your head before it gets down the code that if if if the way you're thinking about a problem is not in the code, there is a missing piece that's just in your head. And the code, you can see what it does, but it cannot see what you thought about it unless you have expressed things directly . When you express things directly, you can maintain it , it's easier to find errors, it's easier to make modifications. It's actually easier to test it and lo and behold it runs faster and therefore you can use a smaller number of computers, which means there's less hardware that could possibly break. Um So I think the key here is simplification but it has to be um to use the Einstein quote, as simple as possible and no simpler?",
          "chapter_name": "Simplifying Code: The First Step to Einstein-Level Simplification"
        },
        {
          "speaker": "Bjarne Stroustrup",
          "speech": "Not simply. But there are other areas with under constraint where you can be simpler than you can be in C plus plus, but in the domain I'm dealing with, that's the simplification I'm after. So how do you inspire or ensure that the Einstein level simplification is reached? So can you do code review, can you look at code? Is there if I gave you the code for the Ford F150 and said here, is this a mess or is this okay, Is it possible to tell, is it possible to regulate? And experienced developer can do that code and see if it smells uh mixed metaphors deliberately.",
          "chapter_name": "Simplifying Code: The First Step to Einstein-Level Simplification"
        },
        {
          "speaker": "Lex Fridman",
          "speech": "Uh the the point is that it is hard to generate something that that is really obviously clean and can be appreciated but you can usually recognize when you haven't reached that point. And so if I have never looked at uh if 1 50 code so I wouldn't know but but I know what I ought to be looking for that. I'll be looking for some tricks that correlates with bugs and elsewhere. And uh I have tried to formulate rules for what what good code looks like. Um and the current version of that is called the C plus plus call guidelines.",
          "chapter_name": "Simplifying Code: The First Step to Einstein-Level Simplification"
        },
        {
          "speaker": "Bjarne Stroustrup",
          "speech": "one thing people should remember is there's what you can do in a language and what you should do In a language. You have lots of things that is necessary in some context, but not in others as things that exist just because there's a 30 year old code out there and you can't get rid of it. But you can't have rules that says when you create a try and follow these rules, this does not create good programs by themselves, but it limits the damage and for mistakes , it limits the possibilities of the mistakes. And basically we are trying to to say what is it that a good programmer does at the fairly simple level of where you use the language and how you use it . Now I can put all the rules for chiseling and my marble, it doesn't mean that somebody who follows all those rules can do a masterpiece by Michelangelo. That Is there something else too right?",
          "chapter_name": "Simplifying Code: The First Step to Einstein-Level Simplification"
        }
      ]
    },
    {
      "name": "Crafting Good Code: Inspiration, Analysis, and Rules",
      "content": [
        {
          "speaker": "Bjarne Stroustrup",
          "speech": "A good program. Just is there something else to create a important work of art That is the there's some kind of inspiration, understanding gift, but we can approach the sort of technical, the craftsmanship level of it. The famous painters, the famous cultures was, among other things, superb craftsman. They could express their ideas using their tools very well. And so these days, I think what I'm doing, what a lot of people are doing, we are still trying to figure out how it is to use our tools very well. For a really good piece of code, you need a spark of inspiration and you can't , I think regulate that. You you cannot say that. I'll take a picture only, I'll buy your picture only. If you're at least then go um, there are other things you can regulate but not the inspiration. I think that's quite beautifully put .",
          "chapter_name": "Crafting Good Code: Inspiration, Analysis, and Rules"
        },
        {
          "speaker": "Bjarne Stroustrup",
          "speech": "It is true that there is, is an experienced programmer when you see code that's inspired, that's uh, like Michelangelo , you know it when you see it and uh, the opposite of that is code. That is messy. Code that smells, you know, when you see it and I'm not sure you can describe in words except vaguely through guidelines and so on . Yes, it's easier to recognize ugly than to recognize beauty encode. And for the reason is that sometimes the beauty comes from something that's innovative and unusual and you have to sometimes think reasonably hard to appreciate that. On the other hand, the messes have things in common and you can you can have static checkers and dynamic checkers that finds uh, a large number of the most common mistakes.",
          "chapter_name": "Crafting Good Code: Inspiration, Analysis, and Rules"
        },
        {
          "speaker": "Bjarne Stroustrup",
          "speech": "You can catch a lot of sloppiness mechanically. I'm a great fan of static analysis in particular because you can check for not just the language rules but for the usage of language rules. And I think we will see much more static analysis in the coming decade. Can you describe what static analysis is ? You represent a piece of code so that you can write a program that goes over that representation and look for things that are right and not right. So for instance, you can analyze a program to see if resources are leaked. That's one of my favorite problems.",
          "chapter_name": "Crafting Good Code: Inspiration, Analysis, and Rules"
        },
        {
          "speaker": "Bjarne Stroustrup",
          "speech": "It's not actually all that hard and modern C plus plus, but you can do it if you're riding in the sea level, you have to have a melody and a free and uh, they have to match if you have them in a single function. You can usually do it very easily, if there's a monologue here, there should be a free there on the other hand, in between can be sure incomplete code and then it becomes impossible. If you pass that point to the memory out of a function and then want to make sure that the free is done somewhere else. Now it gets really difficult. And so for static analysis, you can run through a program and you can try and figure out if there's any leaks and what you will probably find is that you will find some leeks and you'll find quite a few places where your analysis can't be complete.",
          "chapter_name": "Crafting Good Code: Inspiration, Analysis, and Rules"
        },
        {
          "speaker": "Bjarne Stroustrup",
          "speech": "It might depend on runtime, it might depend on the cleverness of your analyzer and it might take a long time. Some of these programs run for a long time. But if you combine such analysis with a set of rules, which is how people could use it, you can actually see why the rules are violated and that stops you from getting into the impossible complexities. You don't want to solve the halting problem. So static analysis is looking at the code without running the code. Yes.",
          "chapter_name": "Crafting Good Code: Inspiration, Analysis, and Rules"
        },
        {
          "speaker": "Bjarne Stroustrup",
          "speech": "And thereby it's almost not in production code, but it's almost like an education tool of how the language should be used. It guides you like it is best right. It would guide you in how you write future code as well and you learn together. Yes. So basically you need a set of rules for how you use the language, then you need a static analysis that catches your mistakes when you violate the rules or when your code ends up doing things that it shouldn't despite the rules because there's the language rules, we can go further and again, it's back to my idea that I would much rather find errors before I start running the code. If nothing else. Once the code runs, if it catches an error at run times they have to have an error handler.",
          "chapter_name": "Crafting Good Code: Inspiration, Analysis, and Rules"
        }
      ]
    },
    {
      "name": "Designing Efficient Abstractions in C++",
      "content": [
        {
          "speaker": "Bjarne Stroustrup",
          "speech": "And one of the hardest things to rate in code, is there handling code because you know, something went wrong? Do you know really exactly what went wrong? Usually not. How can you recover when you don't know what the problem was? You can't be 100% sure what the problem was in many, many cases. And this is this is part of it.",
          "chapter_name": "Designing Efficient Abstractions in C++"
        },
        {
          "speaker": "Bjarne Stroustrup",
          "speech": "So yes, we we we we need good languages with good type systems. We need rules for how to use them. We need static analysis. Uh And the ultimate for static analysis is of course program proof. But that still doesn't scale to the kind of systems we deploy, then we start needing testing and the rest of the stuff. So, C Plus plus is an object oriented programming language that creates especially with its newer versions as well. Talk about higher and higher levels of abstraction.",
          "chapter_name": "Designing Efficient Abstractions in C++"
        },
        {
          "speaker": "Bjarne Stroustrup",
          "speech": "So how do you design? Let's even go back to the origin C Plus Plus. How do you design something with so much abstraction that's still efficient and is still something that you can manage. Do static analysis on, you can have constraints on that can be reliable. All those things we've talked about. So create the to me slightly there's a slight tension between high level abstraction and efficiency.",
          "chapter_name": "Designing Efficient Abstractions in C++"
        },
        {
          "speaker": "Bjarne Stroustrup",
          "speech": "That's a good question. I could probably have a year's course just trying to answer it. Yes. There's a tension between efficiency and abstraction but you also get the interesting situation that you get the best efficiency out of the best abstraction. And my main tool for efficiency for performance actually is abstraction. So let's go back to how C++ got there.",
          "chapter_name": "Designing Efficient Abstractions in C++"
        },
        {
          "speaker": "Bjarne Stroustrup",
          "speech": "You said it was object oriented programming language. I actually never said that it's always quoted but I never did. I said C Plus plus supports object oriented programming but and other techniques and that's important because I think that the best solution to most complex interesting problems require ideas and techniques from things that has been called object oriented um data abstraction functional, traditional C style code, all of the above. And so when I was designing C plus Plus, I soon realized I couldn't just add features. If you just add what looks pretty or what people ask for or what you think is good one x 1, you're not going to get a coherent whole. What you need is a set of guidelines that that that that guy. Sure.",
          "chapter_name": "Designing Efficient Abstractions in C++"
        },
        {
          "speaker": "Lex Fridman",
          "speech": "Decisions. Should this feature be inner. Should this feature be out? How should a feature be modified before it can go in and such and there's a in the book I wrote about that that sign evolution of surplus process , a whole bunch of rules like that. Most of them are not language technical. They are things like don't violate the static type system because I liked static type system for the obvious reason that I like things to be reliable on reasonable amounts of hardware.",
          "chapter_name": "Designing Efficient Abstractions in C++"
        },
        {
          "speaker": "Bjarne Stroustrup",
          "speech": "But one of these rules is uh zero had principle. They were kind of pretty zero ahead principle. It basically says that if you have an abstraction it should not cost anything compared to write the equivalent code at a lower level. So if I have say a matrix multiply it should be written in such a way that you could not drop to the sea level of abstraction. And user race and pointers and such and run faster. Um And so people have written such matrix multiplication ins they've actually gotten code that ran faster than FORTRAN because once you have the right abstraction you can eliminate um you can eliminate temporaries and you can do um loop fusion and other good stuff like that. That's quite hard to do by hand.",
          "chapter_name": "Designing Efficient Abstractions in C++"
        },
        {
          "speaker": "Bjarne Stroustrup",
          "speech": "And in a lower level language and there's some really nice examples of that. And the key here is that that maitre except multiplication. The matrix abstraction allows you to write code. That's simple and easy. You can do that in any language but with C plus plus it has the features so that you can also have this thing run faster than if you hand coded it. Now.",
          "chapter_name": "Designing Efficient Abstractions in C++"
        },
        {
          "speaker": "Bjarne Stroustrup",
          "speech": "People have given that lecture many times I and others. And the very common on question after the talk where you have demonstrated that you're going to perform for trained for dense matrix multiplication. People come up and says , yeah , but there are C plus plus. If I rewrote your code and see how much faster would run, the answer is much slower.",
          "chapter_name": "Designing Efficient Abstractions in C++"
        },
        {
          "speaker": "Bjarne Stroustrup",
          "speech": "This happened the first time actually back in the ages with a friend of mine called Doug McIlroy who demonstrated uh exactly this effect. And um so the principle is you should give programmers the tools so that the abstractions can follow the cereal white principle. Furthermore, when you put in a language feature in C plus plus or a standard library feature, you try to meet this. It doesn't mean it's absolutely optimal, but it means if your hand coded with the usual facilities in the language in C Plus plus in C, you should not be able to better. It. Usually you can do better if you use embedded a simpler for machine code for for some of the details to utilize part of a computer that the compiler doesn't know about. But you should get to that point before you beat the abstraction. So that's that's a beautiful ideal to reach for.",
          "chapter_name": "Designing Efficient Abstractions in C++"
        },
        {
          "speaker": "Bjarne Stroustrup",
          "speech": "And we meet it quite often quite often. So, where is the magic of that coming from? There's some of it is the compilation process. So the implementation is suppose suppose some of it is the design of the feature itself. The guidelines. So I've recently and often talked to chris Latner clang. What just out of curiosity is your relationship in general with the different implementations?",
          "chapter_name": "Designing Efficient Abstractions in C++"
        },
        {
          "speaker": "Bjarne Stroustrup",
          "speech": "C++. As you think about you and committee and other people are supposed to think about the design of new features or design of previous features. The Uh in in trying to reach the ideal of zero overhead. Does the magic come from the design the guidelines or from the implementations and and not all you you you you you go for programming technique, program language features and implementation techniques. You need all three.",
          "chapter_name": "Designing Efficient Abstractions in C++"
        }
      ]
    },
    {
      "name": "Craftsmanship, Compilers, and C++ Succe",
      "content": [
        {
          "speaker": "Bjarne Stroustrup",
          "speech": "And how can you think about all three? At the same time it takes some experience, takes some practice and sometimes you get it wrong, but after a while you sort of get it right.",
          "chapter_name": "Craftsmanship, Compilers, and C++ Succe"
        },
        {
          "speaker": "Bjarne Stroustrup",
          "speech": "I don't write compilers anymore. But brian Kernaghan pointed out that one of the reasons C plus plus succeeded was some of the craftsmanship I put into the early compilers and of course I did . The language is sign, of course I wrote a fair amount of code using this kind of stuff and I think Most of the successes involves progressing on three areas together. A small group of people can do that . 23 people can work together to do something like that. It's ideal. If it's one person that has all the skills necessary, but nobody has all the skills necessary in all the fields where C plus plus is used.",
          "chapter_name": "Craftsmanship, Compilers, and C++ Succe"
        },
        {
          "speaker": "Lex Fridman",
          "speech": "So if you want to approach my ideal in say, concurrent programming, you need to know about algorithms of current programming. You need to know the treasury of lock free programming. You need to know something about the compiler techniques and then you have to know some of the program air uh there are, sorry, the application areas where this is um like some forms of graphics or some forms of uh what are called uh a web server and kind of stuff and that's very hard to get into a single head. But small groups can do it too. Is there differences in your view?",
          "chapter_name": "Craftsmanship, Compilers, and C++ Succe"
        },
        {
          "speaker": "Bjarne Stroustrup",
          "speech": "Not saying which is better so on, but difference in the different implementations of C plus plus, why are there several sort of maybe a naive questions for me? Uh gcc clang this is a very reasonable question. When I designed C plus plus most languages have multiple implementations because if you want an I P M, if you run on the Sun, if you want a motor roller, there's just many, many companies and they each have their own population structure. The old compilers, it was just fairly common to those, many of them. And I wrote seafront assuming that other people would write compilers will C Plus Plus if successful . And furthermore, I wanted to utilize all the Back end infrastructures that were available.",
          "chapter_name": "Craftsmanship, Compilers, and C++ Succe"
        },
        {
          "speaker": "Bjarne Stroustrup",
          "speech": "I soon realized that my users were using 25 different linker Zay couldn't write my own linker. Yes, I could, but I couldn't write 25 blinkers and also get any work done on the language. And so it came from a world where there was many link ear's many optimizers, many compiler front ends, Uh, not not to start but operate many operating systems. The whole world was not in 86 and uh, Lennox box or something, whatever is the standard today. In the old days they said a set of backs.",
          "chapter_name": "Craftsmanship, Compilers, and C++ Succe"
        },
        {
          "speaker": "Bjarne Stroustrup",
          "speech": "So basically I assumed there would be lots of compilers . It was not a decision that there should be many compilers. It was just the fact that's the way the world is. And yes, many compilers emerged and today there's At least four front ends playing GCC Microsoft and e g g, it is the same group they supply a lot of the independent organizations and the embedded systems industry. And there's lots and lots of back ends. We have to think about how many dozen begins there are because different machines of different things, especially in the embedded world. The machines are very different. The architectures are very different. And so having a single implementation was never an option.",
          "chapter_name": "Craftsmanship, Compilers, and C++ Succe"
        },
        {
          "speaker": "Bjarne Stroustrup",
          "speech": "Now, I also happen to dislike monocultures. Monocultures. They are dangerous because whoever owns the monoculture can go stale and there's no competition and there's no incentive to innovate. There's a lot of incentive to put barriers in the way of change because hey, we own the world and it's a very comfortable world for us and who are you to mess with that. So I really am very happy that there's four front ends for C plus plus clanks . Great.",
          "chapter_name": "Craftsmanship, Compilers, and C++ Succe"
        },
        {
          "speaker": "Bjarne Stroustrup",
          "speech": "But gcc was great. But then it got somewhat stale plane came along and gcc is much better now competition why Microsoft is much better now. So a, at least a low number of front end puts a lot of pressure on standards compliance and also on performance and error messages and compile time speed. All this good stuff that we want. Do you think?",
          "chapter_name": "Craftsmanship, Compilers, and C++ Succe"
        }
      ]
    },
    {
      "name": "C Plus Plus Evolution: Abstraction, Flexibility, and Innovation",
      "content": [
        {
          "speaker": "Bjarne Stroustrup",
          "speech": "Crazy question there might come along. Do you hope that might come along? Uh, implementation of C plus plus written, given all of its history, written from scratch, so written today from scratch.",
          "chapter_name": "C Plus Plus Evolution: Abstraction, Flexibility, and Innovation"
        },
        {
          "speaker": "Bjarne Stroustrup",
          "speech": "Well, clang and the L L v m is more or less written by from scratch, But there's been c plus plus 11, 14, 17, 20. You know, there's been a sooner or later somebody's going to try again. There has been attempts to write new C++ compilers and some of them has been used and some of them has been absorbed into others and such . Yeah, it'll happen. So what are the key features of C bus bus and let's use that as a way to sort of talk about the evolution of C plus plus the new features.",
          "chapter_name": "C Plus Plus Evolution: Abstraction, Flexibility, and Innovation"
        },
        {
          "speaker": "Bjarne Stroustrup",
          "speech": "So at the highest level. What are the features that were there in the beginning. What features got added, let's first get a principle on aim in place. Um , C Plus plus is for people who want to use hardware really well and then manage the complexity of doing that through abstraction. And so the first facility you have is a way of manipulating the machines at a fairly low level that looks very much like C . It has loops, it has variables, it has pointers, like machine addresses , it can access memory directly, it can allocate stuff in the absolute minimum of space needed on the machine. There's a machine facing part of C Plus plus, which is roughly equivalent to see I said C Plus plus could beat C. And it can doesn't mean I dislike see if I dislike to see I wouldn't have built on it.",
          "chapter_name": "C Plus Plus Evolution: Abstraction, Flexibility, and Innovation"
        },
        {
          "speaker": "Bjarne Stroustrup",
          "speech": "Furthermore, after Dennis Ritchie, I'm probably the major contributor to modern C. And Well , I had lunch with Dennis most days for 16 years and we never had harsh words between us. So, uh these C versus C plus plus fights uh for people who don't quite understand what's going on. Then the other part is the abstraction. And there the key is the class which is a user defined type. And my idea for the class is that you should be able to build a type that's just like the building types in the way you use them in the way you declare them, in the way you get the memory. And you can do just as well. So, in Cyprus process and it as in C you should be able to build an abstraction, a class which we can call capital into that. You could use exactly like an integer and run just as fast as an integer. There's the idea right there. And of course you probably don't want to use the in itself, but it has happened people have wanted in stages that were range check.",
          "chapter_name": "C Plus Plus Evolution: Abstraction, Flexibility, and Innovation"
        },
        {
          "speaker": "Bjarne Stroustrup",
          "speech": "So you couldn't overflow on such, especially for very safety critical applications, like the fuel injection for a marine diesel engine for the largest ships. This is a real example by the way, this has been done. They built themselves an integer, that was just like integer except that couldn't overflow. If there was an overflow, you went into the error handling. Um , and then you build more interesting types . You can build a matrix, which you need to do graphics or you could build a gnome for um , for a video game and all these are classes and they appear just like the built in types in terms of efficiency and so on. So what else is there?",
          "chapter_name": "C Plus Plus Evolution: Abstraction, Flexibility, and Innovation"
        },
        {
          "speaker": "Bjarne Stroustrup",
          "speech": "And flexibility. So, uh, I don't know for people who are not familiar with object oriented programming, there's inheritance, there's a hierarchy of classes. You you can just like you said, create a generic vehicle that can turn left. So what people found was that you don't actually, no. How do I say this? A lot of types are related.",
          "chapter_name": "C Plus Plus Evolution: Abstraction, Flexibility, and Innovation"
        },
        {
          "speaker": "Lex Fridman",
          "speech": "That is the vehicles, all vehicles are related bicycles, cars, fire engines, tanks, they have some things in common and some things that differ and you would like to have the common things comin and having the differences specific. And when you didn't want to know about the differences like just turn left. Mhm.",
          "chapter_name": "C Plus Plus Evolution: Abstraction, Flexibility, and Innovation"
        }
      ]
    },
    {
      "name": "C Plus Plus: Object Oriented Programming, Templates, and Efficiency",
      "content": [
        {
          "speaker": "Bjarne Stroustrup",
          "speech": "You don't have to worry about it. That's how you get the traditional object oriented programming coming out of similar adopted by small talk and C Plus plus and all the other languages. The other kind of obvious similarity between types comes when you have something like a vector. Mhm. Fortune gave us the victor as called array of um doubles.",
          "chapter_name": "C Plus Plus: Object Oriented Programming, Templates, and Efficiency"
        },
        {
          "speaker": "Bjarne Stroustrup",
          "speech": "But the minute you have a victor of doubles, you want the victor of double precision doubles. And for short doubles for graphics . And why should you have not have a vector of integers while you are added or vector of vectors and vector of victors of chest pieces? Now we have a board. Right? So this is you express the commonality as as the idea of a vector and the variations come through primary authorization.",
          "chapter_name": "C Plus Plus: Object Oriented Programming, Templates, and Efficiency"
        },
        {
          "speaker": "Bjarne Stroustrup",
          "speech": "And so here we get the two fundamental ways of abstracting of having similarities of types in C plus plus. There's the inheritance and there's a premature ization. There's the object oriented programming and there's a generic programming with templates for the generic programming. So you you've presented it very nicely. But now you have to make all that happen and make it efficient. So generic programming with templates, there's all kinds of magic going on, especially recently, that you can help catch up on.",
          "chapter_name": "C Plus Plus: Object Oriented Programming, Templates, and Efficiency"
        },
        {
          "speaker": "Bjarne Stroustrup",
          "speech": "But it feels to me like you can do way more than what you just said with templates. You can start doing this kind of matter of programming. This kind of can do meta programming. Also, I didn't go there in that explanation. We're trying to be very basics, but go back onto the implementation implementation if you couldn't implement this efficiently, if you couldn't use it. So that became efficient. It has no place in C plus plus because it violates the zero ahead principle.",
          "chapter_name": "C Plus Plus: Object Oriented Programming, Templates, and Efficiency"
        },
        {
          "speaker": "Bjarne Stroustrup",
          "speech": "So when I had to get object oriented programming inheritance, I took the idea of virtual functions from similar virtual functions is a similar term. Class is a similar term if you ever use those words say thanks to question, you go and all you handle. And I did the simplest implementation I knew of which was basically a jump table. So you get the virtual function. Table. The function goes in, do a dozen indirection through a table and get the right function. That's how you pick the right thing there.",
          "chapter_name": "C Plus Plus: Object Oriented Programming, Templates, and Efficiency"
        },
        {
          "speaker": "Bjarne Stroustrup",
          "speech": "And I thought that was trivial. It's close to optimal. It's and it was obvious. It turned out the Simula had a more complicated way of doing it and therefore slower. And um, it turns out that most languages have something that's a little bit more complicated, Sometimes more flexible, but you pay for it. And one of the strength of C plus plus was that you could actually do this object oriented stuff and your overhead compared to ordinary functions. There's no indirection is sort of in 5, 25%.",
          "chapter_name": "C Plus Plus: Object Oriented Programming, Templates, and Efficiency"
        },
        {
          "speaker": "Bjarne Stroustrup",
          "speech": "Just the call. It's it's down there. It's not too right. And that means you can afford to use it furthermore.",
          "chapter_name": "C Plus Plus: Object Oriented Programming, Templates, and Efficiency"
        }
      ]
    },
    {
      "name": "Debugging C++ Templates: Optimization vs Debugging",
      "content": [
        {
          "speaker": "Bjarne Stroustrup",
          "speech": "In C plus plus, you have the distinction between virtual function and a non virtual function. If you don't want any overhead, if you don't need the indirection, that gives you the flexibility and object oriented programming, just don't ask for it. Um So the the the idea is that you only use virtual functions if you actually need the flexibility, so it's not zero ahead but Syria or had compared to any other way of achieving the flexibility. Now also premature. Ization basically, the compiler looks at at the template, see the vector and it looks at the um parameter and then combines the two and generates a piece of code.",
          "chapter_name": "Debugging C++ Templates: Optimization vs Debugging"
        },
        {
          "speaker": "Bjarne Stroustrup",
          "speech": "That is exactly as if you are written a vector off that specific tape. So that's the that's the minimal overhead . If you have many template parameters, you can actually combine code that the compiler couldn't usually see at the same time and therefore get cold. That is faster then if you had handwritten the stuff unless you're very, very clever. So the thing is Paracha . Rised code, the compiler fills stuff in during the compilation process, not during runtime. That's right.",
          "chapter_name": "Debugging C++ Templates: Optimization vs Debugging"
        },
        {
          "speaker": "Bjarne Stroustrup",
          "speech": "And furthermore, it gives all the information it's gotten, which is the template, the parameter and the context of use. It combines the three and generates good code, but it can generate Now , it's a little outside of what I'm even comfortable thinking about, but it can generate a lot of code. Yes. And how do you remember being both amazed at the power of that idea and how ugly the debugging looked? Yes. Debugging can be truly horrid.",
          "chapter_name": "Debugging C++ Templates: Optimization vs Debugging"
        },
        {
          "speaker": "Bjarne Stroustrup",
          "speech": "Come back to this because I have a solution anyway. The debugging was ugly. The code generated by C Plus Plus has always been ugly because there's these inherent optimizations and modern C plus plus, compiler has front and middle end and back end optimizations . Even see front, back in 83 had front end and back end optimizations. I actually took the code generated an internal representation munched that implements representation to generate good code.",
          "chapter_name": "Debugging C++ Templates: Optimization vs Debugging"
        },
        {
          "speaker": "Bjarne Stroustrup",
          "speech": "So people says it's not a compiler generates. See the recent generated C was I wanted to use the sea's code generators. That was really good at back end optimizations, but I need a front end optimizations and therefore the Ci generated was optimized C. The way uh really good handcrafted optimized human could could generate it and it was not meant for humans, it was the output of the program and it's much worse today and with templates, it gets much worse still. So it's hard to, it's hard to combine simple debugging with symbol with the optimal code because the idea is to drag in information from different parts of the code to generate good coat a machine code and that's not readable. So what people often do for debugging is they turn the optimizer off. And so you get code that when you when when something in your source code looks like a function core, it is a function core.",
          "chapter_name": "Debugging C++ Templates: Optimization vs Debugging"
        },
        {
          "speaker": "Lex Fridman",
          "speech": "When the optimizer is turned on, it may disappear the function call, it may in line. And so one of the things you can do is you can actually get code that is smaller than the function chord because you eliminate the function preamble and return and there's just the operation. There one of the key things when I did uh template was I wanted to make sure that if you have say a sort algorithm and you give it a sorting criteria , if that sorting criteria is simply comparing things with less than the cold generators should be the less then not a indirect function call to a compassion object, which is what it is in the source code but we really want down to the single instruction and um but anyway, turn off the optimizer and you can you can debunk the first level of debugging can be done and I always do without the optimization on because then I can see what's going on and then there's this idea of concepts that puts some no, I've never even, I don't know if it was ever available in any form but it puts some constraints on the stuff you can pair mature eyes essentially . Let me try and explain . Um so yes, it wasn't there 10 years ago, we have had versions of it that actually work for the last four or five years.",
          "chapter_name": "Debugging C++ Templates: Optimization vs Debugging"
        }
      ]
    },
    {
      "name": "Generic Programming: Concepts and C++20 Compatibility",
      "content": [
        {
          "speaker": "Bjarne Stroustrup",
          "speech": "Um It was designed by Gabby does raise true certain and me we were professors and postdocs in texas at the time and the implementation by interested in has been available for uh at that time and it is part of C plus plus 20 and the standard library that uses it. So this is becoming really very real. It's available in clang and gcc gcc for a couple of years and I believe Microsoft assumes I'm going to do it. I expect all of C plus plus 20 to be available. So In all the major compilers in 20 but this kind of stuff is available now. I'm just saying that because otherwise people might think I was talking about science fiction and so what I'm going to say, concrete, you can run it today and test production uses of it. So the basic idea is that when you have yeah, a generic component, like a sort function, The sort function will require at least two Parameters.",
          "chapter_name": "Generic Programming: Concepts and C++20 Compatibility"
        },
        {
          "speaker": "Bjarne Stroustrup",
          "speech": "1 a data structure with a given type and compassion criteria and these things are related But obviously you can't compare things if you don't know what the type of things you compare. And so you want to be able to say I'm going to sort something and it is to be so horrible. What does it mean to be so horrible. You look it up in the standard, it has to have, it has to be a sequence with a beginning and an end. There has to be random access to that sequence and there has to be um the element types has to be comparable but before the operator yes, basically what concepts are their competitors and predicates their predicates you can ask, are you a sequence? Yes I have begin and end.",
          "chapter_name": "Generic Programming: Concepts and C++20 Compatibility"
        },
        {
          "speaker": "Bjarne Stroustrup",
          "speech": "Are you a random exit sequence? Yes, I have a subscript. Ng and plus uh is your element type something that has a less than Yes, I have a less than its And so basically that's the system. And so instead of saying I will take a parameter of any type, it will say I'll take something that's horrible. And it's well defined. And so we say, okay you can sort of less than I don't want less than I want greater than or something I invent.",
          "chapter_name": "Generic Programming: Concepts and C++20 Compatibility"
        },
        {
          "speaker": "Bjarne Stroustrup",
          "speech": "So you have two parameters. The so horrible thing and the compassion criteria and the compassion criteria will say well I can um you can write and saying it it should operate on the element type and it has the compassion operations. So that's that's simply the fundamental thing. It's compile time predicates. Do you have the properties I need? So it specifies the requirements off the code on the parameters that gets it's very similar to types actually.",
          "chapter_name": "Generic Programming: Concepts and C++20 Compatibility"
        },
        {
          "speaker": "Bjarne Stroustrup",
          "speech": "But operating in the space of concepts concepts. The word concept was used by Alex Stepanov who is sort of the father of generic programming in the context of C. Plus plus. There's other places that use that word. But the way we call genetic programming is Alexis and he called them concepts because he said there they are the sort of the fundamental concepts of an area. So they should be called concepts. And we've had concepts all the time . If you look at the knr book about C. C has arithmetic types and it has um integral types.",
          "chapter_name": "Generic Programming: Concepts and C++20 Compatibility"
        },
        {
          "speaker": "Bjarne Stroustrup",
          "speech": "It says so in the book and then it lists what they are and they have certain properties. The difference today is that we can actually write a concept that will ask a type. Are you an integral type? Do you have the property is necessary to be an integral type. Do you have plus minus divide and such? So what may be the story of concepts? Because I thought it might be part of C plus plus 11. So C C C",
          "chapter_name": "Generic Programming: Concepts and C++20 Compatibility"
        },
        {
          "speaker": "Bjarne Stroustrup",
          "speech": "O X. Whatever it was at the time.",
          "chapter_name": "Generic Programming: Concepts and C++20 Compatibility"
        }
      ]
    },
    {
      "name": "Templates: The Flexible, Fast, and Type-Safe Revolution",
      "content": [
        {
          "speaker": "Bjarne Stroustrup",
          "speech": "What was the why didn't it? What like what we'll talk a little bit about this fascinating process of standards because I think it's really interesting for people. It's interesting for me, but why did it take so long ? What shapes that the idea of concepts take? Yeah. What were the challenges back in 87 or thereabouts?",
          "chapter_name": "Templates: The Flexible, Fast, and Type-Safe Revolution"
        },
        {
          "speaker": "Bjarne Stroustrup",
          "speech": "Was 27 1987 or thereabouts when I was designing templates, obviously I wanted to express the notion of what is required by a template of its arguments. And so I looked at this and basically for for templates, I wanted three properties, I wanted to be very flexible, it had to be able to express things. I couldn't imagine because I know I can't imagine everything and I've been suffering from languages that try to constrain you to only do what you're the designer thought good, didn't want to do that. Secondly, it had to run faster as fast or faster than hand written code . So basically, if I have a vector of key and I take a vector of char, it should run as fast as you build a vector of char yourself without prior authorization. And second.",
          "chapter_name": "Templates: The Flexible, Fast, and Type-Safe Revolution"
        },
        {
          "speaker": "Bjarne Stroustrup",
          "speech": "And thirdly, I wanted to be able to express the constraints of of the arguments, have proper type checking of the interfaces. And neither I nor anybody else at the time Knew how to get all three and I thought for C plus plus, I must have the two. First, otherwise it's not C plus plus, And it bothered me, found a couple of decades that I couldn't solve the 3rd 1. I mean, I was the one that put function argument type checking in to see I know the value of good interfaces, I didn't invent that idea is very common, but I did it and I wanted to do the same for templates of course and I could sew it bothered me Then we tried again 2002, capitals raised and I started analyzing the problem explained possible solutions.",
          "chapter_name": "Templates: The Flexible, Fast, and Type-Safe Revolution"
        },
        {
          "speaker": "Bjarne Stroustrup",
          "speech": "There was not a complete design, a group in University of indiana, an old friend of mine, they started a project at Indiana and we we thought we could get A good system of concepts in another two or 3 years that would have made C plus plus 11 to C plus plus +0607. Well, it turns out that I think we got a lot of the fundamental ideas wrong, they were too conventional. Um they didn't quite fit C plus plus in my opinion, didn't serve implicit conversions very well. It didn't serve mixed, mixed type arithmetic, mixed type competition computations very well. A lot of stuff came out of the functional community and it that community, I didn't deal with multiple types in in the same way as C plus plus, does had more constraints on on what you could express and didn't have the draconian performance requirements and basically we tried , we tried very hard , we had some successes, but it just in the end wasn't didn't compile fast enough was too hard to use and didn't run fast enough unless you had optimizers that was beyond the state of the art. They still are.",
          "chapter_name": "Templates: The Flexible, Fast, and Type-Safe Revolution"
        }
      ]
    },
    {
      "name": "Standardizing C++: An Open Proce",
      "content": [
        {
          "speaker": "Bjarne Stroustrup",
          "speech": "So we had to do something else. Basically, it was the idea that a set of parameters has defined a set of operations and you go through an indirection table, just like for virtual functions and then you try to optimize the indirection away uh, to get performance and we just couldn't do all of that. Um, but get back to the standardization. We are standardizing C++ under ISO rules which are very open process. People come in, there's no requirements for education or experience, the third develop C Plus Plus and there's a whole, what was the first standard established? What is that like the ISO standard, is there a committee that you're referring to? There's a group of people, What was that like ? How often do you meet? What's the discussion? I'll try and explain that.",
          "chapter_name": "Standardizing C++: An Open Proce"
        },
        {
          "speaker": "Bjarne Stroustrup",
          "speech": "So sometime in early 1980s 9, um, two people, one from IBM , one from hp turned up in my office and told me I would like to standardize C plus plus. This was a new idea to me and I pointed out that it wasn't finished yet. It wasn't ready for formal standardization and such and they say no, Piano, You haven't gotten it. You really want to do this. Um, our organizations dependency plus plus we cannot depend on something that's owned by another corporation that might be a competitor . Of course we could rely on you, but you might get run over by a bus. We really need to get this out in the open. It has to be uh standardized on the formal rules and we were going to standardize it um on the S. O. Rules and you really want to be part of it because basically otherwise we'll do it ourselves.",
          "chapter_name": "Standardizing C++: An Open Proce"
        },
        {
          "speaker": "Bjarne Stroustrup",
          "speech": "Yeah and we know you can do it better. So uh through a combination of arm twisting and flattery um Carey started. So in late In late 89 there was a meeting in D. C. At the actually no it was not. I. S. So then it was ansi the american national standard.",
          "chapter_name": "Standardizing C++: An Open Proce"
        },
        {
          "speaker": "Lex Fridman",
          "speech": "We're doing, We met there , we were lectured on the rules of how to do an Ansi standard . There was about 25 or was there? Which apparently was a new record for that kind of meeting. Um And um some of the old see guys that has been standardizing C. Was there, so we've got some expertise in. So the way this works is that it's an open process, anybody can can sign up is they pay the minimum fee which Is about $1,000. There was less than just a little bit more now.",
          "chapter_name": "Standardizing C++: An Open Proce"
        },
        {
          "speaker": "Bjarne Stroustrup",
          "speech": "And I think it's $1,280. It's not, it's not going to kill you. And We have three meetings a year is fairly standard. We tried to meetings a year for a couple of years that didn't work too well. So 331 week meetings a year and you meet and you have taken the meat technical discussions and then you bring proposals forward for votes.",
          "chapter_name": "Standardizing C++: An Open Proce"
        },
        {
          "speaker": "Bjarne Stroustrup",
          "speech": "The votes are done one person per one vote per Organisation. So you can't have say IBM come in with 10 people and dominate things that's not allowed. And these organizations that extensively U. C. Plus plus. Yes because it's basically all individuals or individuals. I mean it's uh it's a bunch of people in the room deciding the design of a language based on which a lot of the world's systems run. Right? Well I think most people would agree it's better than if I decided it or better than if a single organization like H and C decides it. I don't know if everyone agrees to that. By the way. Bureaucracies have their critics to.",
          "chapter_name": "Standardizing C++: An Open Proce"
        }
      ]
    },
    {
      "name": "Standardization: The Worst Way, Except for All Other",
      "content": [
        {
          "speaker": "Lex Fridman",
          "speech": "Yes there that look standardization is not pleasant. It's it's it's horrifying democracy. But we exactly as Churchill says democracy is the worst way except for all the others, right? And it's I would say the same reform standardization. But anyway so we meet and we we have these votes and that determines what the standard is. A couple of years later we extended this so it became worldwide we have standards organizations that are active in currently 15 to 20 countries and another 15-20 are sort of looking and voting based on the rest of the work on it. And we meet three times a year. Next week I'll be in cologne Germany uh spending a week doing centralization and we'll vote out the committee draft of C plus last 20 which goes to the National Standards Committee is for comments and requests for changes and improvements. Then we do that and there's a second set of votes where hopefully everybody votes in favor. This has happened several times. The first time we finished, we started in the first technical meeting was in 1990.",
          "chapter_name": "Standardization: The Worst Way, Except for All Other"
        },
        {
          "speaker": "Lex Fridman",
          "speech": "The last was in 98 . We voted it out. That was the standard that people used till 11 or a little bit past 11. Um and it was an international standards. All the countries voted in favor.",
          "chapter_name": "Standardization: The Worst Way, Except for All Other"
        },
        {
          "speaker": "Lex Fridman",
          "speech": "Um It took longer with 11, I'll mention why, but all the nations voted in favour. Uh and we work on the basis of consensus that is, we do not want something that passes 60 40 because then we're good in case you get dialects and opponents and people complain too much. They all complain too much. But basically it has no real effect. The standards has been obeyed. They have been working to make it easier to use many compilers, many computers and all of that kind of stuff. And so the first that it was traditional with I. S. O. Standards to take 10 years.",
          "chapter_name": "Standardization: The Worst Way, Except for All Other"
        },
        {
          "speaker": "Bjarne Stroustrup",
          "speech": "We did the first one in eight, brilliant. Uh and we thought we were going to do the next one and six because now we're good at it right. It took 13. Yeah, it was named O X. It was named O X. Hoping that you would at least get it within the single within the arts the single day. I I thought we would get I thought would get 6, 7 or eight. The confidence of youth. That's right .",
          "chapter_name": "Standardization: The Worst Way, Except for All Other"
        },
        {
          "speaker": "Bjarne Stroustrup",
          "speech": "Well, the point is that this was sort of like a second system effect. That is we now knew how to do it . And so we're going to do it much better and we've got more ambitious and it took longer. Furthermore, There is this tendency because it's a 10 year cycle or each doesn't matter just before you're about to ship somebody has a bright idea. And so we really, really must get that in. We we did that successfully with the STL.",
          "chapter_name": "Standardization: The Worst Way, Except for All Other"
        },
        {
          "speaker": "Bjarne Stroustrup",
          "speech": "We got the standard library that gives us all the STL stuff that that basically, I think it saved Plus Plus it was beautiful. Uh and then people tried it with other things and it didn't work so well they got things in, but it wasn't as as dramatic and it took longer and longer and longer. So after C plus plus 11, which was a huge improvement. And what basically what most people are using today, we decided ever again. And so how do you avoid those slips?",
          "chapter_name": "Standardization: The Worst Way, Except for All Other"
        },
        {
          "speaker": "Lex Fridman",
          "speech": "And the answer is that you ship more often so that If you if you if you have a slip on a 10 year cycle By the time you know it's a slip, there's 11 years till you get it. Now with a three year cycle There is about 34 years till you get it. Like the delay between feature freeze and shipping. So you always get one or two years more. And so we shipped 14 on time. We shipped 17 on time and we ship We will ship 20 on time. It's it will happen. And furthermore this allow this gives a predictability that allows the implement urz, the compiler implementer is the library implementer. They have a target and they deliver on it. 11 took two years before most compilers were good enough 14, Most compilers were actually getting pretty good in 14, 17.",
          "chapter_name": "Standardization: The Worst Way, Except for All Other"
        },
        {
          "speaker": "Bjarne Stroustrup",
          "speech": "Everybody shipped in 17. We are going to have At least almost everybody ship almost everything in 20. And I know this because they're shipping in 19, predictably this is good, delivery on time is good. And so",
          "chapter_name": "Standardization: The Worst Way, Except for All Other"
        }
      ]
    },
    {
      "name": "C Plus Plus: The Key to Constructors, Destructors, and Efficient Type",
      "content": [
        {
          "speaker": "Bjarne Stroustrup",
          "speech": "yeah, that's great. That's how it works . There's a lot of features that came in in C Plus plus 11.",
          "chapter_name": "C Plus Plus: The Key to Constructors, Destructors, and Efficient Type"
        },
        {
          "speaker": "Bjarne Stroustrup",
          "speech": "There's a lot of features at the birth of C Plus plus that were amazing and ideas with concepts in 2020. What to you is the most just just to you personally. Beautiful or mm just you sit back and think, wow, that's just nice clean feature of C Plus plus. I have written two papers for the history of Programming languages conference which basically ask me such questions and I'm writing a third one which I will deliver at the History of Programming Languages conference in London next year. So I've been thinking about that and there is one clear answer constructors and instructors the way a constructor can establish the environment for the use of the of its hype for an object and the destructor that cleans up any messes at the end of it. That is the key to C Plus plus.",
          "chapter_name": "C Plus Plus: The Key to Constructors, Destructors, and Efficient Type"
        },
        {
          "speaker": "Lex Fridman",
          "speech": "That's why we don't have to use garbage collection. That's how we can get predictable performance. That's how you can get the minimal go ahead in many, many cases and have really clean types. It's the idea of constructive destructive pairs. Sometimes it comes out under the name R I Ai. Resource acquisition is initialization which is the idea that you grab resources and the constructor and release them in destructor.",
          "chapter_name": "C Plus Plus: The Key to Constructors, Destructors, and Efficient Type"
        },
        {
          "speaker": "Lex Fridman",
          "speech": "Um It's also the best example of why I shouldn't be in advertising. I get the best idea and I call it resource acquisition is initialization. Um not the greatest naming I've ever heard. Uh so it's types abstraction of types. Uh you said I want to create my own types. So types is an essential part of C Plus plus and making them efficient is the is the key part.",
          "chapter_name": "C Plus Plus: The Key to Constructors, Destructors, and Efficient Type"
        },
        {
          "speaker": "Lex Fridman",
          "speech": "And to you the this is almost getting philosophical but the construction and the destruction the creation of an instance of a type and the freeing of resources from that instance of a type is what defines the object is uh it's like birth and death is what defines human life. That's right. By the way, philosophy is important. You can't do good language design without philosophy because what you're determining is what people can express and how this is very important. By the way, constructors, destructor is came into C plus plus in 79. In about the second week of my work with what was then called civil classes.",
          "chapter_name": "C Plus Plus: The Key to Constructors, Destructors, and Efficient Type"
        },
        {
          "speaker": "Bjarne Stroustrup",
          "speech": "It is a fundamental idea. Next comes the fact that you need to control copying because once you control, as you said birth and death , you have to control taking copies, which is another way of creating an object. And finally you have to be able to move things around so you get the move operations and that's the set of key operations you can define on a C plus plus type in such you those things are just a beautiful part of C plus plus. That is at the core of it all. Yes, you mentioned that you hope there will be one unified set of guidelines in the future for how to construct the programming language. So perhaps not one programming language, but a unification of how we build programming languages. If you remember the statements, I I have some trouble remembering it but I know the origin of that idea. So maybe you can talk about sort of C Plus Plus has been improving. There's been a lot of programming language. Do you?",
          "chapter_name": "C Plus Plus: The Key to Constructors, Destructors, and Efficient Type"
        }
      ]
    },
    {
      "name": "Unifying Principles: A Path to Language Harmony",
      "content": [
        {
          "speaker": "Bjarne Stroustrup",
          "speech": "Where does the arc of history taking us? Do you hope that there is a unification about the languages with which we communicate in the digital space? Well, I I think that languages should be designed not by clobbering language features together and doing slightly different versions of somebody else's ideas, but through the creation of a set of principles, rules of thumbs, whatever you call them. Um I I made them for C Plus Plus and we're trying to teach people in the standards committee about these rules because a lot of people come in and says I've got a great idea, let's put it in the language .",
          "chapter_name": "Unifying Principles: A Path to Language Harmony"
        },
        {
          "speaker": "Bjarne Stroustrup",
          "speech": "And then you have to ask why does it fit in the language, Why does it fit in this language? It may fit in another language and not here or it may fit here and not the other language. So you have to work from a set of principles and you have to develop that set of principles. And one example that that I sometimes remember is I was sitting down with some of the designers of common list. Mhm. And we're talking about languages and language features and obviously we didn't agree about anything because well this was not C Plus Plus and I subversive too many parentheses, but suddenly we started making progress.",
          "chapter_name": "Unifying Principles: A Path to Language Harmony"
        },
        {
          "speaker": "Lex Fridman",
          "speech": "I said I had this problem and I developed it according to these ideas and they said, why? Why we had that problem? Different problems and we develop it the same kind of principles. And so we worked through large chunks of C plus plus and large chunks of common lISP and figured out we actually had similar sets of principles of how to do it, but the constraints on our designs were very different and the aims for the usage was very different, but there was commonality in the way you reason about language features and the fundamental principles you're trying to do. So, do you think that's possible to her? So they're just like there is perhaps a unified theory of physics , of the fundamental forces of physics.",
          "chapter_name": "Unifying Principles: A Path to Language Harmony"
        },
        {
          "speaker": "Lex Fridman",
          "speech": "I'm sure there is commonalities among the languages, but there's also people involved. Yeah, that helped drive the development of these languages. Do you have a hope or an optimism that there will be a unification if you if you think about physics and Einstein towards a simplified language, do you think that's possible? Let's remember Sort of modern physics, I think started with Galileo in the 1300s. So they've had 700 years to get going. Modern computing started in about 49, we've got What's that 70 years. They have 10, 10 times and furthermore, they are not as bothered with people using physics the way we are worried about programming is done by humans.",
          "chapter_name": "Unifying Principles: A Path to Language Harmony"
        },
        {
          "speaker": "Bjarne Stroustrup",
          "speech": "So each have problems and constraints the others have but we are very immature compared to physics. Um So I would look at sort of the philosophical level and and look for fundamental principles like you don't leak resources. You shouldn't uh you don't take errors at runtime that you don't need to um you don't violate some kind of type system, there's many kinds of type systems but when you have one you don't break it um etcetera etcetera. Uh There will be quite a few and it will not be be the same for all languages. But I think if we step back at some kind of philosophical level we can we would be able to agree on sets of principles that applied to two sets of problem areas and within. Mhm.",
          "chapter_name": "Unifying Principles: A Path to Language Harmony"
        },
        {
          "speaker": "Bjarne Stroustrup",
          "speech": "Mhm. An area of use by C plus process case uh What used to be called Systems programming the area between the hardware and the the fluffy a part of the system. You might very well see a convergence. So these days you see rust having adopted our Ai and sometime accuses me for having borrowed it 20 years before they discovered it. But it's uh we're seeing some kind of conversion convergence here instead of relying on garbage collection all the time. The garbage collection languages are doing things like the dispose patterns",
          "chapter_name": "Unifying Principles: A Path to Language Harmony"
        }
      ]
    }
  ]
}