{
  "speakers": [
    "Lex Fridman",
    "Chris Urmson"
  ],
  "episode_name": "chris-urmson-self-driving-cars-at-aurora-google-cmu-and-darpa",
  "chapters": [
    {
      "name": "Lessons from DARPA Challenges: Autonomous Vehicle Evolution",
      "content": [
        {
          "speaker": "Lex Fridman",
          "speech": "the following is a conversation with chris Sampson , he was the Cto of the google sub driving car team, a key engineering leader behind the Carnegie Mellon University autonomous vehicle entries in the DARPA grand challenges and the winner of the DARPA Urban challenge today he's the Ceo of Arora Innovation, an autonomous vehicle software company. He started with sterling Anderson who was the former director of Tesla Autopilot, Andrew Bagnall . Uber's former autonomy perception lead Chris is one of the top roboticists and autonomous vehicle experts in the world and a longtime voice of reason in a space that is shrouded in both mystery and hype. He both acknowledges the incredible challenges involved in solving the problem baton was driving and is working hard to solve it. This is the artificial intelligence podcast. If you enjoy it, subscribe on youtube, give it five stars on itunes supported on Patreon are simply connect with me on twitter at lex Friedman, spelled F R I D M A N and now here's my conversation with chris, our person. You were part of both the DARPA grand challenge in the DARPA urban challenge teams that seem you with Red Whitaker. What technical or philosophical things have you learned from these races? I think the the high order bit was that it could be done.",
          "chapter_name": "Lessons from DARPA Challenges: Autonomous Vehicle Evolution"
        },
        {
          "speaker": "Chris Urmson",
          "speech": "I think that was the thing that was incredible about the first, the grand challenges that I remember, you know, I was a grad student at Carnegie Mellon and there we, it was kind of this dichotomy of it seemed really hard. So that would be cool and interesting but you know, at the time we were the only robotics institute around. And so if we went into it and fell in our faces, that would that would be embarrassing. Uh So I think, you know , just having the will to go do it to try to do this thing that at the time was marked as, you know, darn near impossible. And and then after a couple of tries to be able to actually make it happen, I think that was yeah, that was really exciting. But at which point did you believe it was possible, Did you from the very beginning, did you personally, because you're one of the lead engineer, you actually had to do a lot of the work. Yeah, it was the technical director there and did a lot of the work along with a bunch of other really good people did. I believe it could be done of course, right?",
          "chapter_name": "Lessons from DARPA Challenges: Autonomous Vehicle Evolution"
        },
        {
          "speaker": "Chris Urmson",
          "speech": "Like why would you go do something ? You thought was impossible, completely impossible. We thought it was gonna be hard. We didn't know how we're going to be able to do it. We didn't know if we'd be able to do it the first time, it turns out we couldn't that yeah ,",
          "chapter_name": "Lessons from DARPA Challenges: Autonomous Vehicle Evolution"
        },
        {
          "speaker": "Lex Fridman",
          "speech": "I guess you have to I think there's a certain benefit to naivete right, that if you don't know how hard something really is. You you try different things and you know, it gives you an opportunity that others who are, you know, wiser maybe don't I don't have what were the biggest pain points, mechanical sensors, hardware, software , algorithms for mapping localization, just general perception, control with the hardware, software. First of all, I think that's the joy of this field, is that it's all hard . Um, and that you have to be good at at each part of it. So for the first for the urban challenges, if I look back at it from today , uh, it should be easy today that it was a static world. There weren't other actors moving through the, is what that means .",
          "chapter_name": "Lessons from DARPA Challenges: Autonomous Vehicle Evolution"
        },
        {
          "speaker": "Chris Urmson",
          "speech": "It was out in the desert. So you get really good GPS, you know, so that that went and, you know, we could map it roughly. And so in retrospect now, it's, you know, it's it's within the realm of things we could do back then, just actually getting the vehicle and the , you know, there's a bunch of engineering work to get the vehicle so that we could control and drive it. That's, you know, that's still a pain today . But it was even more so back then. Uh, and then the uncertainty of exactly what they wanted us to do was part of the challenge as well. Right?",
          "chapter_name": "Lessons from DARPA Challenges: Autonomous Vehicle Evolution"
        },
        {
          "speaker": "Chris Urmson",
          "speech": "You didn't actually know the track heading in, you knew approximately, but, you know, it didn't actually know the route the route that it's gonna be taken. That's right. We didn't know the route and we didn't even really the way the rules have been described, you had to kind of guess. So if you think back to that challenge, the idea was to that the government would give us the DARPA would give us a set of waypoints and kind of the width um that you had to stay within between the line that went between, you know, each of those way points. And so the most devious thing they could have done is that, you know, a kilometer wide corridor across, you know, a field of scrub brush, um and rocks and said, you know, go figure it out, fortunately it really, it turned into basically driving along a set of trails, which is much more relevant to the application they were looking for. But no, it was, it was a hell of a thing back in the day . So uh the Legend Red was kind of leading that effort in terms of just broadly speaking, so you're a leader now, what have you learned from, read about leadership? I think there's a couple things, one is, you know, go and try those really hard things that that's where there is an incredible opportunity. I think the other big one though, is to see people for who they can be, not who they are.",
          "chapter_name": "Lessons from DARPA Challenges: Autonomous Vehicle Evolution"
        },
        {
          "speaker": "Lex Fridman",
          "speech": "It's one of the things that I actually, one of the deepest lessons I learned from , Read was that he would look at undergraduates or graduate students and empower them uh to be leaders, to to, you know, have responsibility to do great things that I think another person might look at them and think, oh that's just you know, an undergraduate student, what could they know? And so I think that that you know, kind of trust but verify, have confidence in what people can become I think is a really powerful thing. So through that it's just like fast forward through the history. Can you maybe talk through the technical evolution of autonomous vehicle systems from the first two grand challenges to the urban challenge to today , Are there major shifts in your mind or is it the same kind of technology just made more robust? I think there's been some big, big steps. So the for the grand challenge, the real technology that unlocked that was HD mapping prior to that a lot of the off road robotics work had been done without any real prior model of what the vehicle was going to encounter.",
          "chapter_name": "Lessons from DARPA Challenges: Autonomous Vehicle Evolution"
        }
      ]
    },
    {
      "name": "Urban Challenge Innovations: Decima Meter Resolution Models",
      "content": [
        {
          "speaker": "Chris Urmson",
          "speech": "And so that innovation that the fact that we could get decima meter resolution models was really a big deal and that allowed us to to kind of bound the complexity of the driving problem the vehicle had and allowed it to operate at speed because we could assume things about the environment that it was going to encounter . So that was that was one of the, that was the big step there for the urban challenge. You know, one of the big technological innovations, there was the multi beam light are And be able to generate high resolution, you know, mid to long range 3D models of the world and use that for, you know, for understanding the world around the vehicle. And that was really a, you know, kind of a game changing technology in parallel with that. We saw a bunch of other technologies that have been kind of converging have their day in the Sun. So Beijing estimation had been, you know, Slam had been a big field in robotics. You would go to a conference, you know, a couple years before that, in Yeah, every paper would effectively have slammed somewhere in it. And so seeing that , you know, that that station estimation techniques, you know, play out on a very visible stage, you know, I thought that was that was pretty exciting to see. And most system was done based on light are at that time.",
          "chapter_name": "Urban Challenge Innovations: Decima Meter Resolution Models"
        },
        {
          "speaker": "Lex Fridman",
          "speech": "Uh, well, yeah, in fact we weren't really doing Slam per se, you know, it , you know, in real time because we had a model ahead of time , we had a road map, but we were doing localization and we're using, you know, the lighter or the cameras depending on, you know, who exactly was doing it to, to localize to a model of the world. And I thought that was that was a big step from get of naively trusting GPS scientists before that and again, lots of work has been going on in this field. Certainly this was not doing anything particularly innovative in slam or in localization, but it was seeing that technology necessary in a real application on a big stage. I thought it was worth very cool. So for the urban challenge that was already maps constructed offline in general. Okay. And uh, do people do that individual, the individual teams do it individually?",
          "chapter_name": "Urban Challenge Innovations: Decima Meter Resolution Models"
        },
        {
          "speaker": "Chris Urmson",
          "speech": "Uh, so they had their own different different approaches there or did everybody kind of share that information at least intuitively. So, so the DARPA gave all the teams a model of the world a, you know, a map and then, you know, one of the things that we had to figure out back then was, and it's still one of the things that trips people up today is actually the coordinate system. Uh, so you get a latitude longitude and you know, to so many different places, you don't really care about kind of the ellipse side of the earth that's being used. But when you want to get to 10 centimeter centimeter resolution, you care whether the court system is, you know, nan's 83 or W G s 80 for or you know, these are different ways to describe both the kind of non spherical nous of the earth, but also um uh kind of the actual in I think I can't remember which one of the tectonic shifts that are happening and how to transform, you know, the global data as a function of that. So you're getting a map and then actually matching it to reality to send me the resolution. That was kind of interesting and fun back then.",
          "chapter_name": "Urban Challenge Innovations: Decima Meter Resolution Models"
        },
        {
          "speaker": "Lex Fridman",
          "speech": "So how much work was the perception doing there? So how how how much were you relying on localization based on maps? Without using perception to register to the maps and how, I guess the question is how advanced was perception at that point. It's certainly behind where we are today, right? We're more than a decade since the grant of the urban challenge. But the core of it was there That we were tracking vehicles.",
          "chapter_name": "Urban Challenge Innovations: Decima Meter Resolution Models"
        },
        {
          "speaker": "Chris Urmson",
          "speech": "We had to do that at 100-plus meter range because we had to merge with other traffic. We were using, you know, Beijing again, Beijing estimates for for state of these vehicles. Um, we had to deal with a bunch of the problems that you think of today of predicting what that where that vehicle is going to be a few seconds into the future. We had to deal with the fact that uh, there were multiple hypotheses for that because a vehicle at an intersection might be going right or it might be going straight or it might be making a left turn. Yeah.",
          "chapter_name": "Urban Challenge Innovations: Decima Meter Resolution Models"
        },
        {
          "speaker": "Lex Fridman",
          "speech": "And we had to deal with the challenge of the fact that our behavior was going to impact the behavior of that other operator and you know, we did a lot of that relative relatively naive ways, but it does Still have to have some kind of selection nose. And so where does that 10 years later? Where does that take us today from that artificial city construction to real cities too? The urban environment. Yeah, I think the biggest thing is that the, you know, the the actors are truly unpredictable that most of the time, you know, the drivers on the road, the other road users are out there behaving well, but everyone's while they're not, the variety of of other vehicles is, you know, you have all of them in terms of behavior in terms of perception or both. Uh, we have back then we didn't have to deal with cyclists. We didn't have to deal with pedestrians, didn't have to deal with traffic lights. You know, the scale over which that you have to operate is now, you know, is much larger than, you know, the airbase that we were thinking about back then. So what is your question ?",
          "chapter_name": "Urban Challenge Innovations: Decima Meter Resolution Models"
        },
        {
          "speaker": "Lex Fridman",
          "speech": "What do you think is the hardest part about driving ? Easy question. Yeah . No, I'm joking. I'm sure no, nothing really jumps out at you as one thing. But in in the jump from the urban challenge to the real world, is there something that's a particular, you foresee a very serious, difficult challenge?",
          "chapter_name": "Urban Challenge Innovations: Decima Meter Resolution Models"
        }
      ]
    },
    {
      "name": "The Role of Leader in Autonomous Vehicle",
      "content": [
        {
          "speaker": "Chris Urmson",
          "speech": "I think the most fundamental difference is that we're doing it for real that in that environment it was both a limited complexity environment because certain actors weren't there? Because, you know, the roads were maintained, there were barriers keeping people separate from from robots at the time . And it only had to work for 60 miles, which looking at it from you know, 2006, it had to work for 60 miles. Right? Um looking at it from now, uh you know, we want things that will go and drive for you know, half a half a million miles and you know, it's just a different game. So how important he said later came into the game early on",
          "chapter_name": "The Role of Leader in Autonomous Vehicle"
        },
        {
          "speaker": "Chris Urmson",
          "speech": "and it's really the primary driver of autonomous vehicles today as a sensor. So how important is the role of leader in the sensor suite in the near term? So I think it's I think it's essential, you know, I believe, but I also believe that cameras are essential and I believe that radar is essential . I think that you really need to use the composition of data from from these different sensors if you want. The thing to to really be robust. The question I wanna ask, let's see if we can untangle is what are your thoughts on the L. A. Mosque provocative statement that lidar is a crutch , that is a kind of I guess growing pains and that's much of the perception task can be done with cameras.",
          "chapter_name": "The Role of Leader in Autonomous Vehicle"
        },
        {
          "speaker": "Lex Fridman",
          "speech": "So I think it is undeniable that people walk around without, you know, lasers on their foreheads and they can get into vehicles and drive them. And and so there's an existence proof that you can drive using, you know, passive vision no doubt can't argue with that in terms of senses. Yes. In terms of census , right? So like there's there's an example that, you know, we all go do it many of us every day in terms of the latter being a crutch. Sure. But you know, in the same way that uh, you know, the combustion engine was a crutch on the path to an electric vehicle in the same way that , you know, any technology ultimately gets replaced by some superior technology in the future.",
          "chapter_name": "The Role of Leader in Autonomous Vehicle"
        },
        {
          "speaker": "Chris Urmson",
          "speech": "And really what the way that I look at this, is That the way we get around on the ground, the way that we use transportation is broken. Um, and that we have, you know, this, this, you know, what was, I think the number I saw this morning, 37,000 Americans killed last year on our roads and that's just not acceptable. And so any technology that we can bring to bear that accelerates the, this technology, self driving technology coming to market and saving lives is technology we should be using. And it feels just arbitrary to say, well, you know, I'm, I'm not okay with using lasers because that's whatever, but I am okay with using an eight megapixel camera or 16 megapixel camera, you know, like it's just, these are just bits of technology and we should be taking the best technology from the tool bin that allows us to go and you know and solve a problem. The question I often talk to uh well obviously you do as well to uh This sort of automotive companies and you know if there's one word that comes up more often than anything is cost and and uh trying to drive costs down. So while it's it's true that it's uh it's a tragic number of the 37,000. The question is what?",
          "chapter_name": "The Role of Leader in Autonomous Vehicle"
        },
        {
          "speaker": "Lex Fridman",
          "speech": "And I'm not the one asking these questions. I hate this question but we have we want to find the cheapest sensor suite that the creative safe vehicle. So in that uncomfortable trade off, do you foresee light are Uh coming down in cost in the future? Or do you see a day where level four autonomy is possible without lighter. I see both of those but it's really a matter of time and I think really, maybe I would talk to the question asked about you know , the cheapest sensor, I don't think that's actually what you want, what you want is a sensor suite that is economically viable and then after that everything is about margin and driving costs out of the system. What you also want is a sense sweet that works. And so it's great to tell a story about how how would be better to have A self driving system with a $50 sensor instead of a $500 dancer .",
          "chapter_name": "The Role of Leader in Autonomous Vehicle"
        },
        {
          "speaker": "Chris Urmson",
          "speech": "But if the $500 sensor makes it work in the $50 sensor doesn't work, you know, who cares? As long as you can actually , you know, have an economic, you know , there's an economic opportunity there and the economic opportunity is important because that's how you actually have a sustainable business and that's how you can actually see this come to scale and and be out in the world . And so when I look at later, I see a technology that has no underlying fundamentally, you know, expense to it, fundamental expense to it. It's it's going to be more expensive than an imager because you know, cmos processes or you know, fat processes are dramatically more scalable than mechanical processes, but we still should be able to drive costs down substantially on that side. And then I also do think that with the right business model you can absorb more, you know, certainly more costs on the bill of materials. Yeah , if the sense of sweet works extra values provided, thereby you don't need to drive costs down to zero. It's basic economics, You've talked about your intuition that level two autonomy is problematic because of the human factor of vigilance, document complacency over trust and so on .",
          "chapter_name": "The Role of Leader in Autonomous Vehicle"
        },
        {
          "speaker": "Chris Urmson",
          "speech": "Just us being human. We over trust the system will start doing even more so partaking in the secondary activities like smartphone and so on. Have your views evolved on this point in either direction. Can you can you speak to it? So I want to be really careful because sometimes this gets twist in a way that I certainly didn't intend?",
          "chapter_name": "The Role of Leader in Autonomous Vehicle"
        }
      ]
    },
    {
      "name": "Level Two Autonomous Vehicle Systems: Opportunities and Challenges",
      "content": [
        {
          "speaker": "Chris Urmson",
          "speech": "So active safety systems are a really important technology that we should be pursuing and integrating into vehicles and there's an opportunity in the near term to reduce accidents, reduce fatalities and that's and we should be, we should be pushing on that. Level two systems are systems where The vehicle is controlling two axes, so breaking and breaking through all slash steering and I think there are variants of level two systems that are supporting the driver that absolutely like we should, we should encourage to be out there where I think there's a real challenge is in the the human factors part around this and the misconception from the public around the capability set that enables and and the trust they should have in it and that is where I, you know, I kind of, I am actually incrementally more concerned around level three systems and you know how exactly a level two system is marketed and delivered and you know how people, how much effort people have put into those human factors. So I still believe several things about this one is people will over trust the technology we've seen over the last few weeks, you know, a spate of people sleeping in their Tesla, you know, I watched an episode last night of Trevor Noah talking about this",
          "chapter_name": "Level Two Autonomous Vehicle Systems: Opportunities and Challenges"
        },
        {
          "speaker": "Chris Urmson",
          "speech": "and you know him, you know, this is a smart guy who has a lot of resources at his disposal, describing a Tesla as a self driving car and that why shouldn't people be sleeping in their Tesla was like, well, because it's not a self driving car and it is not intended to be and you know, these people, well, almost certainly, you know, die at some point or or hurt other people. And so we we need to really be thoughtful about how that technology is described and brought to market. I also think that because of the economic issue, you know, economic economic challenges, we were just talking about that that technology path will these level two driver's system systems, that technology path will diverge from the technology path that we need to be on to actually deliver truly self driving vehicles, ones where you can get it and sleep and have the equivalent or better safety than, you know, a human driver behind the wheel, because the, again, the economics are very different in those two worlds. And so that leads to divergent technology. So, you just don't see the economics of gradually increasing from level two and doing so quickly enough to where it doesn't cost safety, critical safety concerns.",
          "chapter_name": "Level Two Autonomous Vehicle Systems: Opportunities and Challenges"
        },
        {
          "speaker": "Chris Urmson",
          "speech": "You believe that the, it needs to diverge at this point, Uh, two different, basically different routes. And really, that comes back to what are those L two and L one system is doing and they are driver assistance functions, where the people that are marketing that responsibly are being very clear and putting human factors in place such that the driver is actually responsible for the vehicle and that the technology is there to support the driver and the safety cases that are built around. Those are dependent on that driver attention and attentiveness. Uh and at that point you you can kind of give up to some degree for economic reasons, you can give up on say false negatives.",
          "chapter_name": "Level Two Autonomous Vehicle Systems: Opportunities and Challenges"
        }
      ]
    },
    {
      "name": "The Dilemma of Trust in Autonomous Vehicle",
      "content": [
        {
          "speaker": "Chris Urmson",
          "speech": "Uh, so, and and the way to think about this is for a four collision mitigation braking system, if it half the time the driver missed the vehicle in front of it, uh it hit the brakes and brought the vehicle to stop. That would be an incredible, incredible advances in safety on our roads, right, that would be equivalent to seat belts, but it would mean that if that vehicle wasn't being monitored, it would hit one out of two cars.",
          "chapter_name": "The Dilemma of Trust in Autonomous Vehicle"
        },
        {
          "speaker": "Chris Urmson",
          "speech": "And so economically, that's a perfectly good Solution for a driver assistance system. What you should do at that point, if you can get it to work 50% of the time, is drive the cost out of that so you can get it on as many vehicles as possible. But driving the cost out of it doesn't drive up performance on the false negative case and so you'll continue to not have a technology that could really be available for, for a self driving vehicle. So clearly the communication and this probably applies to all four vehicles as well. The marketing and communication of what the technology actually capable of how hard it is, how easy it is. All that kind of stuff is highly problematic. Uh, so say everybody in the world was perfectly communicated and were made to be completely aware of every single technology out there.",
          "chapter_name": "The Dilemma of Trust in Autonomous Vehicle"
        },
        {
          "speaker": "Lex Fridman",
          "speech": "What they what it's able to do, What's your intuition and now we're maybe getting into philosophical ground, is it possible to have a level two vehicle where we don't over trust it? I don't think so if people truly understood the risks uh and and internalized it then then sure you can do that safely. But that that's a world that doesn't exist that people are going to, they're going to, you know, if the facts are put in front of them, they're going to then combine that with their experience and you know, let's say they're they're using an L. Two system and they go up and down the 1 to 1 every day and they do that for a month and it just worked every day for a month. Um like that's pretty compelling at that point. You know, just even if you know the statistics, you're like, well I don't know, maybe there's something funny about those, maybe they're, you know, driving in difficult places. Like I've seen it with my own eyes, it works. And the problem is that that sample size that they have.",
          "chapter_name": "The Dilemma of Trust in Autonomous Vehicle"
        },
        {
          "speaker": "Chris Urmson",
          "speech": "So it's 30 miles up and now 60 miles times 30 days, 60 880,800 miles. That's that's a drop in the bucket compared to the one, you know what, 85 million miles between fatalities . And so they don't really have a true estimate based on their personal experience of the real risks, but they're going to trust it anyway because it's hard not to work for a month, what's going to change? So even if you start a perfect understanding of the system, your own experience will make a drift. I mean, that's a big concern over a year, over two years. Even, it doesn't have to be months. And I think that as this technology moves from , well, I'd say it's kind of the more technology savvy ownership group to, you know , the mass market, you may be able to have some of those folks who are really familiar with technology, they may be able to internalize it better.",
          "chapter_name": "The Dilemma of Trust in Autonomous Vehicle"
        },
        {
          "speaker": "Lex Fridman",
          "speech": "Uh and, you know, you're kind of immunization against this kind of false risk assessment might last longer . But as folks who are who aren't as savvy about that, you know, read the material and they compare that to the personal experience. I think there that, you know, it's it's going to mhm. It's going to move more quickly. So your work , the program that you created a google. And now at Aurora has focused more on the second path of creating full autonomy. So it's such a fascinating, I think it's one of the most interesting ai problems of the century.",
          "chapter_name": "The Dilemma of Trust in Autonomous Vehicle"
        },
        {
          "speaker": "Chris Urmson",
          "speech": "Right. It's uh, I just talked to a lot of people, just regular people. I don't know my mom about autonomous vehicles and you begin to grapple with ideas of giving your life control over to a machine. It's philosophically interesting. It's practically interesting. So let's talk about safety. How do you think we demonstrate ?",
          "chapter_name": "The Dilemma of Trust in Autonomous Vehicle"
        },
        {
          "speaker": "Chris Urmson",
          "speech": "You've spoken about metrics in the past? How do you think we demonstrate to the world that autonomous vehicle under our system is safe? This is one where it's difficult because there isn't a sound byte answer that we have to show a combination of uh work that was done diligently and thoughtfully.",
          "chapter_name": "The Dilemma of Trust in Autonomous Vehicle"
        }
      ]
    },
    {
      "name": "Autonomous Vehicle Safety: A Functional Approach",
      "content": [
        {
          "speaker": "Chris Urmson",
          "speech": "And this is where something like a functional safety process as part of that is like, here's, here's the way we did the work that means that we were very thorough. So, you know, if you believe that we, what we said about this is the way we did it, then you can have some confidence that we were thorough in in, in the engineering work we put into the system and then on top of that, you know, to kind of demonstrate that we weren't just thorough. We were actually good at what we did. There will be a kind of a collection of evidence uh in terms of demonstrating that the capabilities work the way we thought they did, you know, statistically and to whatever degree we can we can demonstrate that both in some combination of simulation, some combination of, of unit testing and decomposition testing and then some part of it will be on road data. And, and I think the way we're will ultimately convey this to the public is there'll be clearly some conversation with the public about it. But well, you know, kind of invoke the kind of the trusted nodes and that will spend more time being able to go into more depth with folks like Nitze and other federal and state regulatory bodies and kind of given that they are operating in the public interest and they're trusted that if we can, you know, show enough work to them that they're convinced, then, you know, I think we're in a , in a pretty good place.",
          "chapter_name": "Autonomous Vehicle Safety: A Functional Approach"
        },
        {
          "speaker": "Chris Urmson",
          "speech": "That means you work with people that are essentially experts at safety to try to discuss and show. Do you think, uh, the answer is probably no. But just in case do you think there exists a metric? So currently people have been using a number of this engagements and it quickly turns into a marketing scheme to, to sort of, you alter the experience you run to adjust. I think you've spoken that you don't like, I don't love it. No.",
          "chapter_name": "Autonomous Vehicle Safety: A Functional Approach"
        },
        {
          "speaker": "Chris Urmson",
          "speech": "In fact, I was on the record telling D. M. V. That I thought this was not a great metric. Do you think it's possible to create a metric? A number that that could demonstrate safety outside of fatalities? So, so I I do.",
          "chapter_name": "Autonomous Vehicle Safety: A Functional Approach"
        },
        {
          "speaker": "Chris Urmson",
          "speech": "And I think that it won't be just one number . So as we are internally grappling with us and, and at some point we'll be, we'll be able to talk more publicly about it is how do we think about human performance in different tasks, say detecting traffic lights or um, safely making a left turn across traffic? And what do we think the failure rates are for those different capabilities for people and then demonstrating to ourselves and then ultimately, uh, focus on regulatory role and then ultimately the public that we have confidence that our system will work better than that . And so these these individual metrics will, can tell a compelling story. Ultimately, I do think at the end of the day, what we care about in terms of safety is life saved , uh, and injuries reduced. And then, and then ultimately, you know, kind of casualty dollars that people aren't having to pay to get their car fixed. And I do think that you can, you know, in aviation, they look at a kind of an event pyramid where, you know, crashes at the top of that. And that's the worst event , obviously.",
          "chapter_name": "Autonomous Vehicle Safety: A Functional Approach"
        },
        {
          "speaker": "Lex Fridman",
          "speech": "And then there's injuries and, you know, near miss events and whatnot. And, and, you know , violation of operating procedures and you kind of build a a statistical model of , of the relevance of the the low severity things of the high speed of things . I think that's something where we'll be able to look at as well because You know an event per 85 million miles, you know statistically a difficult thing even at the scale of the US um to to to kind of compare directly and that event the fatality that's connected to an autonomous vehicle is significantly at least currently magnified in the amount of uh attention again. So that speaks to public perception. I think the most popular topic about autonomous vehicles in the public is um the trolley problem formulation right? Which has let's not get into that too much but is misguided in many ways. But it speaks to the fact that people are grappling with this idea of giving control over to a machine . So how do you win the the hearts and minds of the people that autonomy is something that could be part of their lives, how you let them experience it? Right.",
          "chapter_name": "Autonomous Vehicle Safety: A Functional Approach"
        }
      ]
    },
    {
      "name": "Autonomous Vehicles: Scaling Deployment and Future Prediction",
      "content": [
        {
          "speaker": "Chris Urmson",
          "speech": "I think it's I think I think it's right. I think people should be skeptical. I think people should ask questions. I think they should doubt because this is something new and different. They haven't touched it yet and I think it's perfectly reasonable and but at the same time it's clear there's an opportunity to make the roads safer.",
          "chapter_name": "Autonomous Vehicles: Scaling Deployment and Future Prediction"
        },
        {
          "speaker": "Chris Urmson",
          "speech": "It's clear that we can improve access to mobility. It's clear that we can reduce the cost of mobility and that once people try that and are understand that it's safe and are able to use in their daily lives. I think it's one of those things that will, we'll just be obvious. And I've seen this practically in demonstrations that I've given, where I've had people come in and you know, they're very skeptical and they get in a vehicle, you know, my favorite one is taking somebody out on the freeway and we're on the one the one driving at 65 miles an hour and after 10 minutes, they kind of turn and ask, is that all it does? And you're like , it's self driving car. I'm not sure exactly what you thought it would do, right.",
          "chapter_name": "Autonomous Vehicles: Scaling Deployment and Future Prediction"
        },
        {
          "speaker": "Chris Urmson",
          "speech": "Um, but they, you know, they, it becomes mundane, which is, which is exactly what you want a technology like this to be right. We don't really, when I turned the light switch on and here, I don't think about the complexity of, you know, those electrons, you know, being pushed down a wire from wherever it was and being generated, like it's just, it's like I just get annoyed if it doesn't work, right? And and what I value is the fact that I can do other things in this space, I can, you know, see my colleagues , I can read stuff on a paper, I can , you know, not be afraid of the dark. And I think that's what we want this technology to be like, is it's it's in the background and people get to have those most life experiences and and do so safely? So putting this technology in the hands of people speaks to scale of deployment. All right.",
          "chapter_name": "Autonomous Vehicles: Scaling Deployment and Future Prediction"
        },
        {
          "speaker": "Chris Urmson",
          "speech": "So what do you think the dreaded question about the future? Because nobody can predict the future, but just maybe uh , speak poetically about when do you think we'll see a large scale deployment of Autonomous Vehicles? 10,000? Those kinds of numbers? We'll see that within 10 years. I'm pretty confident. We um, what's an impressive scale? What moment? Uh, so you you've done DARPA challenge with this one vehicle at which moment does it become? Wow, this is serious scale. So, so I think the moment it gets serious is when we really do have driverless vehicle operating on public roads and that we can do that kind of continuously without a safety without a safety Driver in the vehicle.",
          "chapter_name": "Autonomous Vehicles: Scaling Deployment and Future Prediction"
        },
        {
          "speaker": "Lex Fridman",
          "speech": "I think at that moment we've kind of crossed the 0-1 threshold and then it is about how do we continue to scale that? How do we build the right business models? How do we build the right customer experience around it so that it is actually, you know, a useful product out in the world. And I think that is really at that point it moves from a, you know, what is this kind of mixed science engineering project into engineering and commercialization and really starting to deliver on the value that we all see here. Uh, and you know, actually making that real in the world, what do you think that deployment looks like? Where do we first see the inkling of No safety driver one or 2 cars here and there? Is it on the highway?",
          "chapter_name": "Autonomous Vehicles: Scaling Deployment and Future Prediction"
        }
      ]
    },
    {
      "name": "Perception Forecasting Breakthroughs for Autonomous Vehicle",
      "content": [
        {
          "speaker": "Chris Urmson",
          "speech": "Is it in specific routes in the urban environment? I think it's gonna be urban , suburban type environments? Yeah, we with a roar when we thought about how to tackle this, it is kind of in vogue to think about trucking as opposed to urban driving. And, and, you know, the, again, the human intuition around this is that freeways are easier to drive on because everybody's kind of going in the same direction and, you know, lane's a little wider, et cetera. And I think that that intuition is pretty good , except we don't really care about most of the time. We, we care about all of the time. Uh, and when you're driving on a freeway with the truck, say, uh , 70, mph, Uh, you've got \u00a370,000 load with you, that's just an incredible amount of kinetic energy.",
          "chapter_name": "Perception Forecasting Breakthroughs for Autonomous Vehicle"
        },
        {
          "speaker": "Chris Urmson",
          "speech": "Uh, and so when that goes wrong, it goes really wrong and that, um, those, those challenges that you see occur more rarely, so you don't get to learn as as quickly. Uh, and they're, you know, incrementally more difficult than urban driving, but they're not easier than urban driving. And so I think this happens in moderate speed, Urban environments because they're, you know, if if two vehicles crashed at 25mph, it's not good, but probably everybody walks away and those, those events where there's the possibility for that occurring happened frequently. So we get to learn more rapidly, We get to do that with lower risk for everyone and then we can deliver value to people that they need to get from one place to another and then once we've got that solved, then the kind of the freeway driving part of this just falls out. But we were able to learn more safely more quickly in the urban environment. So 10 years and then scale 2030 years.",
          "chapter_name": "Perception Forecasting Breakthroughs for Autonomous Vehicle"
        },
        {
          "speaker": "Chris Urmson",
          "speech": "I mean, who knows if, if it's sufficiently compelling experiences created, it can be faster and so , or do you think there could be breakthroughs and what kind of break throughs might there be that completely changed that timeline? Again, not only am I asking to predict the future, I'm asking you to predict breakthroughs that haven't happened yet. So what's the, I think another way to ask that was would be if I could wave a magic wand, what part of the system would I make work today to accelerate as quick as possible quickly as possible. Don't say infrastructure, please don't stay infrastructure. So it's definitely not infrastructure, uh, it's really that, that perception forecasting capability. So if, if, if tomorrow you could give me a perfect model of what's happened, what is happening and what will happen for the next five seconds around a vehicle on the roadway that would accelerate things pretty dramatically. Are you in terms of staying up at night, are you mostly bothered by cars, pedestrians or cyclists? So I I worry most about the vulnerable road users, about the combination of cyclists and cars, just cyclists and pedestrians, because, you know, they're not in armor, you know, with the cars, they're bigger, they've got protection for the people. And so the ultimate risk is lower there, whereas a pedestrian cyclist, they're out on the road and you",
          "chapter_name": "Perception Forecasting Breakthroughs for Autonomous Vehicle"
        }
      ]
    }
  ]
}