{
  "speakers": [
    "Lex Fridman",
    "Christof Koch"
  ],
  "episode_name": "christof-koch-consciousness",
  "chapters": [
    {
      "name": "Exploring the Nature of Human Consciousness with Lex Friedman",
      "content": [
        {
          "speaker": "Lex Fridman",
          "speech": "Welcome to the artificial intelligence podcast. My name is Lex Friedman. I'm a research scientist at MIT. If you would like to skip ahead to the conversation with Crystal Co. I started introducing him at about the one minute and 32nd mark. This podcast is an extension of the courses on deep learning autonomous vehicles and artificial general intelligence that have taught and organized. It is not only about machine learning or robotics or neuroscience or philosophy or anyone technical field it considers all these avenues of thought in a way that is hopefully accessible to everyone. The aim here is to explore the nature of human and machine intelligence, the big picture of understanding the human mind and creating echoes of it in the machine. To me that is one of our civilizations most challenging and exciting scientific journeys into the unknown. I will first repost parts of previous youtube conversations and electric units that can be listened to without video. If you want to see the video version, please go to my Youtube channel my user name there on twitter and everywhere else is lex Friedman spelled F. R I. D . Without the E. So reach out and connect if you find these conversations interesting in this episode. I talked with Krystof Co, who's one of the seminal figures in the fields of neurobiology, neuroscience and generally in the study of consciousness.",
          "chapter_name": "Exploring the Nature of Human Consciousness with Lex Friedman"
        },
        {
          "speaker": "Lex Fridman",
          "speech": "He's the President and chief scientific officer of the Allen Institute of Brain Science in Seattle 1986 until 2013. He was a professor at Caltech. His work has received over 100,000 citations. He's the author of several books, including consciousness confessions of romantic reductionist. His research is writing his ideas have had a big impact on the scientific community and the general public in the way we think about consciousness and in the way we think of ourselves as human beings . I enjoyed and learned a lot from this conversation.",
          "chapter_name": "Exploring the Nature of Human Consciousness with Lex Friedman"
        },
        {
          "speaker": "Lex Fridman",
          "speech": "I hope you do as well. Okay, before we delve into the beautiful mysteries of consciousness, let's zoom out a little bit and let me ask, do you think there is intelligent life out there in the universe? Yes, I do believe so. We have no evidence of it . But I think the probabilities are overwhelming in favor of it given the universe, Well, we have 10 to the 11 Galaxies and each galaxy has between 10 to 11, 10 to the 12 stars and we know more stars have one or more planets. So how does that make you feel?",
          "chapter_name": "Exploring the Nature of Human Consciousness with Lex Friedman"
        },
        {
          "speaker": "Christof Koch",
          "speech": "It still makes me feel special because I have experiences, I feel the world, I experience the world and independent of whether there are other creatures or there, I still feel the world, I have access to this world in this very strange, compelling way and that's the core of human existence. Now, you said human, do you think if those intelligent creatures are out there, do you think they experience their world, they are evolved. If they are a product of natural evolution as they would have to be, they will also experience their own world. The consciousness isn't just human, right? It's it's much wider, it's probably it may be spread across all of biology. We have, the only thing that we have special is we can talk about it. Of course not all people can talk about babies and little Children can talk about it. Patients who have, uh, we have a stroke in the, let's see, the left inferior frontal gyrus can talk about it, but most normal adult people can talk about it. And so we think that makes us special compared to let the monkeys or dogs or cats, a miser, all the other creatures that we share the planet with.",
          "chapter_name": "Exploring the Nature of Human Consciousness with Lex Friedman"
        },
        {
          "speaker": "Christof Koch",
          "speech": "But all the evidence seems to suggest that they to experience the world. And so it's overwhelmingly likely that other alien that aliens would also experience their world. Of course, definitely because they have a different sensory , um, the different senses, they have a very different environment, but the fact that I would strongly suppose that they also have experiences if your pain and pleasure and see in some sort of spectrum and here and have all the other senses, of course their language, if they have one would be different. So we might not be able to understand their poetry about the experiences that they have. That's correct. So in a talk in the video, I've heard you mentioned support, So attack sound that you came up with, that you grew up with this part of your family when you were young.",
          "chapter_name": "Exploring the Nature of Human Consciousness with Lex Friedman"
        },
        {
          "speaker": "Lex Fridman",
          "speech": "First of all your technically a midwestern boy you just technically but after that you traveled around a bit hence a little bit of the accent you talked about support. So the docks around having these elements of humanness of consciousness that you discovered. So I just wanted to ask can you look back in your childhood and remember one was the first time you realize you yourself sort of from a third person perspective our our conscious being, this idea of you know stepping outside yourself and seeing there's something special going on here in my brain. I can't really actually it's a good question.",
          "chapter_name": "Exploring the Nature of Human Consciousness with Lex Friedman"
        }
      ]
    },
    {
      "name": "The Mind-Body Problem: Consciousness, Experience, and AI",
      "content": [
        {
          "speaker": "Christof Koch",
          "speech": "I'm not sure I recall a discrete moment. I mean you take it for granted because that's the only world you know are the only world I know",
          "chapter_name": "The Mind-Body Problem: Consciousness, Experience, and AI"
        },
        {
          "speaker": "Christof Koch",
          "speech": "you know it's the world of seeing and hearing voices and touching and all the other things. So it's only much later at early in my undergraduate days when I became when I enrolled in physics and in philosophy that I really thought about it and thought well this is really fundamentally very very mysterious. And there's nothing really in physics right now that explains this transition from the physics of the brain. two feelings where do the feelings come in? All right? So you can look at the foundational equation of quantum mechanics, general relativity.",
          "chapter_name": "The Mind-Body Problem: Consciousness, Experience, and AI"
        },
        {
          "speaker": "Christof Koch",
          "speech": "You can look at the period table of the elements. You can you can look at the endless A. T. G. C. Chat in our genes and nowhere is consciousness. Yet I wake up every morning to a world where I have experiences and so that's the heart of the ancient mind body problem. How do experiences get into the world? So what is consciousness experience consciousness is any any any experience? Some people call it subjective feeling. Some people call it phenomenon phenomenology. Some people call it quality of the philosophy but they all they know the same thing. It feels like something in the famous words of the philosopher thomas Nagel it feels like something to be a bad or to be uh american or to be angry or to be sad or to be in love or to have pain.",
          "chapter_name": "The Mind-Body Problem: Consciousness, Experience, and AI"
        },
        {
          "speaker": "Christof Koch",
          "speech": "And that is what experiences any possible experience could be as mundane as just sitting in a chair. Could be as exalted as you know having a mystical moment you know in deep meditation those are just different forms of experiences experience. So if you were to sit down with maybe the next skip a couple generations of IBM Watson. Something that won jeopardy. What is the gap?",
          "chapter_name": "The Mind-Body Problem: Consciousness, Experience, and AI"
        },
        {
          "speaker": "Christof Koch",
          "speech": "I guess the question is between Watson that might be much smarter than you than us than all any human alive but may not have experience. What is the gap? Well so that's a big big question that's occupied people for the last certainly the last 50 years since we you know since the advent the birth of of computers. That's a question alan turing title answer. And of course he did it in this indirect way by proposing its tests and operational test. So but that's not really, that's you know, he tried to get it. What does it mean for a person to think?",
          "chapter_name": "The Mind-Body Problem: Consciousness, Experience, and AI"
        },
        {
          "speaker": "Christof Koch",
          "speech": "And then he had this test right? You lock them away and then you have a communication with them and then you try to guess after a while whether that is a person or whether it's a computer system. There's no question that now or very soon, you know Alexa or Siri or google now will pass this test right ? And you can game it. But you know, ultimately certainly in your generation there will be machines that will speak with complete poise that will remember everything you ever said. They will remember every email you ever had like like Samantha remember in the movie her there's no question is going to happen. But of course the key question is it doesn't feel like anything to be Samantha in the movie her. Does it feel like anything to be Watson? And there one has to be very, very strongly I think there are two different concepts here that we co mingle.",
          "chapter_name": "The Mind-Body Problem: Consciousness, Experience, and AI"
        },
        {
          "speaker": "Christof Koch",
          "speech": "There is a concept of intelligence, natural or artificial and there is a concept of consciousness of experience natural or artificial. Those are very very different things. Now historically we associate consciousness with intelligence. Why? Because we live in a world leaving aside computers of natural selection where we're surrounded by creatures either our own kin that are less or more intelligent or we go across species. Some some are more adapted to particular environments.",
          "chapter_name": "The Mind-Body Problem: Consciousness, Experience, and AI"
        },
        {
          "speaker": "Christof Koch",
          "speech": "Others are less adapted whether it's a whale or dog or you go talk about the poor medium or a little worm. All right. And and we see the complexity of the nervous system goes from one cell to specialized cells to a worm that has seen it that have 30% of its cells and nerve cells. Two creatures like us or like a blue whale that has 100 billion even more nerve cells. And so based on behavioral evidence and based on the underlying neuroscience, we believe that as these creatures become more complex, they are better adapted to it to their particular ecological niche. And they become more conscious partly because their brain calls and we believe consciousness unlike the ancient ancient people thought most almost every culture thought that consciousness with intelligence has to do with your heart. And you still say that today you see honey, I love you with all my house.",
          "chapter_name": "The Mind-Body Problem: Consciousness, Experience, and AI"
        },
        {
          "speaker": "Christof Koch",
          "speech": "But what you should actually say say no honey, I love you with all my lateral hypothalamus and for valentine's day you should give you a sweetheart. You know, hypothalamic piece of chocolate and not a heart shaped chocolate. Right. Anyway, so we still have this language, but now we believe it's the brain. And so we see brains of different complexity and we think, well, they have different levels of consciousness. They're capable of different experiences. Um, but now we confront the world where we know where we're beginning to engineer intelligence and its radical unclear whether the intelligence were engineering has anything to do with consciousness and whether it can experience anything because fundamentally what's the difference intelligence is about function intelligence, no matter exactly how you define it, sort of adaptation to new environments, being able to learn and quickly understand, you know, the setup of this and what's going on and who the actors and what's going to happen next. That's all about function.",
          "chapter_name": "The Mind-Body Problem: Consciousness, Experience, and AI"
        },
        {
          "speaker": "Christof Koch",
          "speech": "Consciousness is not about function consciousness is about being, it's in some sense much fundamental. You can see folks that you can see this in in several cases, you can see it for instance, in the case of the clinic, when you're dealing with patients who are let's say had a stroke or had were in traffic accident, et cetera. They're pretty much immobile. Terri Shiavo, you may have heard historically, She was a person here in the in the 90s in Florida.",
          "chapter_name": "The Mind-Body Problem: Consciousness, Experience, and AI"
        }
      ]
    },
    {
      "name": "Consciousness: Locked-in, Dreams, and Mystical Experiences",
      "content": [
        {
          "speaker": "Christof Koch",
          "speech": "Her heart stood still. She was reanimated and for the next 14 years she was called in a vegetative state.",
          "chapter_name": "Consciousness: Locked-in, Dreams, and Mystical Experiences"
        },
        {
          "speaker": "Christof Koch",
          "speech": "There are thousands of people in a vegetative state. So they're, you know, they're, you know, they're like this occasionally they open their eyes for 234568 hours and then close their eyes. They have sleep wake cycle occasionally have behaviors. They do like uh you know, there but there's no way that you can establish a lawful relationship between what you say or the doctor says or the mom says and what the patient does. So so the so the there isn't any behavior yet in some of these people there is still experience. You can, you can design and build brain machine interfaces where you can see they still experience something. And of course that these cases have locked in state. There's a famous book called The diving Bell and the Butterfly where you had an editor of french editor, he had a stroke in the in the brain stem, unable to move except his vertical eyes, eye movement. You could just move his eyes up and down and he dictated an entire book and some people even lose this at the end. All the evidence seems to suggest that they're still in there. In this case you have no behavior, you have consciousness.",
          "chapter_name": "Consciousness: Locked-in, Dreams, and Mystical Experiences"
        },
        {
          "speaker": "Christof Koch",
          "speech": "Second cases tonight, like all of us, you're going to go to sleep, close your eyes, you go to sleep, you will wake up inside your sleeping body and you will have conscious experiences. They are different from everyday experience. You might fly. You might not be surprised at your flying, You might meet a long dead pet childhood dog and you're not surprised that you're meeting them. But you have conscious experience of love of hate. You know, they can be very emotional. Your body during this stage, typically to them state sends an active signal to your motor neurons to paralyze you. It's called antonia.",
          "chapter_name": "Consciousness: Locked-in, Dreams, and Mystical Experiences"
        },
        {
          "speaker": "Christof Koch",
          "speech": "Because if you don't have that, like some patients, what do you do? You act out your dreams, you get functional and behavioral disorder, which is a bad, which is bad, juju to get okay. Third case is pure experience. So I recently had this, yeah, what some people call a mystical experience. I went to Singapore and went into a flotation tank.",
          "chapter_name": "Consciousness: Locked-in, Dreams, and Mystical Experiences"
        },
        {
          "speaker": "Lex Fridman",
          "speech": "Right? So this is a big tub filled with with water that's body temperature and absent salt. You stripped completely naked, you lie inside of it, you close the darkness, complete darkness soundproof. So very quickly you become bodiless because you're floating and you're naked. You have no rings, no watch, no nothing. You don't feel your body anymore. There's no sound soundless, there's no uh fought on uh sightless timeless because after a while early on you actually hear your heart but then that you you you sort of adapt to that and then sort of the passage of time caesar's.",
          "chapter_name": "Consciousness: Locked-in, Dreams, and Mystical Experiences"
        },
        {
          "speaker": "Christof Koch",
          "speech": "And if you train yourself like in a in a meditation not to think early on you think a lot it's a little bit spooky, you feel somewhat uncomfortable or you think, well, I'm going to get bored, but if you try to not to think actively, you become mindless. So there you are bodiless timeless, you know, soundless, sightless, mindless. But you're in a conscious experience, you're not asleep, you're not asleep, you're you you are being of pure pure pure being. There isn't any function. You aren't doing any computation, you're not remembering, you're not projecting, you're not planning yet, you're fully conscious, you're fully conscious, there's something going out there . It could be just a side effect . So what is the the you mean the phenomenon?",
          "chapter_name": "Consciousness: Locked-in, Dreams, and Mystical Experiences"
        },
        {
          "speaker": "Lex Fridman",
          "speech": "So what's the selective meaning? Why ? Uh what what is the function of you being able to lay in this uh sensory free deprivation tank and still have a conscious experience revolutionary. Obviously we didn't evolve with flotation tanks in and our environment. I mean, so biology is notoriously bad at asking why? Question to economical question, why do we have two eyes? Why don't we have four or three years or something? Well no, there's probably there's a function to that.",
          "chapter_name": "Consciousness: Locked-in, Dreams, and Mystical Experiences"
        },
        {
          "speaker": "Christof Koch",
          "speech": "But we're not very good at answering those questions. We can speculate and leslie where biology is very or scientists very good about mechanistic question why that charge in the universe, right? We find ourselves in a universe where the positive negative charges, Why why does Quantum mechanics Hall you know why why why doesn't some other theory, whole quantum mechanics or in our university is very unclear why. So tell economical question why questions are difficult to answer clearly there's some relationship between complexity, brain processing power and consciousness. But but however in these cases in these three examples. Okay I gave one is an everyday experience at night.",
          "chapter_name": "Consciousness: Locked-in, Dreams, and Mystical Experiences"
        },
        {
          "speaker": "Christof Koch",
          "speech": "The other one is a tom and third one is in principle you can everybody can have these sort of mystical experiences. You have a dissociation of function from of intelligence. From uh from consciousness consciousness. You called me asking a why question. Uh let me ask a question. That's not a why question. You're giving a talk later today on the turing test for intelligence and conscience of drawing lines between The two.",
          "chapter_name": "Consciousness: Locked-in, Dreams, and Mystical Experiences"
        },
        {
          "speaker": "Christof Koch",
          "speech": "So is there a scientific way to say there's consciousness present in this entity or not? And uh to anticipate your answer because you you also there's a neuro biological answer. So we can test the human brain. But if you take a machine brain that you don't know tests for yet how would you even begin to approach a test if there's consciousness present in this thing? Okay that's a really good question. So let me take in two steps. So as you point out for for for for humans let's just stick with humans. There's now a test called zap and zip is a procedure where you ping the brain using transcranial magnetic stimulation.",
          "chapter_name": "Consciousness: Locked-in, Dreams, and Mystical Experiences"
        }
      ]
    },
    {
      "name": "The Quest for Consciousness: Koch's Theory and Beyond",
      "content": [
        {
          "speaker": "Christof Koch",
          "speech": "You look at the electrical reverberations essentially using E. G. And then you can measure the complexity of this brain response and you can do this in a wake people in a sleep, normal people. You can do it In a wake people and then anesthetized them. You can do it in patients and it it has 100% accuracy that in all those cases when you're clear the patient or the person is either conscious or unconscious, the complexities either high or low. And then you can adopt these techniques to similar creatures like monkeys and dogs and and and mice that have very similar brains. Now, of course, you you point out that may not help you because we don't have a cortex, you know, and if I send a magnetic pulse into my iphone or my computer, it's probably going to break something.",
          "chapter_name": "The Quest for Consciousness: Koch's Theory and Beyond"
        },
        {
          "speaker": "Christof Koch",
          "speech": "So we don't have that. So what we need, ultimately we need a theory of consciousness. We can't just rely on our intuition. Our intuition is. Well, yeah, if somebody talks, they're conscious.",
          "chapter_name": "The Quest for Consciousness: Koch's Theory and Beyond"
        },
        {
          "speaker": "Christof Koch",
          "speech": "However, then there are all these pages Children babies don't talk right, But we believe that the babies also have conscious experiences, right? And then there are these patients I mentioned, uh , they don't talk when you dream. You can't talk because you're paralyzed. So, so what, what we ultimately need. We can't just rely on our intuition. We need a theory of conscience that tells us, what is it about a piece of matter? What is it about? A piece of highly excitable matter like the brain or like a computer that gives rise to conscious experience. We all believe none of us believe anymore in the old story.",
          "chapter_name": "The Quest for Consciousness: Koch's Theory and Beyond"
        },
        {
          "speaker": "Christof Koch",
          "speech": "It's a soul that used to be the most common explanation that most people accept that. It's still a lot of people today believe, well there's a, there's God endowed only asked with a special thing that animals don't have renamed the Carp famously said dog, if you hit it with your carriage may yelp me cry, but it doesn't have this special thing, It doesn't have the magic, the magic sauce. It doesn't have gas confidence. That's all. Now we believe that isn't the case anymore . So what is the difference between brains and and these guys Silicon?",
          "chapter_name": "The Quest for Consciousness: Koch's Theory and Beyond"
        },
        {
          "speaker": "Christof Koch",
          "speech": "And in particular once a behavior matches. So if you have Siri Alexa and 20 years from now that she can talk just as good as any possible human, what counts? Do you have to say? She's not conscious in particular. If she says it's of course he will . Well of course I'm conscious you are, how you doing? And she'll say, well, you know, they'll generate some way to of course she'll behave like a like a person. Now there are several differences.",
          "chapter_name": "The Quest for Consciousness: Koch's Theory and Beyond"
        },
        {
          "speaker": "Christof Koch",
          "speech": "One is so this relates to the problem. The very hard why is consciousness a hard problem? It's because it's subjective, right? Only I have it for only I know I have direct experience of my own consciousness.",
          "chapter_name": "The Quest for Consciousness: Koch's Theory and Beyond"
        },
        {
          "speaker": "Christof Koch",
          "speech": "I don't have experience your consciousness now I assume as a sort of evasion, personal beliefs and probability theory and all of that. You know, I can do, I can do an abduction to the, to the best available facts. I deduce your brain is very similar to mine. If I put you in a scan of your brain is graphic, gonna behave the same way as I do. If if if you know, if I gave you this music and ask you, how does it taste? You tell me things that you know that that I would also say more or less so and for based on all of that, that you're conscious. Now with syria, I can't do that.",
          "chapter_name": "The Quest for Consciousness: Koch's Theory and Beyond"
        },
        {
          "speaker": "Christof Koch",
          "speech": "So there I really need a theory that tells me, what is it about? About any system, this or this that makes it conscious. We have such a Yes.",
          "chapter_name": "The Quest for Consciousness: Koch's Theory and Beyond"
        }
      ]
    },
    {
      "name": "Panpsychism, Dualism, and the Debate of Consciousne",
      "content": [
        {
          "speaker": "Christof Koch",
          "speech": "So the, the integrated information theory. Uh, but let me, first, maybe it's introduction for people are not familiar the car. Can you you talk a lot about uh, Panpsychism, Can you describe what uh, physical is um, versus dualism?",
          "chapter_name": "Panpsychism, Dualism, and the Debate of Consciousne"
        },
        {
          "speaker": "Christof Koch",
          "speech": "You mentioned the soul. What what is the history of that idea? What the idea of Panpsychism? We'll know the debate really out of which Panpsychism can emerge of, of, of uh dualism versus physical is um or do you not see Panpsychism is fitting into that? So, you can argue there's some Well, okay, so let's step back. So, Panpsychism is a very ancient belief that's been around. I mean, plato and totally talks about it.",
          "chapter_name": "Panpsychism, Dualism, and the Debate of Consciousne"
        },
        {
          "speaker": "Lex Fridman",
          "speech": "Modern philosophers talk about it. Of course, in buddhism. the idea is very prevalent that I mean there's different versions of it. One version says everything is installed, Everything rocks and stones and dogs and people and forests and iphones, all of us all, all matter is in Seoul that sort of one version to another version is that all biology, all creatures smaller, large from a single cell to a giant Sequoia tree feel like something that's one I think is somewhat more realistic. Um so the different bird, what do you mean? But I feel like something I have have feelings, have some kind of, it's like some, it may well be possible that it feels like something to be a power medium. I think it's pretty likely it feels like something to be a b or a mouth or a dog. Sure.",
          "chapter_name": "Panpsychism, Dualism, and the Debate of Consciousne"
        },
        {
          "speaker": "Christof Koch",
          "speech": "I said okay, so so that you can say that's also so pants item is very broad. Right? And you can to some people for example, Bertrand Russell tried to advocate this this idea. It's called gasoline mechanism. That that panpsychism is really physics viewed from the inside. So the idea is that physics is very good at describing relationships among objects like charges or like gravity.",
          "chapter_name": "Panpsychism, Dualism, and the Debate of Consciousne"
        },
        {
          "speaker": "Christof Koch",
          "speech": "You know, describe the relation between curvature and mass distribution. Okay, that's the relationship among the physics doesn't really describe the ultimate reality itself. It's just relationship among you know, quarks or all these other stuff from like a third person. Yes and consciousness is what physics feels from the inside. So my conscious experience, it's the way the physics of my brain particular, my cortex feels from the inside. And so if you are poor medium, You've got to remember , you see para meeting. Well, that's a pretty dumb creature.",
          "chapter_name": "Panpsychism, Dualism, and the Debate of Consciousne"
        },
        {
          "speaker": "Christof Koch",
          "speech": "This, but it has already a billion different molecules, probably, you know, 5000 different proteins assembled in a highly highly complex system that no single person, no computer system so far on this planet has ever managed to accurately simulate its complexity vastly escapes us. Yes. And it may well be that that little thing feels like a tiny bit now. It doesn't have a voice in the head like me, it doesn't have expectations. You know, it doesn't have all that complex things, but it may well feel like something. Yeah. So this is really interesting . Can we draw some lines and maybe try to understand the difference between life intelligence and consciousness?",
          "chapter_name": "Panpsychism, Dualism, and the Debate of Consciousne"
        }
      ]
    },
    {
      "name": "Defining Life, Consciousness, and Intelligence: Aristotle's Polymorphism",
      "content": [
        {
          "speaker": "Christof Koch",
          "speech": "How do you see all of those ? If you have to define what is a living thing, what is a conscious thing and what is an intelligent thing? Do those intermix for you or they totally separate? Okay, so, hey, that's a question that we don't have a full answer. A lot of the stuff we're talking about today is full of mysteries and fascinating ones. Right. Well, yeah, you can go to Aristotle who is probably the most important scientists and philosophers ever lived in. Certainly in Western culture, he had this idea. It's called polymorphism.",
          "chapter_name": "Defining Life, Consciousness, and Intelligence: Aristotle's Polymorphism"
        },
        {
          "speaker": "Lex Fridman",
          "speech": "It's quite popular these days that there are different forms of soul. The soul is really the form of something he says. He says all biological creatures have a vegetative soul, that's life principle . Today we think we understand something more that its biochemistry in nonlinear thermodynamics. Right then he said they have a sensitive, so only um animals and humans have also a sensitive soul or an appendage of soul. They can see they can smell and they have drives, they want to reproduce, they want to eat, etcetera. And then only humans have what he called a rational soul. Okay.",
          "chapter_name": "Defining Life, Consciousness, and Intelligence: Aristotle's Polymorphism"
        },
        {
          "speaker": "Christof Koch",
          "speech": "And and that idea that made it into christian dome and then the rational soul is the one that lives forever. He was very unclear. He wasn't really mean different readings of Aristotle give different whether did he believe that rational soul was a mortal or not, I probably think he didn't. But then of course that made it into play to win the Christianity and then this soul became a mortal and then became the connection after two God. Now. So you asked me essentially, what does our modern conception of these three Aristotle would have called them different forms of life?",
          "chapter_name": "Defining Life, Consciousness, and Intelligence: Aristotle's Polymorphism"
        },
        {
          "speaker": "Christof Koch",
          "speech": "We think we know something about it, at least life on this planet. Right? Although we don't understand how it originated, but it's it's been difficult to regularly pin down, you see this in modern definition of death. It's in the fact right now, there's a conference on going again that tries to define legally and medically what is death? It used to be very simple. Death is you stop breathing, your heart stops beating, your dead totally uncontroversial. If you're unsure, you wait another 10 minutes.",
          "chapter_name": "Defining Life, Consciousness, and Intelligence: Aristotle's Polymorphism"
        },
        {
          "speaker": "Christof Koch",
          "speech": "If the patient doesn't breathe, you know, he's dead. Well now we have ventilators, we have had a pacemaker, so it's much more difficult to define what death is typically does is defined at the end of life, and life is defined before death before that. Okay, so we don't have really very good definitions intelligence . We don't have a rigorous definition. We know something how to measure it's called I like you're G factors, right? And and we're beginning to build it in in a a now sense. I'd like go alpha, go and and and and Watson and you know, google cars and Uber cars and all of that .",
          "chapter_name": "Defining Life, Consciousness, and Intelligence: Aristotle's Polymorphism"
        },
        {
          "speaker": "Christof Koch",
          "speech": "That's still narrow. Ai and some people are thinking about artificial general intelligence, but roughly as we said before, it's something lose ability to learn and to adapt to new environments. But that is as I said, also it's radical difference from experience and it's very unclear if you build a machine that has a G. I. It's not at all a priori it's not at all clear that this machine will have consciousness, it may or may not. So let's ask it the other way do you think if you were to try to build an artificial general intelligence system, do you think uh figuring out how to build artificial consciousness, would would help you get to to an A. G . I.",
          "chapter_name": "Defining Life, Consciousness, and Intelligence: Aristotle's Polymorphism"
        }
      ]
    },
    {
      "name": "The Quest for Artificial Consciousness: Intelligence vs. Consciousne",
      "content": [
        {
          "speaker": "Lex Fridman",
          "speech": "So or put another way do you think intelligent requires consciousness in human ?",
          "chapter_name": "The Quest for Artificial Consciousness: Intelligence vs. Consciousne"
        },
        {
          "speaker": "Lex Fridman",
          "speech": "It goes hand in hand in human or I think biology, consciousness intelligence goes hand in hand, quick resolution. Because the brain evolved to be highly complex complexity via the theory. Integrated information theory is sort of ultimately is what is closely tied to consciousness. Ultimately it's causal power upon itself. And so in evolution, evolved systems, they go together in artificial system, particularly digital machines, they do not go together. And if you ask me, point blank is Alexa 20.0 in the year 2041 she can easily pass every two intestines. She conscious?",
          "chapter_name": "The Quest for Artificial Consciousness: Intelligence vs. Consciousne"
        },
        {
          "speaker": "Christof Koch",
          "speech": "No, even if she claims she's conscious, in fact, you can even do more radical version of this thought experiment. We can build a computer simulation of the human brain, you know what? Henry Markham in the blue brain project or the human brain project in Switzerland is trying to do Let's grant them all the success. So in 10 years we have this perfect simulation of the human brain. Every neuron is simulated and it has a large mix and it has motor neurons, it has a focus area and of course they'll talk and they'll say hi I just woken up, I feel great. Okay. Even that computer simulation that can in principle map onto your brain will not be conscious why?",
          "chapter_name": "The Quest for Artificial Consciousness: Intelligence vs. Consciousne"
        },
        {
          "speaker": "Christof Koch",
          "speech": "Because it simulates it's a difference between the simulated and the real. So it simulates the behavior associate with consciousness. It might be it will if it's done properly, will have all the intelligence that that particular person they're simulating has but simulating intelligence. It's not the same as having conscious experiences . And I give you a really nice metaphor that engineers and physicists to really get.",
          "chapter_name": "The Quest for Artificial Consciousness: Intelligence vs. Consciousne"
        },
        {
          "speaker": "Christof Koch",
          "speech": "I can write down Einstein's field equation nine or 10 equations that describe the link in general relativity between curvature and mass. I can do that. I can run this on my laptop to predict that the simple the black hole at the center of our galaxy will be so massive that it will twist spacetime around it so no light can escape a black hole . Right? But funny , have you ever wondered why doesn't this computer simulation sucked me in? Right? It simulates gravity, but it doesn't have the cause of power of gravity.",
          "chapter_name": "The Quest for Artificial Consciousness: Intelligence vs. Consciousne"
        },
        {
          "speaker": "Lex Fridman",
          "speech": "That's a huge difference. So, it's a difference between the real and and a simulated, just like it doesn't get wet inside the computer when the computer runs code that simulates a weather storm. And so in order to have to have artificial consciousness, you have to give it the same cause of power as a human brain you have to build so called a neuro morphing machine that has hardware that is very similar to the human brain. Not a digital clark for norman computer. So that's just to clarify though you think that consciousness is not required to create human level intelligence it seems to accompany in the human brain. But for a machine. Not correct. So maybe just because this is a G.",
          "chapter_name": "The Quest for Artificial Consciousness: Intelligence vs. Consciousne"
        },
        {
          "speaker": "Christof Koch",
          "speech": "I let's dig in a little bit about what we mean by intelligence. So one thing is the G. Factor these kind of I. Q. Tests of intelligence. But I think if you may be another way to say so in 2040 2050 people have Siri.",
          "chapter_name": "The Quest for Artificial Consciousness: Intelligence vs. Consciousne"
        }
      ]
    },
    {
      "name": "Consciousness, Fear, and Empathy: Koch's Views on AI and Religion",
      "content": [
        {
          "speaker": "Christof Koch",
          "speech": "That is just really impressive. Do you think people will say serious intelligent? Yes intelligence is this amorphous thing. So to be intelligent it seems like you have to have some kind of connections with other human beings in a sense that you have to impress them with your intelligence and their feels you have to somehow operate in this world full of humans and for that there feels like there has to be something like consciousness. So you think you can have just the world's best natural NLP system, natural language understanding generation and that will be that will get us happy and say you know what we've created in a. G. I I don't know.",
          "chapter_name": "Consciousness, Fear, and Empathy: Koch's Views on AI and Religion"
        },
        {
          "speaker": "Christof Koch",
          "speech": "Happy. Yes I do believe we can get what we call high level functional intelligence particular sort of the G. You know this this fluid like intelligence that we challenge particularly a place like M. I. T. Right in in in machines. I see uh probably no reasons. And I see a lot of reason to believe it's going to happen very you know Over the next 50 years or 30 years. So for beneficial ai for creating an Ai system . That's uh you mentioned ethics that is exceptionally intelligent but also does not do does you know aligns its values with our values of humanity. Do you think then in these consciousness yes I think that that is a very good argument that if we're concerned about ai and the threat of a island Nicb Ostrom existential threat. I think having an intelligent that has empathy, why do we find abusing a dog?",
          "chapter_name": "Consciousness, Fear, and Empathy: Koch's Views on AI and Religion"
        },
        {
          "speaker": "Lex Fridman",
          "speech": "Why do most of us find that abhorrent abusing any animal? Why do we find that abhorrent? Because we have this thing called empathy which if you look at the greek really means feeling with I feel pathos empathy. I have feeling with you. I see somebody else suffer. That isn't even my con specific it's not a person, it's not a love but it's not my wife or my kids. It's it's a dog. But I feel naturally most of us not all of us most of us will feel emphatic. And so it may well be in the long term interest of survival of homo SAPIEN sapiens that if we do build a G. I.",
          "chapter_name": "Consciousness, Fear, and Empathy: Koch's Views on AI and Religion"
        },
        {
          "speaker": "Christof Koch",
          "speech": "And it really becomes very powerful that it has an emphatic response and doesn't just exterminate humanity. So as part of the full conscious experience uh to create a consciousness artificial or in our human consciousness, do you think fear? Maybe we're going to get into uh the earlier days with each and so on. But do you think fear and suffering are essential to have consciousness? Do you have to have a full range of experience to have to have a system that has experience? Or can you have a system that only has a very particular kinds of very positive experiences? Look, you can have in principle, you can people have done this in the rat where you implant electrodes in the hypothalamus, the pleasure center of the rat and the rat stimulate itself above and beyond anything else.",
          "chapter_name": "Consciousness, Fear, and Empathy: Koch's Views on AI and Religion"
        },
        {
          "speaker": "Christof Koch",
          "speech": "It doesn't care about food or natural sex or drink any more to stimulate itself because it's it's such a pleasurable feeling. I guess it's like an orgasm. Just you have, you know, all day long and so a priority. I see no reason why you need um different why you need a great variety. Now, clearly to survive, that wouldn't work. But if I engineered artificially, I don't think, I don't think you need a great variety of conscious experience, you could have just pleasure or just fear, it might be a terrible existence. But I think that's possible, at least on conceptual logical count because any real creature with the artificial engineered, you want to give it fear, the fear of extinction that we all have. And you also want to give it a positive competitive states, states that it wants to, that you want the machine encouraged to do because they give the machine positive feedback. So , you mentioned panpsychism to jump back a little bit.",
          "chapter_name": "Consciousness, Fear, and Empathy: Koch's Views on AI and Religion"
        },
        {
          "speaker": "Christof Koch",
          "speech": "You know, everything having some kind of mental property. How do you go from there to something like human consciousness? So everything having some elements of consciousness too . Is there something special about human consciousness? So, so just it's not everything like a spoon.",
          "chapter_name": "Consciousness, Fear, and Empathy: Koch's Views on AI and Religion"
        },
        {
          "speaker": "Christof Koch",
          "speech": "There's no uh, the form of pants I can I think about doesn't ascribe consciousness to anything like this. The spoon or my liver. However, uh, it is uh, the theory integrated information theory does say that system. Even ones that look from the outside, relatively simple. At least if they have this internal causal power , they are they does feel like something. The theory, apoyo doesn't say anything. What's special about human biologically ?",
          "chapter_name": "Consciousness, Fear, and Empathy: Koch's Views on AI and Religion"
        },
        {
          "speaker": "Christof Koch",
          "speech": "We know what the one thing that's special about human is we speak and we have an overblown sense of our own importance, right? We believe were exceptional. And where does God give to into the universe? But the but behavior, the main thing that we have, we can plan, we can plan over the long term and we have language and that gives us enormous amount of power. And that's why we are the current dominant species on the planet. So you mentioned God, you grew up a devout roman catholic, you know, roman catholic family.",
          "chapter_name": "Consciousness, Fear, and Empathy: Koch's Views on AI and Religion"
        },
        {
          "speaker": "Christof Koch",
          "speech": "So, you know, the consciousness, you're sort of exploring some really deeply fundamental human things that religion also touches on. So where does where does religion fit into your thinking about consciousness? And you've, you've grown throughout your life and change your views on religion as far as I understand? Yeah, I mean, I'm now much closer to, so I'm not a roman catholic anymore. I don't believe there's sort of this guard the God I was educated to believe in, you know, sit somewhere in the fullness of time. I'll be united in some sort of everlasting bliss.",
          "chapter_name": "Consciousness, Fear, and Empathy: Koch's Views on AI and Religion"
        },
        {
          "speaker": "Christof Koch",
          "speech": "I I just don't see any evidence for that. Look, the world, the night is large and full of wonders, right? There are many things that I don't understand. I think many things that we as a cult. Look, we don't even understand more than 4% of all the universe. Right.",
          "chapter_name": "Consciousness, Fear, and Empathy: Koch's Views on AI and Religion"
        },
        {
          "speaker": "Lex Fridman",
          "speech": "Dark matter, dark energy. We have no idea what it is. Maybe it's lost socks. What do I know? So, so all I can tell you is, it's a sort of, my current religious or spiritual sentiment is much closer to some form of Buddhism. Can you? Just without the reincarnation. Unfortunately, there's no evidence for reincarnation. So, can you describe the way buddhism sees the world a little bit well.",
          "chapter_name": "Consciousness, Fear, and Empathy: Koch's Views on AI and Religion"
        }
      ]
    },
    {
      "name": "Exploring the Roots of Consciousness: Rock Climbing, Free Will, and Simulation Hypothesi",
      "content": [
        {
          "speaker": "Christof Koch",
          "speech": "So the, you know, they talk about, so when, when I spent several meetings with the Dalai lama and what always impressed me about him? He really unlike for example, it either the pope or some cardinal, he always emphasized minimizing the suffering of all creatures. So they have this from the early beginning, they look at suffering in all creatures, not just in people, but in in everybody this universal. And of course by degrees right in the animal journal will have its less capable of suffering than a than a well developed uh normally developed human. And they think consciousness pervades in this universe. Uh, and they have these techniques, you know, you can think of them like mindfulness, etcetera and meditation that tries to access sort of what they claim of this more fundamental aspect of reality. I'm not sure it's more fundamentalist, I think about it, there's a physical and then there's this insight view consciousness and those are the two aspects. That's the only thing I've have access to my life. And you've got to remember my conscious experience and your conscious experience comes prior to anything you know about physics comes prior to knowledge about the universe and atoms and superstrings and molecules and all of that. The only thing you directly acquainted with is this world that's populated with with things and images and and sounds in your head and touch us and all of that actually have a question. So it sounds like you kind of have a rich life.",
          "chapter_name": "Exploring the Roots of Consciousness: Rock Climbing, Free Will, and Simulation Hypothesi"
        },
        {
          "speaker": "Lex Fridman",
          "speech": "You talk about rock climbing and it seems like you really love literature and um consciousness is all about experiencing things. So, do you think that has helped your research on this topic? Yes, particularly if you think about it the various states of, for example, you do rock climbing, or now I do a rolling, cool going and and a bike every day. You can get into this thing called the zone. And I've always, I wanna, I wanted about a, particularly with respect to conscience because it's a strangely addictive state. You wanna, you wanna, I mean, once people have it, once they want to keep on going back to it and you wonder what is it so addicting about it? And I think it's the experience of almost close to pure experience , because in this, in this zone you're not conscious of in a voice anymore, but there's always in a voice nagging you, like you have to do this, you have to do that, you have to pay your taxes, you had this fight with your ex and all of those things are always there. But when you're in the zone, all of that is gone and you're just in this wonderful state where you're fully out in the world, like your you're climbing or you're rowing or biking or doing soccer, whatever you're doing and sort of consciousness sort of, this is your all action or in this case of pure experience, you're not action at all. But in both cases you experience some aspect of you touch some basic part of of of conscious existence. That is so basic and so deeply satisfying.",
          "chapter_name": "Exploring the Roots of Consciousness: Rock Climbing, Free Will, and Simulation Hypothesi"
        },
        {
          "speaker": "Christof Koch",
          "speech": "Yeah, I think you touch the root of being. That's really what you're touching there. You're getting close to the root of being and that's very different from intelligence . So what do you think about the simulation hypothesis, simulation theory? The idea that we all live in a computer simulation? Have you given? Yeah, just for notes, I think it's I think it's as likely as the hypothesis had engaged hundreds of scholars for many centuries.",
          "chapter_name": "Exploring the Roots of Consciousness: Rock Climbing, Free Will, and Simulation Hypothesi"
        },
        {
          "speaker": "Christof Koch",
          "speech": "Are we all just existing in the mind of God. Right. Right. And this is just a modern version of it. It's it's it's equally plausible. People love talking about these sorts of things .",
          "chapter_name": "Exploring the Roots of Consciousness: Rock Climbing, Free Will, and Simulation Hypothesi"
        },
        {
          "speaker": "Christof Koch",
          "speech": "I know the book written about the simulation hypothesis. If that's what people want to do, that's fine. It seems rather esoteric. It's never testable, but it's not useful for you to think of it in those terms. So maybe connecting to the questions of free will, which you've talked about? I think I vaguely remember you saying that the idea that there is no free will uh it makes you very uncomfortable. So what do you think about free will? From the from a physics perspective?",
          "chapter_name": "Exploring the Roots of Consciousness: Rock Climbing, Free Will, and Simulation Hypothesi"
        },
        {
          "speaker": "Christof Koch",
          "speech": "From a conscious perspective, what is it all? Okay, so from the physics perspective, Leaving inside quantum mechanics we believe we live in a fully deterministic world, right? But then comes of course quantum mechanics. So now we know that certain things are in principle not predictable. Which as you said, I prefer because the idea that the initial condition of the universe and then everything else, we're just acting out the initial condition of the universe. That doesn't that doesn't it's not a romantic notion. Certainly not right now when it comes to consciousness, I think we do have certain freedom.",
          "chapter_name": "Exploring the Roots of Consciousness: Rock Climbing, Free Will, and Simulation Hypothesi"
        },
        {
          "speaker": "Lex Fridman",
          "speech": "We are much more constrained by physics of course and by our paths and by our own conscious desires and what our parents told us and what are environment tells us. We all know that there's hundreds of experiments that show how we can be influenced. But finally, in the in the final analysis when you make a life and I'm talking about really about critical decision, what you really think should I marry, should I go to this school that could should I take this job , that job should I cheat on my taxes or not? The sort of these are things where you really deliberate and I think under those conditions you are as free as you can be when you when you bring your entire being, your entire conscious uh being to that question and try to analyze it on all the various conditions and then you take you make a decision you are as free as you can ever be. That is I think what free will is it's not a will that's totally free to do anything it wants. That's not possible . Right ?",
          "chapter_name": "Exploring the Roots of Consciousness: Rock Climbing, Free Will, and Simulation Hypothesi"
        }
      ]
    },
    {
      "name": "The Unconscious Mind: A Feature or a Bug?",
      "content": [
        {
          "speaker": "Lex Fridman",
          "speech": "So, as Jack mentioned, you actually write a blog about books, you've read amazing books from um Russian from Belyakov, Yeah, Neil Gaiman, Carl Sagan Markham me. So what is a book that early in your life transformed the way you saw the world? Something that changed your life nature, I guess did the spokes are twisted because he talks about some of these problems, you know , he was one of the first discovery of the unconscious. This is, you know, a little bit before Freud when it was in the air, you know, he makes all these claims that people sort of under the guise of under the mass of charity, actually are very non charitable. Um so he's sort of really the first discoverer of the great land of the of the unconscious. And that that really struck me.",
          "chapter_name": "The Unconscious Mind: A Feature or a Bug?"
        },
        {
          "speaker": "Christof Koch",
          "speech": "And what do you think? What do you think about the unconscious? What do you think about Freud? We think about these ideas, what's what's just like dark matter in the universe? What's over there in that unconscious? A lot, I mean, much more than we think this is what a lot of the last 100 years of research has shown.",
          "chapter_name": "The Unconscious Mind: A Feature or a Bug?"
        },
        {
          "speaker": "Christof Koch",
          "speech": "So I think he was a genius misguided towards the end, but he was all he started out as a neuroscientist. Like he contributed, he did studies on the, on the lamp. He contributed himself to the neuron hypothesis. The idea that they are discrete units that we call nerve cells now and then he started then he vote you know about the unconscious and I think it's true, there's lots of stuff happening . You feel this particular when you're in a relationship and it breaks asunder, right?",
          "chapter_name": "The Unconscious Mind: A Feature or a Bug?"
        },
        {
          "speaker": "Lex Fridman",
          "speech": "And then you have this terrible you can have love and hate and lust and anger and all of its mixed in. And when you try to analyze yourself, why am I so upset? It's very, very difficult to penetrate to those basements, those cabins in your mind because the prying eyes of conscience doesn't have access to those but that there may in the amygdala or lots of other places they make you upset or angry or sad or depressed. And it's very difficult to try to actually uncover the reason. You can go to a shrink, you can talk with your friend endlessly. You construct finally a story why this happened, why you love it or don't love or whatever, but you don't really know whether that's actually the whether that actually happened because you simply don't have access to those parts of the brain and they're very powerful.",
          "chapter_name": "The Unconscious Mind: A Feature or a Bug?"
        },
        {
          "speaker": "Christof Koch",
          "speech": "Do you think that's a feature or a bug of our brain? The fact that we have this deep, difficult to dive into subconscious. I think it's a feature because otherwise look we are we are like any other brain or nervous system or computer were severely band limited. If we if everything I do every emotion I feel every movement I make of, all of that had to be under the control of consciousness. I couldn't I couldn't I wouldn't be here. Right?",
          "chapter_name": "The Unconscious Mind: A Feature or a Bug?"
        },
        {
          "speaker": "Christof Koch",
          "speech": "So, so what you do early on your brain, you have to be conscious when you learn things like typing or like riding on a bike. But then what you do , you train up uh route. I think that involved basal ganglia and stride. Um you you train up different parts of your brain and then once you do it automatically, like typing, you can show you do it much faster without even thinking about it because you've got this highly specialized what transcript and I called zombie agents that I sort of, they're taking care of that while your consciousness can sort of worry about the abstract sense of the text you want to write. I think that's true for many, many things. But for the things like uh all the fights you had with the ex girlfriend things that you would think are not useful to still linger somewhere in the subconscious.",
          "chapter_name": "The Unconscious Mind: A Feature or a Bug?"
        },
        {
          "speaker": "Christof Koch",
          "speech": "So that seems like a bug that it would stay there. You think it would be better if you can analyze and then get it out of here, get out or just forget it ever happened. You know, that that seems a very buggy kind of Well, yeah, in general we don't have and that's probably functional. We don't have an ability unless it's extremely out cases. Clinical dissociation is right when people heavily abused when they completely repressed the memory. But that doesn't happen in in in you know in normal people, if we don't have an ability to remove traumatic memories and of course we suffer from that. On the other hand, probably if you have the ability to constantly wipe your memory, you probably do it to an extent that isn't useful to you. So",
          "chapter_name": "The Unconscious Mind: A Feature or a Bug?"
        }
      ]
    },
    {
      "name": "Consciousness in Nature: The Complexity of Bees and Flies",
      "content": [
        {
          "speaker": "Christof Koch",
          "speech": "yeah, that's a good question with the balance. So um on the books, as Jack mentioned, correct me if I'm wrong, but broadly speaking, academia and different scientific disciplines. Certainly an engineering reading literature seems to be a rare pursuit. Perhaps I'm wrong on this, but that's in my experience, most people read much more technical text and do not sort of escape or seek truth in literature. Um it seems like you do .",
          "chapter_name": "Consciousness in Nature: The Complexity of Bees and Flies"
        },
        {
          "speaker": "Christof Koch",
          "speech": "So what do you think is the value? What do you think literature as the pursuit of scientific truth? Do you think it's good, it's useful fire getting access to much wider array of human experiences. How valuable do you think it is? Well, if you want to understand human nature and nature in general, then I think you have to better understand a wide variety of experiences, not just sitting in a lab staring at a screen and having a face flashed onto you for a millisecond and pushing a button. That's what that's what I used to do that.",
          "chapter_name": "Consciousness in Nature: The Complexity of Bees and Flies"
        },
        {
          "speaker": "Christof Koch",
          "speech": "What most psychologists do there's nothing wrong with that. But you need to consider lots of other strange states you know and literature is a shortcut for this. Well Yeah because literature that's that's what literature is all about. All sorts of interesting experiences that people have. You know the contingency of it. The fact that you know women experience the world different, black people experience the world different and you know one way to expense that is reading all these different literature and try to find out you you see everything is so relative. When you read the books 15 years ago they thought about certain problems very very differently than that Then as today we today like any culture think we know it all that's comin to agriculture. Agriculture believes that it's a day they know it all. And then you realize well there's other ways of viewing the universe and some of them may have lots of things in their favor. So this is a question I wanted to ask about time scale or scale in general.",
          "chapter_name": "Consciousness in Nature: The Complexity of Bees and Flies"
        },
        {
          "speaker": "Christof Koch",
          "speech": "Uh when you with I. T. Or in general tried to think about consciousness. Try to think about these ideas kind of naturally thinking human time scales. Do you or and also uh entities that are sized close to humans. Do you think of things that are much larger? Much smaller as containing consciousness? And do you think things that take you know . Well you know ages. Eons to uh, to operate in their conscious cause effect cause effect. That's a very good question.",
          "chapter_name": "Consciousness in Nature: The Complexity of Bees and Flies"
        },
        {
          "speaker": "Christof Koch",
          "speech": "So I think a lot of small creatures because experimentally , you know, a lot of people work on flies and bees, right? So most people just think they are tormented. They're just bugs, for heaven's sake. Right? But if you look at their behavior like bees, they can recognize individual humans. They have this very complicated uh, way to communicate if you've ever been involved or, you know , your parents when they bought a house, what sort of agonizing decision that is? And bees have to do that once a year, Right, When they swarm in the spring.",
          "chapter_name": "Consciousness in Nature: The Complexity of Bees and Flies"
        },
        {
          "speaker": "Christof Koch",
          "speech": "And then they have this very elaborate way. They have free enough scouts, they go to the individual sites, they come back, they have this power, this dance literally where they dance for several days. They tried to recruit other needs. It's very complicated decision way. When they finally want to make a decision, the entire swarm, They're scouts warm up the entire swarm and then go to one location, they don't go to 50. The question, they go to one location that the scouts have agreed upon by themselves. That's awesome .",
          "chapter_name": "Consciousness in Nature: The Complexity of Bees and Flies"
        },
        {
          "speaker": "Christof Koch",
          "speech": "If you look at the circuit complexity, it's 10 times more denser than anything we have in our brain. Now, they only have a million neurons. But then, you know, it's amazing, complex, complex behavior, very complicated circuitry. So there's no question. They experienced something. Their life is very different. They're tiny. They only live you know for for where workers live maybe for two months.",
          "chapter_name": "Consciousness in Nature: The Complexity of Bees and Flies"
        }
      ]
    },
    {
      "name": "The Radical Difference of Consciousness in Science Fiction",
      "content": [
        {
          "speaker": "Christof Koch",
          "speech": "So I think and I E. T. Tells you this in principle. The substrate of consciousness is the substrate that maximizes the cause effect power over all possible spatial temple grains. So when I think about for example, do you know the science fiction story? The black cloud. Mhm. Okay. It's a classic holiday astronomer. He has this cloud intervening between the earth and the sun and leading to some sort of two global cooling. This is written in the 50s. It turns out you can using the the radio dish .",
          "chapter_name": "The Radical Difference of Consciousness in Science Fiction"
        },
        {
          "speaker": "Lex Fridman",
          "speech": "They communicate with actually an entity. It's actually intelligent entity. And they sort of they convince it to move away. So here you have a radical different entity. And in principle I. T. Says well you can measure the integrated information in principle at least. And yes if that if the maximum of that occurs at the time scale of months rather than enough .",
          "chapter_name": "The Radical Difference of Consciousness in Science Fiction"
        },
        {
          "speaker": "Lex Fridman",
          "speech": "It's sort of a fraction of a second. Yes. And they would experience life where each moment is a month rather than a microsecond, right? Rather than a fraction of a second in in the human case. And so there may be forms of conscience that we simply don't recognize for what they are because they are so radical different from anything you and I are used to again that's why it's good to read or to watch science fiction will be able to think about this Like this is do you know Stanislaw lem this Polish science fiction writer, he wrote salaries that was turned into a Hollywood movie.",
          "chapter_name": "The Radical Difference of Consciousness in Science Fiction"
        },
        {
          "speaker": "Christof Koch",
          "speech": "His best novels that was in the 60s. Very, very engineers and engineering back on. His most interesting novel is called the Victoria's where human civilization, they have this mission to this planet and everything is destroyed and they discovered machines, humans got killed. And then these machines took over and there was a machine evolution, Darwinian evolution. He talks about this very vividly and finally the dominant, the dominant machine intelligence organism that survived are gigantic clouds of little hexagonal universal sellout Tomah to this is that in the sixties so typically they're all lying on the ground, individual by themselves. But in times of crisis they can communicate their assembly into gigantic nets into clouds or billions of these particles and then they become hyper intelligent and they can beat anything that humans can can control at it.",
          "chapter_name": "The Radical Difference of Consciousness in Science Fiction"
        },
        {
          "speaker": "Christof Koch",
          "speech": "It's very beautiful and compelling where you have an intelligence where finally the humans leave the planet, they simply unable to understand and comprehend this creature and they can say well either we can nuke the entire plan and destroyed or we just have to leave because fundamentally it's an it's an alien. Its so alien from us and our ideas that we cannot communicate with them. Yeah, actually in conversation and sell your talent to Stephen Wolfram brought up is that there could be his ideas. You know you already have these artificial general intelligence like super smart or maybe conscious beings in the cellar your time and we just don't know how to talk to them . So it's the language of communication but you don't know what to do with it. So",
          "chapter_name": "The Radical Difference of Consciousness in Science Fiction"
        }
      ]
    }
  ]
}