{
  "speakers": [
    "Lex Fridman",
    "Colin Angle"
  ],
  "episode_name": "colin-angle-irobot",
  "chapters": [
    {
      "name": "Robotics Revolution: I Robot's 29 Years of Succe",
      "content": [
        {
          "speaker": "Lex Fridman",
          "speech": "The following is a conversation with Colin angle . He's the Ceo and co founder of I Robot, a robotics company that for 29 years has been creating robots that operate successfully in the real world. Not as a demo are on a scale of dozens, but on a scale of thousands and millions. As of this year, I robot has sold more than 25 million robots to consumers, including the Roomba vacuum cleaning robot, the bravo floor mopping robot and soon the terra lawn mowing robot, 29 million robots successfully operating autonomously in real people's homes. To me is an incredible accomplishment of science engineering, logistics and all kinds of general entrepreneurial innovation. Most robotics companies fail. I robot has survived and succeeded for 29 years. I spent all day in I robot including a long tour and conversation with Colin about the history of I robot and then sat down for this podcast conversation that would have been much longer if I didn't spend all day learning about and playing with the various robots in the company's history. I'll release the video of the tour separately, Colin irobot, its founding team, its current team and its mission has been and continues to be an inspiration to me and thousands of engineers who are working hard to create a I systems that help real people. This is the artificial intelligence podcast.",
          "chapter_name": "Robotics Revolution: I Robot's 29 Years of Succe"
        },
        {
          "speaker": "Lex Fridman",
          "speech": "If you enjoy it, subscribe on Youtube, give it five stars on ITunes, supported on Patreon are simply connect with me on twitter at lex Friedman spelled F. R. I D. M A N. And now here's my conversation with Colin angle In his 1942 short story runaround from his I robot collection. As Asimov propose the three laws of robotics in order. Don't harm humans, obey orders, protect yourself . So two questions first, does the Roomba follow these three laws and also more seriously, what role do you hope to see robots take in modern society and in the future world ?",
          "chapter_name": "Robotics Revolution: I Robot's 29 Years of Succe"
        },
        {
          "speaker": "Colin Angle",
          "speech": "So the three laws are very thought provoking and require such a profound understanding of the world. A robot lives in the ramifications of its action and its own sense of self, that uh it's not a relevant bar, at least it won't be a relevant bar for decades to come. And so uh if Roomba follows the three laws and uh I believe it does. Uh you know, it is designed to help humans not hurt them . It's designed to be inherently safe. And uh we designed it to last a long time. It's not through any ai or intent on the robots part.",
          "chapter_name": "Robotics Revolution: I Robot's 29 Years of Succe"
        },
        {
          "speaker": "Lex Fridman",
          "speech": "It's because following the three laws is aligned with being a good robot product. Yeah, So, um so I guess it does , but not by uh not by explicit design. So then the bigger picture, what role do you hope to see robotics, robots take in our what's currently mostly a world of humans. We need robots to help us continue to improve our standard of living. We need robots because the average age of humanity is increasing very quickly and simply the number of people young enough and spry enough to care for the elder growing demographic is inadequate. And so what is the role of robots today? The role is to make our lives a little easier, A little cleaner, maybe a little healthier.",
          "chapter_name": "Robotics Revolution: I Robot's 29 Years of Succe"
        }
      ]
    },
    {
      "name": "The Evolution of Home Robots: From Lab to Living Room",
      "content": [
        {
          "speaker": "Colin Angle",
          "speech": "But in time robots are going to be the difference between real gut wrenching declines in her ability to live independently. Uh, and maintain our standard of living and a future.",
          "chapter_name": "The Evolution of Home Robots: From Lab to Living Room"
        },
        {
          "speaker": "Lex Fridman",
          "speech": "That is the bright one where we have more control of our lives, can spend more of our time focused on activities we choose and um , so honored and excited to be playing a role in that journey. So, You, you give me a tour. It showed me some of the long history is now 29 years that I robot has been at it creating some incredible robots who showed me pak pot. Uh, he showed me a bunch of other stuff that led up to room below that lead to bravo and Tara. So let's skip that incredible history in the interest of time because we already talked about , I'll show this incredible footage. You mentioned elderly and robotics and society.",
          "chapter_name": "The Evolution of Home Robots: From Lab to Living Room"
        },
        {
          "speaker": "Colin Angle",
          "speech": "I think the home is a fascinating place for robots to be . So where do you see robots in the home? Currently, I would say once again, probably most homes in the world don't have a robot. So how do you see that changing? Where do you think is the big initial value add that robots can do? So I robot has sort of over the years, narrowed in on the home.",
          "chapter_name": "The Evolution of Home Robots: From Lab to Living Room"
        },
        {
          "speaker": "Colin Angle",
          "speech": "The consumer's home as the place where we want to innovate and deliver tools that will help a home be a more automatically maintained place, a healthier place, a safer place and perhaps even a more efficient place to be. And uh, you know, today we vacuum, we mop soon, we'll be mowing your lawn. But where things are going is when do we get to the point where the home not just the robots that live in your home, but the home itself becomes part of a system that maintains itself and plays an active role in, uh, caring for and helping the people live in that home. And I see everything that we're doing as steps along the path toward that future. So what are the, what are the steps, so if we can summarize some of the history of Roomba, the you've mentioned and maybe you can elaborate on it. But you mentioned the early days were really taking a robot from something that works either in the lab or something that works in the field that helps soldiers, uh, do the difficult work they do to actually be in the hands of consumers and tens of thousands , hundreds of thousands of robots that don't break down over how much people love them over months of very extensive use. So that was the big first step.",
          "chapter_name": "The Evolution of Home Robots: From Lab to Living Room"
        },
        {
          "speaker": "Colin Angle",
          "speech": "And then the second big step was the ability to sense the environment too, build a map to localize. To be able to build a picture of the home that the human can then attach labels to in terms of you know, giving some semantic knowledge to the robot about its environment. Okay, So that's like a huge, too big huge steps. Uh Maybe you can comment on them. But also what is the the next step of uh of making a robot part of the home? Sure. So the goal is to make a home that takes care of itself, takes care of the people in the home and gives the user an experience of just living their life in the home is somehow doing the right thing, turning on and off lights when you leave cleaning up the environment.",
          "chapter_name": "The Evolution of Home Robots: From Lab to Living Room"
        },
        {
          "speaker": "Lex Fridman",
          "speech": "And we went from robots that were great in the lab but we're both too expensive and not sufficiently capable to every do an acceptable job of anything other than being a toy or curio in your home to something that was both affordable and sufficiently effective to dr b above threshold and drive purchase intent. Now we've disrupted the entire vacuuming industry. The number one selling vacuums for example, in the US are our Roomba so not robot vacuums, vacuums. And that's really crazy and weird.",
          "chapter_name": "The Evolution of Home Robots: From Lab to Living Room"
        },
        {
          "speaker": "Colin Angle",
          "speech": "And we need to pause it. I mean that's incredible. That's that's it's incredible that a robot is the number one selling thing that does something, yep everything is essential as vacuuming. So we're traditions. It's still it's kind of fun to say but they just because this was a crazy idea that that just started you know in a room here um we're like do you think we can do this ? So hey let's give it a try. But um but now the robots are starting to understand their environment and if you think about the next step there's two dimensions, I've been working so hard since the beginning of my robot to make robots are autonomous that um you know they're smart enough and understand their task enough. They can just go do it without human involvement. Now what I'm really excited and working on is how do I make them less autonomous meaning that the robot is supposed to be your partner , not this automaton that just goes and does what a robot does. And so that if you tell it, hey I just dropped some flour by the fridge in the kitchen.",
          "chapter_name": "The Evolution of Home Robots: From Lab to Living Room"
        },
        {
          "speaker": "Colin Angle",
          "speech": "Can you deal with it wouldn't be awesome if the right thing just happened based on that utterance and to some extent that's less autonomous because it's actually listening to you, understanding the context and intent of the sentence, mapping it against its understanding of the home it lives in and knowing what to do. And so that's an area of research, it's an area where we're starting to roll out features. You can now tell your robot to clean up the kitchen and it knows what the kitchen is and can do that. And that's sort of 1.0 of where we're going. The other cool thing is that we're starting to know where stuff is and why is that important? Well, robots are supposed to have arms, right?",
          "chapter_name": "The Evolution of Home Robots: From Lab to Living Room"
        }
      ]
    },
    {
      "name": "The Potential of Robotics in the Home: A Dreamer's Perspective",
      "content": [
        {
          "speaker": "Colin Angle",
          "speech": "Data had an arm, rosie had an arm Robby. The robot had, I mean, you know, they are physical things that move around in an environment. They're supposed to like do work. And if you think about it, if a robot doesn't know anything where anything is, why should it have an arm? But with this new dawn of home understanding that we're starting to go enjoy, I know where the kitchen is. I might in the future no where the refrigerator is. I might if I had an arm be able to find the handle, open it and even get myself a beer. Obviously that's one of the true dreams of robotics is dead robots bringing us a beer while we watch television.",
          "chapter_name": "The Potential of Robotics in the Home: A Dreamer's Perspective"
        },
        {
          "speaker": "Colin Angle",
          "speech": "But you know, I think that that new category of tasks where physical manipulation, robot arms is a just a potpourri of of new opportunity and excitement. And you see humans as a crucial part of that. So you kind of mentioned that. And I I personally find that really compelling idea, I think full autonomy can only take us so far , especially in the home. So you see humans as helping the robot understand or give deeper meaning to the spatial information, Right? It's it's it's a partnership, the robot is supposed to operate according to descriptors that you would use to describe your own home.",
          "chapter_name": "The Potential of Robotics in the Home: A Dreamer's Perspective"
        },
        {
          "speaker": "Colin Angle",
          "speech": "The robot is supposed to in lieu of better direction kind of go about its routine , which ought to be basically right and lead to home maintained in a way that it's learned you like, but also be perpetually ready to take direction that would activate a different set of behaviors or actions to meet a current need to the extent it could actually perform that task. So I gotta ask you, I think this is a fundamental and fascinating question because a robot has been a successful company and a rare successful robotics company. So Anke G bo Mayfield robotics with a robot curie sci fi works, rethink robotics. These were robotics companies that were founded and run by brilliant people , but all very unfortunately for at least for us roboticists and all went out of business recently . So why do you think they didn't last longer? Why do you think it is so hard to keep a robotics company alive? You know,",
          "chapter_name": "The Potential of Robotics in the Home: A Dreamer's Perspective"
        },
        {
          "speaker": "Colin Angle",
          "speech": "I I um say this only partially in jest that back in the day before Roomba. You know, I was a I was a high tech entrepreneur building robots, but it wasn't until I became a vacuum cleaner salesman that we had any success. So I mean the point is technology alone doesn't equal a successful business. We need to go and find the compelling need where the robot that we're creating can deliver clearly more value to the end user than it costs. And this is not a marginal thing where you're looking at the skin like it's close . Maybe we can hold our breath and make it work. It's clearly more value than the cost of the robot to bring, uh, you know, in the store.",
          "chapter_name": "The Potential of Robotics in the Home: A Dreamer's Perspective"
        },
        {
          "speaker": "Colin Angle",
          "speech": "And I think that the challenge has been finding those businesses where that's true in a sustainable fashion. You know, the the when you get into entertainment style things, you could be the cats me out one year, but 85% of toys, regardless of their merit, failed to make it to their second season. It's just super hard to do. So , and uh, so that that's just a tough business. And there's been a lot of experimentation around, um, what is the right type of social companion, What is the right robot in the home that is doing something other than tasks people do every week that they'd rather not do . And I'm not sure we've got it all figured out right. And so that you get brilliant roboticist with super interesting robots that ultimately don't quite have that magical user experience.",
          "chapter_name": "The Potential of Robotics in the Home: A Dreamer's Perspective"
        },
        {
          "speaker": "Colin Angle",
          "speech": "Uh , and thus the that value benefit equation remains ambiguous. So you're somebody who dreams of robots, you know, changing the world? What's your estimate? Why ? How big is the space of applications that fit the criteria that you just described where you can really demonstrate an obvious significant value over the alternative non robotic robotic solution. Well, I think that we're just about none of the way to achieving the potential of robotics at home.",
          "chapter_name": "The Potential of Robotics in the Home: A Dreamer's Perspective"
        },
        {
          "speaker": "Colin Angle",
          "speech": "But we have to do it in a a really eyes wide open, honest fashion. And so another way to put that is the potential is infinite because we did take a few steps , but you're saying those steps are just very initial steps. So the Roomba is a hugely successful product. But you're saying that's just the very, very because the very, very beginning, that's the foot in the door and uh you know, I think I was lucky that in the early days of of of robotics people would ask me, when are you gonna clean my floor ? It was something that I grew up saying I got all these really good ideas, but everyone seems to want their floor clean and so maybe we should do that. Your good ideas earned the right to do the next thing after that. So the good ideas have to match with the desire of the people and then the actual cost has to like the business, the financial aspect has to all mashed together. Yeah,",
          "chapter_name": "The Potential of Robotics in the Home: A Dreamer's Perspective"
        },
        {
          "speaker": "Lex Fridman",
          "speech": "I um during our partnership back a number of years ago , johnson wax, they would explain to me that they would go into homes and just watch how people lived and try to figure out what were they doing that they really, I didn't really like to do, but they had to do it frequently enough that it was top of mind and understood as a a burden. Hey, let's make a product uh, or come up with a solution to make that pain point less and less challenging. And sometimes we do certain burdens so often as a society that we actually don't even realize like it's actually hard to see that that burden is something that could be removed. So it does require just going into the home and staring at how do I actually live life? What are the pain points? Yeah.",
          "chapter_name": "The Potential of Robotics in the Home: A Dreamer's Perspective"
        }
      ]
    },
    {
      "name": "Vision-Based Robotics: The Future of Home Automation",
      "content": [
        {
          "speaker": "Colin Angle",
          "speech": "And it's getting those insights is a lot harder then it would seem it should be in retrospect. So how hard on that point? I mean one of the big challenges of robotics is driving the cost to something, driving the cost down to something that consumers, people would afford. So People would be less likely to buy a room. But if it cost $500,000, right? Which is probably sort of what I remember would cost several decades ago . So how do you drive ?",
          "chapter_name": "Vision-Based Robotics: The Future of Home Automation"
        },
        {
          "speaker": "Colin Angle",
          "speech": "Which I imagine is very difficult. How do you drive the cost of a rumba or a robot down such that people would want to buy it when I started building robots? The cost of the robot had a lot to do with the amount of time it took to build it. And so that we build our robots out of aluminum. I would go spend my time in the machine shop on the milling machine cutting out the parts and so forth. And then when we got into the toy industry, I realized that if we're building at scale, I could determine the cost of the rope instead of adding up all the hours to mill out the parts. But by weighing it and that's liberating.",
          "chapter_name": "Vision-Based Robotics: The Future of Home Automation"
        },
        {
          "speaker": "Colin Angle",
          "speech": "You can say wow. Um the world has just changed as I think about construction in a different way. The three D. Cad tools that are available to us today, the operating at scale where I can do tooling and injection mold, an arbitrarily complicated part. And the cost is going to be basically the weight of the plastic in that part is incredibly exciting and liberating. It opens up all sorts of opportunities and for the sensing part of it where we are today is instead of trying to build skin , which is like really hard for a long time, I spent creating strategies and and ideas on how could we duplicate the skin on the human body because it's such an amazing sensor. The uh instead of going down that path, why don't we focus on vision and how many of the problems that face a robot trying to do real work could be solved with a cheap camera and a big gas computer and moore's law continues to work. The cell phone industry?",
          "chapter_name": "Vision-Based Robotics: The Future of Home Automation"
        },
        {
          "speaker": "Lex Fridman",
          "speech": "The mobile industry is giving us better and better tools that can run on these embedded computers. And I think we passed a an important moment maybe two years ago where you could put machine vision, capable processors on robots, that consumer price points and I was waiting for it happened to happen. We had avoided putting lasers on our robots to do uh navigation uh and instead spent years researching how to do a vision based navigation because uh you could just see it where uh these technology trends were going and um between injection molded plastic and a camera with a computer capable of running machine learning and visual object recognition. I could build an incredibly affordable, incredibly capable robot and that's going to be the future, you know, on that point with a small tangent, but I think an important one. Another industry in which I would say the only other industry in which there there is automation actually touching people's lives today is autonomous vehicles. What the vision you just described of using computer vision and using cheap camera sensors. That's there's a debate on that of lidar versus computer vision and uh sort of the L A musk famously said that litter is a crutch, that really camera in the long term camera only is the right solution which echoes some of the ideas you're expressing.",
          "chapter_name": "Vision-Based Robotics: The Future of Home Automation"
        },
        {
          "speaker": "Lex Fridman",
          "speech": "Of course the domain in terms of its safety criticality is different. But what do you think about that approach in the autonomous vehicle space and in general, do you see a connection between the incredible real world challenges you have to solve in the home with Roomba? I saw a demonstration of some of them corner cases literally and autonomous vehicles. So there's absolutely a tremendous overlap between both the problems, you know, a robot vacuum and at times vehicle are trying to solve and the tools and the types of sensors that are being applied uh in the pursuit of the solutions. In my world, my environment is actually much harder than the environment. And autumn a book travels, we don't have roads, we have t shirts, we have steps, we have a near infinite number of of patterns and colors and, and surface textures on the floor, especially from a visual perspective, visually looks. It's really tough , is infinitely variable.",
          "chapter_name": "Vision-Based Robotics: The Future of Home Automation"
        },
        {
          "speaker": "Lex Fridman",
          "speech": "On the other hand , safety is way easier on the inside. My robots, they're not very heavy, they're not very fast if they bump into your foot. You think it's funny and you know, and uh thomas vehicles kind of have the inverse problem. And so that for me saying vision is the future, I can say that without reservation for autonomous vehicles. I think I believe what Ellen saying about the future is ultimately going to be vision. Maybe if you put a cheap lighter on there as a backup sensor, it might not be the worst idea in the world. Thanks so much higher.",
          "chapter_name": "Vision-Based Robotics: The Future of Home Automation"
        },
        {
          "speaker": "Lex Fridman",
          "speech": "That much more careful thinking through how far away that future is right. And but I think that the primary environmental understanding sensor is going to be a visual system, visual system. So on that point, well, let me ask, do you hope there's an i robot robot in every home in the world one day? Uh I expect there to be at least when I robot robot in every home . You know, we've we've sold 25 million robots . Uh so we're in about 10% of US homes which is a great start. But I think that when we think about the numbers of things that robots can do, you know, today, I can vacuum your floor, mop your floor , cut your lawn, or soon will be able to cut your lawn . But there are more things that we could do in the home. And I hope that we continue using the techniques I described around exploiting computer vision and low cost manufacturing, that will be able to create these solutions at affordable price points. So let me ask on on that point of a robot in every home. That's my dream as well.",
          "chapter_name": "Vision-Based Robotics: The Future of Home Automation"
        },
        {
          "speaker": "Colin Angle",
          "speech": "I'd love love to see that. Uh you know, I think the possibilities.",
          "chapter_name": "Vision-Based Robotics: The Future of Home Automation"
        }
      ]
    },
    {
      "name": "Winning Trust: Privacy, AI, and Robots in the Home",
      "content": [
        {
          "speaker": "Colin Angle",
          "speech": "There are indeed infinite positive possibilities. But, you know, in our current culture, No thanks to science fiction and so on. There's um serious kind of hesitation, anxiety concern about robots and also a concern about privacy. And it's a fascinating question to me, uh why that concern is amongst a certain group of people is as intense as it is. So you have to think about it because it's a serious concern. But I wonder how you address it best. So from a perspective of vision sensor.",
          "chapter_name": "Winning Trust: Privacy, AI, and Robots in the Home"
        },
        {
          "speaker": "Colin Angle",
          "speech": "So robots and move about the home and sense the world, How do how do you alleviate people's privacy concerns? How do you make sure that they can trust i robot and the robot's that they share their home with? Yeah, I think that's a great question and we've really lean way forward on this because given our vision uh as to the role the company intends to play in the home really for us make or break is can our approach be trusted to protecting the data and the privacy of the people who have our robots. And so we've gone out publicly, the privacy manifesto stating will never sell your data. We have adopted GDP are not just where GDP are is required, but globally we have ensured that any that images don't leave the robot.",
          "chapter_name": "Winning Trust: Privacy, AI, and Robots in the Home"
        },
        {
          "speaker": "Colin Angle",
          "speech": "So processing data from the visual sensors happens locally on the robot and only semantic knowledge of the home with the consumer's consent is sent up. We show you what we know and are trying to go use data as an enabler for the performance of the robots with the informed consent and understanding of the people who own those robots. And, you know, we take it very seriously and ultimately we think that by showing a customer that, you know, if you let us build a semantic map of your home and know where the rooms are, well, then you can say clean the kitchen. Uh, if you don't want the robot to do that, don't make the map, it will do its best job cleaning your home, but it won't be able to do that. And if you ever want us to forget that we know that it's your kitchen, you can have confidence that we will do that for you. So we're trying to go and be a sort of a data to perspective company where we treat the data that the robots savage of the consumer's home as if it were the consumer's data and that they have rights to it.",
          "chapter_name": "Winning Trust: Privacy, AI, and Robots in the Home"
        },
        {
          "speaker": "Lex Fridman",
          "speech": "So we think by being the good guys on this front, we can build the trust and thus be entrusted to enable robots to do more things that are thoughtful. You think people's worries will diminish over time. Uh, as as a society broadly speaking, do you think you can win over trust , not just for the company , but just the comfort of people have with ai in their home enriching their lives in some way, I think we're in an interesting place today where less about winning them over and more about finding a way to talk about privacy in a way that more people can understand . I would tell you that today when there's a privacy breach, people get very upset and then go to the store and buy the cheapest thing paying no attention to whether or not the products that they're buying honor privacy standards or not. Uh In fact if I put on the package of my Roomba, the privacy commitments that we have , I would sell less than I would if I did nothing at all. And that needs to change. So it's it's not a question about earning trust. I think that's necessary but not sufficient. We need to figure out how to have a comfortable set of what is the grade a meat standard applied to privacy that customers can trust and understand and then using their buying decisions that will reward companies for good behavior and that will ultimately be how this uh moves forward and maybe be part of the conversation between regular people about what it means , what privacy means.",
          "chapter_name": "Winning Trust: Privacy, AI, and Robots in the Home"
        },
        {
          "speaker": "Lex Fridman",
          "speech": "If you have some standards, you can say you're going to start talking about who's following them, Who's not have more because most people are actually quite clueless about all aspects of artificial intelligence and data collection so on, it would be nice to change that for people to understand the good that ai can do and it's not some uh some system that's trying to steal all the most sensitive data. Do you uh think do you dream of a Roomba with human level intelligence? One day. So you've mentioned a very successful localization and mapping of the environment. Being able to do some basic communication to say go clean the kitchen. Do you uh see in your maybe more bored moments um once you get the beer to sit back with that beer and have a chat on a friday night with the Roomba about how your day went. So true. Your letter question absolutely to your former question as to whether robot can have human level intelligence not in my lifetime. You can have you you think you can have a great conversation a meaningful conversation with a robot without it having anything that resembles human level intelligence. And I think that as long as you realize that conversation is not about the robot and making the robot feel good. That conversation is about you learning interesting things that make",
          "chapter_name": "Winning Trust: Privacy, AI, and Robots in the Home"
        }
      ]
    }
  ]
}