{
  "speakers": [
    "Lex Fridman",
    "Dava Newman"
  ],
  "episode_name": "dava-newman-space-exploration-space-suits-and-life-on-mars",
  "chapters": [
    {
      "name": "Circumnavigating the Globe: Psychology of Exploration",
      "content": [
        {
          "speaker": "Lex Fridman",
          "speech": "The following is a conversation with David Newman . She's the Apollo program Professor at MIT and the former deputy administrator of Nasa And has been a principal investigator on four space flight missions. Her research interests are an aerospace biomedical engineering, investigating human performance in varying gravity environments. She has designed and engineered and built some incredible space suit technology, namely the bio suit that we talk about in this conversation due to some scheduling challenges on both our parts. We only had about 40 minutes together and in true engineering style, she said, I talk fast, you picked the best questions. Let's get it done. And we did. There's a fascinating conversation about space exploration and the future of space suits. This is the artificial intelligence podcast. If you enjoy it. Subscribe on Youtube, give it five stars on apple podcast. Support on Patreon are simply connect with me on twitter Alex Friedman spelled F R I D M A N for the first time, the show is presented by cash app. The number one finance app in the app store cash up is the easiest way to send money to your friends.",
          "chapter_name": "Circumnavigating the Globe: Psychology of Exploration"
        },
        {
          "speaker": "Lex Fridman",
          "speech": "And it is also the easiest way to buy, sell and deposit Bitcoin. Most Bitcoin exchanges take days for being transferred to become investable to cash up. It takes seconds Invest as little as $1 and now you own Bitcoin. I have several conversations about Bitcoin coming up in this podcast, decentralized digital currency is a fascinating technology in general to explore both at the technical and the philosophical level. Cash app is also the easiest way to try and grow your money with their new investing feature. Unlike investing tools that force you to buy entire shares of stock. Cash up amazingly lets you instantly invest as little or as much as you want. Some stocks in the market are hundreds, not thousands of dollars per share. And now you can still own a piece with as little as $1 brokerage services are provided by cash app investing. A subsidiary of Square and member S. I. P. C. I'm also excited to be working with cash app to support one of my favorite organizations called First , which is best known for their first robotics and lego competitions that seeks to inspire young students in engineering and technology fields all over the world.",
          "chapter_name": "Circumnavigating the Globe: Psychology of Exploration"
        },
        {
          "speaker": "Lex Fridman",
          "speech": "That's over 110 countries. 660,000 students, 300,000 mentors and volunteers and a perfect rating on charity Navigator, which means that donated money is used to maximum effectiveness when you sign up for cash up and use the promo Code lex podcast, You'll instantly receive $10 in cash up. Will also donate $10 to first, an amazing organization that I've personally seen, inspire girls and boys to learn to explore and to dream of engineering a better world. Don't forget to use the Code lex podcast when you download cash app from the app store or google play store today and now here's my conversation with diva Newman, You circumnavigated the globe on boat. So let's look back in history 500 years ago, Ferdinand, Magellan's crew was first to circumnavigate the globe But he died jake I think people don't know like halfway through and so did 242 of the 260 sailors that took that three year journey . What do you think it was like for that crew at that time heading out into the unknown to face?",
          "chapter_name": "Circumnavigating the Globe: Psychology of Exploration"
        },
        {
          "speaker": "Dava Newman",
          "speech": "Probably likely death. Do you think they were filled with fear with excitement? Probably not fear. I think in all of exploration, the challenge and the unknown. So probably wonderment. And then just when you're really are sailing the world's oceans, you have extreme weather of all kinds.",
          "chapter_name": "Circumnavigating the Globe: Psychology of Exploration"
        },
        {
          "speaker": "Dava Newman",
          "speech": "When we were circumnavigating it was challenging. New dynamic. You really appreciate Mother Earth, you appreciate the winds and the waves. So back to Magellan and his crew, since they really didn't have a three dimensional map of of the globe of the earth when they went out, just probably looking over the horizon, thinking what's there, what's there? So I would say the challenge that had to be really important in terms of the team dynamics and that leadership had to be incredibly important team dynamics. How do you keep people focused on the mission? So you think the psychology that's interesting. That's probably echoes of that in the space exploration stuff we'll talk about. So the psychology of the dynamics between the human beings on the mission is important . Absolutely.",
          "chapter_name": "Circumnavigating the Globe: Psychology of Exploration"
        },
        {
          "speaker": "Lex Fridman",
          "speech": "for a mars mission. It's lots of challenges, technology. But you know, since I specialize and keep my astronauts alive, the psycho, social issues. The psychology of psychosocial team dynamics leadership. That's you know, we're all people, so that's gonna be, that's always a huge impact. One of the top three I think of any isolated, confined environment in any mission. That is really pretty extreme. So your twitter handles data explorer. So when did you first fall in love with the idea of exploration? That's a great question. Maybe as long as I can remember as I grew up in Montana in the Rocky Mountains, Helena in the capital.",
          "chapter_name": "Circumnavigating the Globe: Psychology of Exploration"
        },
        {
          "speaker": "Dava Newman",
          "speech": "And so literally, you know, Mount Helen. It was my backyard was right up there. So exploring, being in the mountains, looking at caves, just running around, but always being in nature. So since my earliest memories, I think of myself as kind of exploring the natural beauty of the Rocky mountains where I grew up. So exploration is not limited to any domain is just anything. So the natural domain of any kind going out to the woods into the place you haven't been? It's all exploration. I think",
          "chapter_name": "Circumnavigating the Globe: Psychology of Exploration"
        },
        {
          "speaker": "Dava Newman",
          "speech": "so yeah, I have a pretty all encompassing definition of exploration.",
          "chapter_name": "Circumnavigating the Globe: Psychology of Exploration"
        }
      ]
    },
    {
      "name": "Humanity's Cosmic Dream: Exploring Space and the Search for Life",
      "content": [
        {
          "speaker": "Dava Newman",
          "speech": "What about space exploration when we first captivated by the idea that we little humans could venture out into the space into the great unknown of space. So it's a great year to talk about that, the 50th anniversary of Apollo 11s? I was alive during Apollo and specifically Apollo 11. I was five years old. And I I distinctly remember that I remember that humanity, I'm sure I probably didn't know their names at the time. You know, there's a real armstrong buzz Aldrin and never forget Michael Collins in orbit.",
          "chapter_name": "Humanity's Cosmic Dream: Exploring Space and the Search for Life"
        },
        {
          "speaker": "Dava Newman",
          "speech": "No, those three men, uh you know, doing something that just seemed impossible, seemed impossible a decade earlier, even a year earlier. But the Apollo program really inspired me. And then I think it actually just taught me to dream to any impossible mission could be possible with enough focus. I'm sure you need some luck, but you definitely need the leadership. You need the focus of the mission. So, since an early age I thought of course people should be interplanetary. Of course, people, we need people on earth and we're gonna have people exploring space as well that seemed obvious at that age. Of course, it opened it up before we saw men on the moon. It wasn't obvious to me at all. But once we understood that, yes, absolutely astronauts, that's what they do.",
          "chapter_name": "Humanity's Cosmic Dream: Exploring Space and the Search for Life"
        },
        {
          "speaker": "Dava Newman",
          "speech": "They explore. They go into space and they land on other planets or moons. So, again, maybe a romanticized philosophical question, but when you look up at the stars knowing that, you know, there's at least 100 billion of them in the Milky Way Galaxy , Right, So we're really a small speck in this giant thing that's the visible universe. How does that make you feel about our efforts here. I love the perspective. I love that perspective. I always open my public talks with a big Hubble space telescope. You mentioned looking out until you mentioned just now the solar system Milky Way because I think it's really important to know that we're just a small pale blue dot.",
          "chapter_name": "Humanity's Cosmic Dream: Exploring Space and the Search for Life"
        },
        {
          "speaker": "Dava Newman",
          "speech": "We're really fortunate. We're on the best planet by far, life is fantastic. You're confident this is the best plan. It. I'm pretty sure it's the best plan. The best planet that we know of.",
          "chapter_name": "Humanity's Cosmic Dream: Exploring Space and the Search for Life"
        },
        {
          "speaker": "Dava Newman",
          "speech": "I mean I searched my research is you know in mission worlds and when will we find life? I think actually probably the next decade we find probably past life. Probably the evidence of past life on MArs. Let's say you think there was pretty like once life on MArs or do you think there's currently, I'm more comfortable saying probably 3.5 billion years ago. I feel pretty confident there was life on Mars just because then it had an electromagnetic shield. It had an atmosphere has a wonderful gravity level 33 H. G. Is fantastic. You know , you're super human human.",
          "chapter_name": "Humanity's Cosmic Dream: Exploring Space and the Search for Life"
        },
        {
          "speaker": "Dava Newman",
          "speech": "We can all slam dunk in basketball. It's going to be fun to play sports on wires. But so I think we'll find past the fossilized. Probably the evidence of past life on MArs. Currently that's again we need the next decade. The evidence is mounting for sure.",
          "chapter_name": "Humanity's Cosmic Dream: Exploring Space and the Search for Life"
        },
        {
          "speaker": "Dava Newman",
          "speech": "We do have the organics. We're finding organics. We have water, seasonal water on MArs we used to just know about the ice caps, North and South pole. Now we have seasonal water. We do have the building blocks for life on MArs. We really need to dig down into the soil because everything on the top surface is radiated.",
          "chapter_name": "Humanity's Cosmic Dream: Exploring Space and the Search for Life"
        },
        {
          "speaker": "Dava Newman",
          "speech": "But once we find down, will we see any any life forms? We see any bugs. I leave it open as a possibility.",
          "chapter_name": "Humanity's Cosmic Dream: Exploring Space and the Search for Life"
        }
      ]
    },
    {
      "name": "Hunting for Life in the Universe: Past, Present, and Future",
      "content": [
        {
          "speaker": "Dava Newman",
          "speech": "But I feel pretty certain that past life or fossilized life forms will find. And then we have to get to all these ocean worlds.",
          "chapter_name": "Hunting for Life in the Universe: Past, Present, and Future"
        },
        {
          "speaker": "Dava Newman",
          "speech": "These these beautiful moons of other planets since we know they have water. And we're looking for a simple search for life follow the water. Carbon based life. That's the only life we know there could be other life forms that we don't know about, but it's hard to search for them because we don't know. So, in our search for life in the solar system is definitely, you know, search follow the water and look for the building blocks of life. Do you think in the next decade we might see hints of past life or even current life? That's a pretty optimism .",
          "chapter_name": "Hunting for Life in the Universe: Past, Present, and Future"
        },
        {
          "speaker": "Lex Fridman",
          "speech": "I'm pretty active. Humans have to be involved or can this be robots and rovers And Probably teams. I mean we've been at it on Mars in particular. 50 years.",
          "chapter_name": "Hunting for Life in the Universe: Past, Present, and Future"
        },
        {
          "speaker": "Dava Newman",
          "speech": "We've been exploring Mars for 50 years. Great data. Right. Are images of Mars today are phenomenal. Now we know how Mars lost its atmosphere are starting to know because of the Lack of the Electromagnet Shield. We know about the watermarks. So we've been studying 50 years with our robots.",
          "chapter_name": "Hunting for Life in the Universe: Past, Present, and Future"
        },
        {
          "speaker": "Dava Newman",
          "speech": "We still haven't found it. So I think once we have a human mission there we just accelerate things and it's always humans and our rovers and robots together. But we just have to think that 50 years we've been looking at mars mars and um taking images and doing the best science that we can. People need to realize MArs is really far away. It's really hard to get to this extreme extreme exploration. We mentioned Magellan first or all of the wonderful explorers and sailors of the past, which kind of a lot of my inspiration for exploration, mars is a different ball game. I mean eight months to get there a year and a half to get home.",
          "chapter_name": "Hunting for Life in the Universe: Past, Present, and Future"
        },
        {
          "speaker": "Dava Newman",
          "speech": "I mean it's really extreme environment in all kinds of ways. But the kind of organism might be able to see hints off on MArs are kind of microorganisms perhaps remember that humans were kind of were host, right? Were host to all of our bacteria and viruses. Right. Do you think it's a big leap from the viruses and the bacteria to us humans. Put another way do you think on all those moons, beautiful wet moons that you mentioned. You think there's intelligent life out there? I hope so.",
          "chapter_name": "Hunting for Life in the Universe: Past, Present, and Future"
        },
        {
          "speaker": "Lex Fridman",
          "speech": "I mean that's that's the hope. But you know, we don't have the scientific evidence for that now. I think all the evidence we have in terms of life existing is much more compelling again because we have the building blocks of life. Now when that life turns into intelligence, that's a big unknown. If we ever meet, do you think we would be able to find a common language? I hope so . We haven't met yet. It's just so far. I mean, do physics display a role here?",
          "chapter_name": "Hunting for Life in the Universe: Past, Present, and Future"
        },
        {
          "speaker": "Dava Newman",
          "speech": "Look at all these exoplanets, 6000 exoplanets. I mean even the couple dozen earthlike planets or exoplanets that really look like habitable planets. These are very earth like they look like they have all the building blocks. I can't wait to get there . The only thing is they're 10-100 light years away. So scientifically, we know they're there, we know that their habitable they have, you know, everything going from right , you know, called the goldilocks zone. Not too hot, not too cold.",
          "chapter_name": "Hunting for Life in the Universe: Past, Present, and Future"
        },
        {
          "speaker": "Dava Newman",
          "speech": "Just perfect for how habitability for life. But now the reality is if there are 10 at the best 200 to thousands of light years away. So what's out there, but I just can't think that we're not the only one. So absolutely life life in the universe. Probably intelligent life as well. Do you think there needs to be fundamental revolutions and how we the tools we use to travel through space in order for us to venture outside of our solar system?",
          "chapter_name": "Hunting for Life in the Universe: Past, Present, and Future"
        }
      ]
    },
    {
      "name": "Moon and Mars Exploration: Nasa's Artemis Program",
      "content": [
        {
          "speaker": "Dava Newman",
          "speech": "Or do you think the ways the rockets, the ideas we have now, the engineering ideas we have now will be enough to venture out? Well that's a good question right now because the speed of light is the limit. We don't have warp speed warp drive to explore our solar system to get to MArs to explore all the planets. Then we need technology push. But technology push here is just advanced propulsion would be great if I could get humans to MArs and say you know, 3 to 4 months, not eight months. I mean have the time.",
          "chapter_name": "Moon and Mars Exploration: Nasa's Artemis Program"
        },
        {
          "speaker": "Dava Newman",
          "speech": "50% reduction. That's great in terms of safety and wellness of the crew, orbital mechanics. Physics rules, you know, orbital mechanics are still physics rules. We can't defy physics invented new physics. I mean look at quantum, you know, look at quantum theory. So exactly. I mean we are always learning so we definitely don't know all the physics that exist too.",
          "chapter_name": "Moon and Mars Exploration: Nasa's Artemis Program"
        },
        {
          "speaker": "Dava Newman",
          "speech": "But we're we still have to it's not science fiction. You know, we still have to pay attention to to physics in terms of our speed of travel for space flight. So you were the Deputy administrator of Nasa during the Obama administration. There's a current Artemus program. That's what kind of crewed mission to the moon and then perhaps the MArs, what are you excited about their what are your thoughts on this program ? What are the biggest challenges do you think of getting to the moon? Of landing to the moon once again and then the big step to the to mars? Well, I love, you know, the moon program now, Artemus is definitely we've been in low earth orbit.",
          "chapter_name": "Moon and Mars Exploration: Nasa's Artemis Program"
        },
        {
          "speaker": "Dava Newman",
          "speech": "I love low earth orbit to but I just always look at these three phases. So low earth orbit where we've been 40 years. So definitely time to get back to deep space. Time to get to the moon. There's so much to do on the moon. I hope we don't get stuck on the moon for 50 years. I really want to get to the moon, spent the next decade first with the lander than humans. There's just a lot to explore.",
          "chapter_name": "Moon and Mars Exploration: Nasa's Artemis Program"
        },
        {
          "speaker": "Dava Newman",
          "speech": "But to me it's a big technology push. It's only three days away. So the moon is definitely the right place. So we kind of buy down our technology, we invest in specifically habitats, life support systems, We need suits. We really need to understand really how to live off planet. We've been off planet and low earth orbit. But still that's only 400 kilometers up, 250 miles. Right. So we get to the moon. It really is a great proving ground for the technologies and now we're in deep space radiation becomes a huge issue and to keep our astronauts were all alive.",
          "chapter_name": "Moon and Mars Exploration: Nasa's Artemis Program"
        },
        {
          "speaker": "Dava Newman",
          "speech": "And I look at all of that investment for moon moon exploration to the ultimate goal, you know the horizon goals we call it to get people to MArs but we just don't go to MArs tomorrow right. We really need a decade on the moon. I think investing in the technologies learning making sure the astronauts are their health, you know, they're safe and well and also learning so much about institute research utilization. I. S are you in situ resource utilization is huge when it comes to exploration for the moon and MArs. So you need a test bed and to me it really is a lunar test bed. And then we use those same investments to think about getting people to Mars in the 20s 30s. So developing sort of a platform of all the kind of research tools of all the what's the resource that can you speak to that? Yeah.",
          "chapter_name": "Moon and Mars Exploration: Nasa's Artemis Program"
        }
      ]
    },
    {
      "name": "Moon Exploration: Returning to the Lunar Surface",
      "content": [
        {
          "speaker": "Dava Newman",
          "speech": "So I s are you for the moon? It's we'll go to the south pole and fascinating. We have images of it. Of course we know there's permanently shaded areas and like Shackleton crater and there's areas that are permanently in the sun. Well, it seems that there's a lot of water, ice water that's trapped in ice and the lunar craters. That's the first place you go why ? Because it's water and when you want to try to could be fuel , you know, life support system. So you kind of get you go where the water is. And so when the moon is kind of for resources utilization But to learn how can we make the fuels out of the resources that are on the moon. We have to think about three D. Printing right.",
          "chapter_name": "Moon Exploration: Returning to the Lunar Surface"
        },
        {
          "speaker": "Dava Newman",
          "speech": "You don't get to bring all this mass with you. You have to learn how to literally live off the land. We need a pressure shell we need to have an atmosphere for people to live in. So all of that is going to bind down the technology during the investigation doing the science. What are the basically become lunar volatiles you know what is that ice on the moon? How much of it is there? What are the resources look like to me that helps us That's just the next step in getting humans to mars it's cheaper and more effective to sort of develop some of these difficult challenges like solve some of these challenges. Practice developed tests and so on on the moon. Absolutely absolutely.",
          "chapter_name": "Moon Exploration: Returning to the Lunar Surface"
        },
        {
          "speaker": "Dava Newman",
          "speech": "And people are going to love to get to the moon. You get to you have a beautiful earthrise. I mean you have the most magnificent view of earth being off planet. So it just makes sense. I think we're gonna have thousands lots of people hopefully tens of thousands in low earth orbit because low earth orbit it's a beautiful place to go and look down on the earth. But people want to return home. I think the the lunar explorers will also want to do round trips and you know, being on the moon three day trip Explorer to science also because the lunar day is 14 days and longer nights also 14 days.",
          "chapter_name": "Moon Exploration: Returning to the Lunar Surface"
        },
        {
          "speaker": "Dava Newman",
          "speech": "So in that 28 day cycle, you know, half of it is in light, half of it's in dark . So people would probably want to do a couple of weeks trips, a month long trips, not longer than that. What you mean by people What people, explorers. Yeah, astronauts are going to be civilians in the future to not all not all astronauts are going to be government astronauts actually when I was at now . So we changed, we actually got the law changed to recognize astronauts that are not only government employees. You know, Nasa astronauts or european space agency astronaut or Russian space agency that astronauts because of the big push we put in the private sector Astronauts essentially you're gonna be astronauts. You get over 100 km up",
          "chapter_name": "Moon Exploration: Returning to the Lunar Surface"
        },
        {
          "speaker": "Dava Newman",
          "speech": "and I think once you've done orbital orbital flight then you're an astronaut. So a lot of private citizens are going to become astronauts. Do you think one day you might step foot on the moon . I think you'd be good to go to the moon. I'll give that a shot mars I'm gonna that's my life's work to get the next generation to mars that's that's that's that's you or even younger than you. You know, my students generation will be the martian explorers. I'm just working to facilitate that.",
          "chapter_name": "Moon Exploration: Returning to the Lunar Surface"
        },
        {
          "speaker": "Lex Fridman",
          "speech": "But that's not going to be me, the moon is pretty good and it's a lot tougher. I mean it's still a really tough mission. It's an extreme mission. Exactly. It's great for exploration but doable. But again, before Paula we didn't think getting humans to the moon was even possible.",
          "chapter_name": "Moon Exploration: Returning to the Lunar Surface"
        },
        {
          "speaker": "Dava Newman",
          "speech": "So we kind of made that possible. But we need to go back. We absolutely need to go back. We're investing in the heavy lift launch capabilities that we need to get there. We haven't had that since the Apollo days since the Saturn five. So now we have three options on the board. That's what's so fantastic.",
          "chapter_name": "Moon Exploration: Returning to the Lunar Surface"
        },
        {
          "speaker": "Dava Newman",
          "speech": "Nasa has its space launch system. SpaceX is going to have it . It's heavy capability. And Blue Origin is coming along too with heavy lift. So that's pretty fantastic. From where I said , I'm the Apollo program professor. Today I have zero heavy lift launch capability. I can't wait just in a few years. We'll have three different heavy lift launch capabilities. So that's pretty exciting. You know, your heart is perhaps with Nasa",
          "chapter_name": "Moon Exploration: Returning to the Lunar Surface"
        }
      ]
    },
    {
      "name": "Revolutionizing Space: Innovative Efforts by SpaceX and Blue Origin",
      "content": [
        {
          "speaker": "Dava Newman",
          "speech": "but you mentioned SpaceX and Blue Origin. What are your what are your thoughts of space sex and the innovative efforts there from the sort of private company aspect. They're great. They remember that the investments and SpaceX is government funding. It's Nasa funding is U. S. Air force funding just as it should be because you're betting on a company who is moving fast has new technology development. So I love it. So it was an accident really was under our public private partnerships. So necessarily the government needs to fund these, these startups.",
          "chapter_name": "Revolutionizing Space: Innovative Efforts by SpaceX and Blue Origin"
        },
        {
          "speaker": "Dava Newman",
          "speech": "Now, SpaceX is no longer a startup but you know it's been at it for for 10 years. It's had some accidents learned a lot of lessons but it's great because it's the way you move faster and also some private industry folks and private businesses will take a lot more risk. That's also really important for the government. What do you think about that culture at risk? I mean it's sort of Nasa and the government are exceptionally good at delivering sort of safe. Like there's a little bit more of a culture of caution and safety and sort of this kind of solid engineering and I think SpaceX well has the same kind of stuff, it has a little bit more of that startup field where they take the bigger risk. Is that exciting for you to see seeing bigger risks in this kind of.",
          "chapter_name": "Revolutionizing Space: Innovative Efforts by SpaceX and Blue Origin"
        },
        {
          "speaker": "Dava Newman",
          "speech": "Absolutely. And the best scenario is both of them working together because there's really important lessons learned, especially when you talk about human spaceflight safety, quality assurance, these things are the utmost importance, both aviation and space, when human lives are at stake. On the other hand, government agencies, Nasa can the european space agency, you name it, they become very bureaucratic pretty risk averse move pretty slowly. So I think the best is when you combine the partnerships from both sides, uh, industry necessarily has to push the government take some more risks that they're smart risk or actually gave an award at Nasa for failing smart be smart. You know, you kind of break open the culture say no, they don't look at Polo , that was a huge risk. It was done well.",
          "chapter_name": "Revolutionizing Space: Innovative Efforts by SpaceX and Blue Origin"
        },
        {
          "speaker": "Dava Newman",
          "speech": "So there's always a culture of safety, quality assurance engineering, you know, at its at its best, but on the other hand, you want to get things done and you have to also get them, you have to bring the cost down for when it comes to launch. We really have to bring the cost down and get the frequency up. And so that's what the newcomers are doing. They're really pushing that. So it's a about the most exciting time that can imagine for for spaceflight. Again a little bit, it really is the democratization of space by opening it up. Not just because the launch capability , but the science we can do on a cube sat what you can do now for very, those used to be, you know, student projects that we would go through conceived design implement and think about what a small satellite would be now. They're the most, you know, these are really advanced instruments. Science instruments that are flying on little teeny cube sets that pretty much anyone can afford. So there's not a every nation, you know, every place in the world can fly a cube set And so that's that",
          "chapter_name": "Revolutionizing Space: Innovative Efforts by SpaceX and Blue Origin"
        },
        {
          "speaker": "Dava Newman",
          "speech": "oh that is a uh this is called one you and says we measure in terms of units . So uh you know just in terms of I put both my hands here, that's one unit to unit so little small satellites. So cube SATs are for small satellites and we actually go by mass as well. You know small satellite might be 100 kg 200 kg. All well under 1000 kg cube SATs then are the next thing down from small SATs. You know basically you know kilos in tens of kilos, things like that but kind of the building blocks cubes has a fantastic design is kind of modular design",
          "chapter_name": "Revolutionizing Space: Innovative Efforts by SpaceX and Blue Origin"
        },
        {
          "speaker": "Dava Newman",
          "speech": "so I can take a one U 11 unit of cube set and you know but what if I have a little bit more money and pay load I can fly three of them and just basically put a lot more instruments on it. But essentially think about something the size of a shoebox if you will uh you know that would be a cube set and those how do those help empower you in terms of doing science in terms of doing experiments? Oh right now they're getting back to private industry planet, the company is flying cube SATs and literally looking down on earth and orbiting or taking a picture if you will of Earth every day every 24 hours covering the entire earth. So in terms of earth observations, in terms of climate change, in terms of our changing earth, it's revolutionizing because they're affordable. We can put a whole bunch them up.",
          "chapter_name": "Revolutionizing Space: Innovative Efforts by SpaceX and Blue Origin"
        },
        {
          "speaker": "Lex Fridman",
          "speech": "Telecoms were all, you know, on our cell phones and GPS. We have our telecoms. But those used to be very expensive satellites providing that service. Now we can fly a whole bunch of modular cube sets. So it really is a breakthrough in terms of modularity as well as cost reduction. So that's one exciting set of developments. Is there something else that you've been excited about reusable rockets perhaps that you've seen in the last few years?",
          "chapter_name": "Revolutionizing Space: Innovative Efforts by SpaceX and Blue Origin"
        },
        {
          "speaker": "Dava Newman",
          "speech": "Well the reusability you had other usability is awesome. It's just the best. Now we have to remember the shuttle was a reusable vehicle which shuttle is an amazing narrow space engineer in the shuttle is still just the most gorgeous, elegant, extraordinary design of the space vehicle. It was reusable , it just wasn't affordable. But they were usability of It was really critical because we flew it up. It did come back. So the notion of usability and I think absolutely now what we're doing with we, you know, the global we but with SpaceX and blue origin Setting, the rockets have recovering the first stages where if they can regain 70% cost savings, that's huge.",
          "chapter_name": "Revolutionizing Space: Innovative Efforts by SpaceX and Blue Origin"
        },
        {
          "speaker": "Dava Newman",
          "speech": "And just seeing the control, you know, they can be in control and dynamics person. Just seeing that rocket come back and land, it never gets old. It's exciting every single time you look at it and think that's magic. So it's so cool. Give me the landing is when I stand up. Start clapping. Just just to control. Yeah, yeah. Just just algorithms to control outcomes and hitting that landing.",
          "chapter_name": "Revolutionizing Space: Innovative Efforts by SpaceX and Blue Origin"
        }
      ]
    },
    {
      "name": "Revolutionizing Space Suits: An Interview with Dava Newman",
      "content": [
        {
          "speaker": "Dava Newman",
          "speech": "It's, you know, it's gymnastics for for for rocket ships. But to see these guys stick a landing, it's just wonderful. So every time, like every time I see uh you know, the reusability and the rockets coming back and landing so precisely. It's really exciting. So, it is, it is actually, that's a game changer. We are in a new era of lower costs and lot the higher frequency and it's, it's the world, not just Nasa, it's many nations are really upping their frequency of launches. You've done a lot of exciting research, design engineering on space suits.",
          "chapter_name": "Revolutionizing Space Suits: An Interview with Dava Newman"
        },
        {
          "speaker": "Dava Newman",
          "speech": "What does the space suit of the future look like? Well, if I have anything to say about it, it'll be a very, it'll be a very tight fitting suit. We use a mechanical counter pressure to pressurize right directly on the skin. It seems that it's technically feasible. We're still at the research and development stage. We don't have a flight system, but technically it's feasible. So we do a lot of work in the materials, you know, what materials do we need to pressurize someone.",
          "chapter_name": "Revolutionizing Space Suits: An Interview with Dava Newman"
        },
        {
          "speaker": "Dava Newman",
          "speech": "What's the patterning we need. That's what our patents around the patterning kind of how we apply, this is a third of an atmosphere just to sort of take a little step back. You have this incredible bio suit where it's tight fitting, so allows more mobility and so on. So maybe even take a bigger step back. Like what are the functions that are spaces should perform? So start from the beginning, spacesuit is the world's smallest spacecraft. So I really that's the best definition I can give you right now. We fly gas pressurized suits, but think of developing and designing an entire spacecraft.",
          "chapter_name": "Revolutionizing Space Suits: An Interview with Dava Newman"
        },
        {
          "speaker": "Dava Newman",
          "speech": "So then you take all those systems and you shrink them around a person, provide him with oxygen to breathe, scrub out the carbon dioxide, make sure they have pressure, they need a pressure environmental event. So really the space is a shrunken , you know, spacecraft in its entirety has committed the same systems. Communications exactly. So you really thermal control a little bit of radiation, Not so much radiation protection, but thermal control, humidity, oxygen debris. So all those life support systems as well as the pressure production . So it's an engineering marvel.",
          "chapter_name": "Revolutionizing Space Suits: An Interview with Dava Newman"
        },
        {
          "speaker": "Dava Newman",
          "speech": "You know, the space suits that have flown because they really are entire spacecraft that a small spacecraft that we have around a person, but they're very massive, 140 kg. The current suit and they're not mobility suits. So since we're going back to the moon and mars, we need a planetary suit, we need a mobility suit. So that's where we've kind of flipped the design paradigm . I studied astronauts.",
          "chapter_name": "Revolutionizing Space Suits: An Interview with Dava Newman"
        },
        {
          "speaker": "Dava Newman",
          "speech": "I study humans in motion and if we can map that motion, I want to give you full flexibility, you know, move your arms and legs. I really want you to be like a olympic athlete in extreme explorer. I don't want to waste any of your energy. So we take it from the human design. So I take a look at humans, we measure them, we model them and then I say, okay, can I put a space suit on them that goes from the skin out?",
          "chapter_name": "Revolutionizing Space Suits: An Interview with Dava Newman"
        },
        {
          "speaker": "Dava Newman",
          "speech": "So rather than a gas pressurized shrinking that space craft around the person. So here's how humans perform. Can I design a space suit literally from the skin out? And that's what we've come up with mechanical counter pressure, some patterning and that way it can be order of magnitude less in terms of the mass and it should provide maximum mobility for the moon or mars. What's mechanical counter pressure ? Like how the heck can you even begin to create something that's tight fitting so and still doesn't protect you from the elements and so on. And the whole, the pressure thing.",
          "chapter_name": "Revolutionizing Space Suits: An Interview with Dava Newman"
        },
        {
          "speaker": "Dava Newman",
          "speech": "That's the challenge is a big design chance we've been working on it for. So you can either put someone in a balloon. That's one way to do it as conventional. That's what I mean. That means the ballooning, that's the gas pressure I suit. So put someone in a balloon.",
          "chapter_name": "Revolutionizing Space Suits: An Interview with Dava Newman"
        },
        {
          "speaker": "Dava Newman",
          "speech": "It's only a third of an atmosphere To keep someone alive. So that's what the current system is. So depending on what units you think 30 killer Pasko's, you know, \u00a34.. square. So much less than the pressure that's on Earth. You can still want human alive with .3 and it's alive and happy, alive and happy. And you know, you mix the gasses june here we're having this chat and we're both we're at one C level in boston and you know, one atmosphere. But suits are nitrogen to put a suit if we put someone to a third of an atmosphere.",
          "chapter_name": "Revolutionizing Space Suits: An Interview with Dava Newman"
        },
        {
          "speaker": "Dava Newman",
          "speech": "So for mechanical counter pressure now. So one way to do it with a balloon and that's what we currently have or you can apply the pressure directly to the skin. I only have to give you a third of an atmosphere right now, you and I are very happy and one atmosphere. So so you know, so if I put that pressure, a third of an atmosphere on you, I just have to do it consistently across all of your body and your limbs and it'll be a gas pressurized helmet doesn't make sense to shrink wrap the head, see the blue man group. That's a great, it's a great act. But we don't need, there's no benefits of like shrink wrapping. You put gas pressurized helmet because the helmet then the future of suits.",
          "chapter_name": "Revolutionizing Space Suits: An Interview with Dava Newman"
        },
        {
          "speaker": "Dava Newman",
          "speech": "You asked me about the helmet just becomes your information portal. So it will have augmented reality. You have all the information you need should have. You know the maps that I need. I'm on the moon. Okay",
          "chapter_name": "Revolutionizing Space Suits: An Interview with Dava Newman"
        }
      ]
    },
    {
      "name": "Exploring MArs: Suits, Space, and AI.",
      "content": [
        {
          "speaker": "Dava Newman",
          "speech": "well hey smart helmet then. Show me the map. Show me the topography. Hopefully it has the lab embedded too. If it has really great cameras, maybe I can see what that regular that's just lunar dust and dirt. What's that made of? We talked about the water. So the helmet then really becomes this information portal is how I see kind of the I. T. Architecture of the helmet is really allowing me to use all of my modalities of an explorer that I'd like to.",
          "chapter_name": "Exploring MArs: Suits, Space, and AI."
        },
        {
          "speaker": "Dava Newman",
          "speech": "So cameras voice over images. If it were really good it would kind of be would have lab capabilities as well. Okay, so the pressure comes for the body comes from the mechanical pressure which is fascinating. What aspect when I when I look at bios, just the suits are working on sort of from a fashion perspective. They look awesome. Is that is that a small part of it too? Oh absolutely. Because the teams that we work with of course I'm an engineer, there's engineering students, there's design students, there's architects.",
          "chapter_name": "Exploring MArs: Suits, Space, and AI."
        },
        {
          "speaker": "Lex Fridman",
          "speech": "So it really is very much a multidisciplinary team. So sure colors, aesthetics, materials, all those things we pay attention to. So it's not just an engineering solution. It really is a much more holistic, is a suit. Your, you know, your dressing is, it's form fitting. So we really have to pay attention to all those things.",
          "chapter_name": "Exploring MArs: Suits, Space, and AI."
        },
        {
          "speaker": "Dava Newman",
          "speech": "And so that's the the design team that we work with and my partner get ready. You know, we're partners in this in terms of he comes from an architecture, industrial design background. So bringing those skills to bear as well, we team up with industry folks who are in athletic performance and designers. So it really is a team that brings all those skills together. So what role does the space to play in our long term staying in MArs sort of exploring the doing all the work that astronauts do, but also perhaps civilians one day almost like taking steps towards colonization of MArs. What world does a space to play there? So you always need life support system, pressurized habitat. And I'd like to say we're not going to MArs to sit around so you need a suit even if you land and have the land or you're not going there to stay inside. That's for darn sure.",
          "chapter_name": "Exploring MArs: Suits, Space, and AI."
        },
        {
          "speaker": "Dava Newman",
          "speech": "We're going there to search for the evidence of life. That's why we're going to MArs. So you need a lot of mobility. So for me, the suit is the best way to give the human mobility. We're always still gonna need rovers. We're gonna need robots. So for me explorations, always a suite of explorers, Some people are going to some of the suite of explorers or humans, but many are going to be robots, smart systems, things like that. But I look at it is kind of all those capabilities together make the best exploration team. So let me ask, I love artificial intelligence.",
          "chapter_name": "Exploring MArs: Suits, Space, and AI."
        },
        {
          "speaker": "Lex Fridman",
          "speech": "And uh I've also saw that you've enjoyed the movies space obviously in 2001, a space odyssey. Let me ask the question about how 9000 that makes a few decisions there that prioritizes the mission over the the astronauts. Do you think from a high philosophical question, uh do you think? How did the right thing of prioritizing the mission? I think our artificial intelligence will be smarter in the future for a MARS mission is a great question of is that the reality isn't for a MARS mission, we need fully autonomous systems, we will get humans but they have to be fully autonomous. And that's a really important.",
          "chapter_name": "Exploring MArs: Suits, Space, and AI."
        }
      ]
    },
    {
      "name": "Autonomous Space Exploration: AI Systems and Human Collaboration",
      "content": [
        {
          "speaker": "Dava Newman",
          "speech": "That's the most important concept. Because you know, there's not gonna be a mission control on earth, you know, 20 minutes uh time. Like there's just no way you're gonna control so fully autonomous. So people have to be fully autonomous as well. But all of our systems as well. And so that's that's the big design challenge. So that's why we test them out on the moon as well when we have a okay a few seconds, three second time. Like you can test them out, we have to really get autonomous exploration down . You asked me earlier about Magellan Magellan and his crew. They left right.",
          "chapter_name": "Autonomous Space Exploration: AI Systems and Human Collaboration"
        },
        {
          "speaker": "Lex Fridman",
          "speech": "They were autonomous. You know they were autonomous they left and they were on their own to figure out that mission. Then when they hit land they have resources as institute resource utilization and everything else they brought with them. So we have to I think have that mindset for expression again back to the moon it's more the testing ground a proving ground with technologies. But when we get to MArs it's so far away that we need fully autonomous system. So I think that's that's where AI and autonomy come in.",
          "chapter_name": "Autonomous Space Exploration: AI Systems and Human Collaboration"
        },
        {
          "speaker": "Dava Newman",
          "speech": "A really robust autonomy. Things that we don't have today yet. So they're on the drawing boards but we really need to test them out because that's that's what we're up against. So fully autonomous, meaning like self sufficient. There still a role for the human in that picture. Do you think there will be a time when Ai systems just beyond doing fully autonomous flight control will also help or even take mission decisions? Like how did that's interesting .",
          "chapter_name": "Autonomous Space Exploration: AI Systems and Human Collaboration"
        },
        {
          "speaker": "Dava Newman",
          "speech": "It depends. I mean they're going to be designed by humans and as you mentioned, humans are always in the loop. We might be on Earth, we might be in orbit on MArs. Maybe the systems that Landers down on the surface of MArs. But yeah I think we're gonna get we are right now just on Earth based systems you know ai systems that are incredibly capable and you know, training them with all the data that we have now, you know, petabytes of data from earth?",
          "chapter_name": "Autonomous Space Exploration: AI Systems and Human Collaboration"
        },
        {
          "speaker": "Lex Fridman",
          "speech": "What I care about for the autonomy and ai right now we're applying it in research is to look at Earth and look at climate systems. I mean that's the it's not for mars to me today right now Ai is to eyes on Earth all of our space data compiling that using supercomputers. Because we have so much information and knowledge and we need to get that into people's hands. We need first there's an educational issue with both climate and our changing climate. Then we need to change human behavior. That's the big e",
          "chapter_name": "Autonomous Space Exploration: AI Systems and Human Collaboration"
        },
        {
          "speaker": "Lex Fridman",
          "speech": "so this next decade it's urgent. We take care of our own spaceship was just spaceship Earth. So that's uh to me where my focus has been for A. I systems using whatever is out there kind of imagining also what the future of situation is that the satellite imagery of Earth of the future, if you can hold that in your hands, that's gonna be really powerful. Well that helps people accelerate positive change for Earth and for us to live in balance with Earth. I hope so and",
          "chapter_name": "Autonomous Space Exploration: AI Systems and Human Collaboration"
        }
      ]
    }
  ]
}