{
  "speakers": [
    "Lex Fridman",
    "Eric Schmidt"
  ],
  "episode_name": "eric-schmidt-google",
  "chapters": [
    {
      "name": "The Transformative Power of Technology: A Conversation with Eric Schmidt",
      "content": [
        {
          "speaker": "Lex Fridman",
          "speech": "the following is a conversation with eric Schmidt. He was the ceo of google for 10 years and the chairman for six more guiding the company through an incredible period of growth and a series of world changing innovations. He is one of the most impactful leaders in the era of the Internet and the powerful voice for the promise of technology in our society. It was truly an honor to speak with him as part of the M. I. T. Course, an artificial general intelligence and the artificial intelligence podcast. And now here's my conversation with eric Schmidt, the first moment when you fell in love with technology. Um, I, I grew up in the 1960s as a boy where every boy wanted to be an astronaut and part of the space program. So like everyone else of my age, we would go out to the cow pasture behind my house, which was literally a cow pasture and we would shoot model rockets off. And that I think is the beginning.",
          "chapter_name": "The Transformative Power of Technology: A Conversation with Eric Schmidt"
        },
        {
          "speaker": "Eric Schmidt",
          "speech": "Um, and of course generationally today it would be video games and all the amazing things that you can do online with computers. There's a transformative, inspiring aspect of science and math that maybe rockets would bring, would instill in individuals. You've mentioned yesterday that eighth grade math is where the journey through mathematical universe diverges for many people. It's this uh, fork in the roadway. There's a professor of math and Berkeley Edward franco. He, uh, I'm not sure if you're familiar with him. He has written this amazing book I recommend to everybody called Love and Math, two of my favorite uh words.",
          "chapter_name": "The Transformative Power of Technology: A Conversation with Eric Schmidt"
        },
        {
          "speaker": "Lex Fridman",
          "speech": "Uh he says that if if painting was taught like math then students will be asked to paint a fence. Just his analogy of essentially how math is taught. Uh so you never get a chance to discover the beauty of the art of painting or the beauty of the art of math. So how when and where did you discover that beauty? I think what happens with people like myself is that you're math enabled pretty early and all of a sudden you discover that you can use that to discover new insights. The great scientists will all tell a story. The men and women who are fantastic today. That somewhere when they were in high school or in college, they discovered that they could discover something themselves and that sense of building something of having an impact that you own drives knowledge acquisition and learning. In my case he was programming and the notion that I could build things that had not existed that I had built that it had my name on it. And this was before open source.",
          "chapter_name": "The Transformative Power of Technology: A Conversation with Eric Schmidt"
        },
        {
          "speaker": "Eric Schmidt",
          "speech": "But you could think of it as open source contributions. So today, if I were a 16 or 17 year old boy, I'm sure that I would aspire as a computer scientist to make a contribution like the open source heroes of the world today, that would be what would be driving me and I'd be trying and learning and making mistakes and so forth in the ways that it works. The repository that represent that GIT hub represents. And that open source libraries represent is an enormous bank of knowledge of all of the people who are doing that. And one of the lessons that I learned at google was that the world is a very big place and there's an awful lot of smart people, an awful lot of them are underutilized. So here's an opportunity for example, building parts of programs, building new ideas to contribute to the greater of society.",
          "chapter_name": "The Transformative Power of Technology: A Conversation with Eric Schmidt"
        },
        {
          "speaker": "Lex Fridman",
          "speech": "So, in that moment, in the 70s, the the inspiring moment where there was nothing and then you created something through programming. That magical moment. Uh, so in 1975, I think you've created program called Lex , which I especially like because of my name is Lex. So thank you. Thank you for creating a brand that established a reputation that's long lasting, reliable and has a big impact in the world and still used today. So, thank you for that. But more seriously in that time in the 70s as an engineer, personal computers were being born.",
          "chapter_name": "The Transformative Power of Technology: A Conversation with Eric Schmidt"
        }
      ]
    },
    {
      "name": "The Power of Platforms: Eric Schmidt's Vision for the Future",
      "content": [
        {
          "speaker": "Eric Schmidt",
          "speech": "Do you think you'll be able to predict the 80s , 90s and the arts of where computers would go? I'm sure I could not and would not have gotten it right. Um, I was the beneficiary of the great work of many, many people who saw it clearer than I did with Lex. I worked with a fella named Michael Leske who was my supervisor and he essentially helped me architect and deliver a system that's still in use today . After that, I worked at Xerox Palo Alto Research Center where the Alto was invented and the Alto is the predecessor of the modern personal computer or Macintosh and so forth. And the Altos were very rare and I had to drive an hour from Berkeley to go use them. But I made a point of skipping classes and doing whatever it took to have access to this extraordinary achievement. I knew that they were consequential. What I did not understand was scaling. I did not understand what would happen when you have 100 million as opposed to 100 and so the since then, and I have learned the benefit of scale , I always look for things which are going to scale to platforms, right? So mobile phones, android, all those things, there are the world is in numerous, there are many, many people in the world people really have needs.",
          "chapter_name": "The Power of Platforms: Eric Schmidt's Vision for the Future"
        },
        {
          "speaker": "Eric Schmidt",
          "speech": "They really will use these platforms and you can build big businesses on top of them. So it's interesting. So when you see a piece of technology now you think what will this technology look like when it's in the hands of a billion people. So an example would be that the market is so competitive now that if you can't figure out a way for something to have a million users or a billion users, it probably is not going to be successful because something else will become the general platform and your idea will become a lost idea or a specialized service with relatively few users. So it's a path to generality, it's a path to general platform use, it's a path to broad applicability. Now, there are plenty of good businesses that are tiny, so luxury goods for example. But if you want to have an impact at scale, you have to look for things which are of common value, common pricing , common distribution and solve common problems, the problems that everyone has, and by the way, people have lots of problems, information medicine, health education and so forth. Work on those problems like you said, uh you're a big fan of the middle class uh because there's so many of them, there's so many of them by definition. So any product, any, any thing that has a huge impact, it improves their lives, is a great business decision. It's just good for society and there's nothing wrong with starting off in the high end.",
          "chapter_name": "The Power of Platforms: Eric Schmidt's Vision for the Future"
        },
        {
          "speaker": "Lex Fridman",
          "speech": "As long as you have a plan to get to the middle class, there's nothing wrong with starting with a specialist market in order to learn and to build and to fund things. So you start a luxury market, to build a general purpose market. But if you define yourself as only a narrow market, someone else can come along with a general purpose market that can push you to the corner can restrict the scale of operation can force you to be a lesser impact than you might be. So it's very important to think in terms of broad businesses and broad impact, even if you start in a little corner somewhere. So as you look to the 70s, but also in the decades to come. And you saw computers, did you see them as tools?",
          "chapter_name": "The Power of Platforms: Eric Schmidt's Vision for the Future"
        },
        {
          "speaker": "Eric Schmidt",
          "speech": "Or was there a little element of another entity? Remember a quote saying eh I began with our dream to create the gods. Is there a feeling when you wrote that program that you're creating another entity? Um giving life to something? I wish I could say otherwise, but I simply found the technology platforms so exciting.",
          "chapter_name": "The Power of Platforms: Eric Schmidt's Vision for the Future"
        },
        {
          "speaker": "Eric Schmidt",
          "speech": "That's what I was focused on . I think the majority of the people that I've worked with and there are a few exceptions, steve jobs being an example, really saw this as a great techno technological play. I think relatively few of the technical people understood the scale of its impact . So I used NCP, which is a predecessor to TCP iP, it just made sense to connect things. We didn't think of it in terms of the internet and then companies and then facebook and then twitter and then, you know, politics and so forth. We never did that build, We didn't have that vision. And I think most people, it's a rare person who can see compounding at scale. Most people can see if you ask people to predict the future, they'll say they'll give you an answer of 6-9 months or 12 months because that's about as far as people can imagine. But there's an old saying which actually was attributed to a professor at M I. T a long time ago that we overestimate what can be done in one year and we underestimate what can be done in a decade. And there's a great deal of evidence that these core platforms at hardware and software take a decade. Right?",
          "chapter_name": "The Power of Platforms: Eric Schmidt's Vision for the Future"
        },
        {
          "speaker": "Eric Schmidt",
          "speech": "So think about self driving cars. Self driving cars were thought about in the nineties, there were projects around them. The first DARPA challenge grand challenge was roughly 2004.",
          "chapter_name": "The Power of Platforms: Eric Schmidt's Vision for the Future"
        }
      ]
    },
    {
      "name": "The Power of Predicting the Future: Understanding Platforms and Algorithm",
      "content": [
        {
          "speaker": "Eric Schmidt",
          "speech": "So that's roughly 15 years ago. Uh and today we have self driving cars operating in a city in Arizona right? 15 years and we still have a ways to go before they were generally available. So you've spoken about the importance, you just talked about predicting uh , into the future.",
          "chapter_name": "The Power of Predicting the Future: Understanding Platforms and Algorithm"
        },
        {
          "speaker": "Eric Schmidt",
          "speech": "You've spoken about the importance of uh thinking five years ahead and having a plan for those five years. The way to say it is that almost everybody has a one year plan, almost no one has a proper five year plan. And the key thing to having a five year plan is to having a model for what's going to happen under the underlying platforms. So here's an example. Um, computer moore's law as we know it, the thing that powered um improvements in Cpus has largely halted in its traditional shrinking mechanism because the costs have just gotten so high um it's getting harder and harder but there's plenty of algorithmic improvements and specialized hardware improvements.",
          "chapter_name": "The Power of Predicting the Future: Understanding Platforms and Algorithm"
        },
        {
          "speaker": "Lex Fridman",
          "speech": "So you need to understand the nature of those improvements and where they'll go in order to understand how it will change the platform. Um in the area of network connectivity. What are the gains they're going to be possible in wireless? It looks like there's an enormous expansion of wireless connectivity at many different bands. Right. And that we will primarily historically, I've always thought that we were primarily going to be using fiber, but now it looks like we're going to be using fiber plus very powerful high band with uh sort of short distance connectivity to bridge the last mile . Right? That's an amazing achievement.",
          "chapter_name": "The Power of Predicting the Future: Understanding Platforms and Algorithm"
        },
        {
          "speaker": "Eric Schmidt",
          "speech": "If you know that, then you're gonna build your systems differently by the way those networks have different latency properties, right? Because they're more symmetric. Um the algorithms feel faster for that reason. And so when you think about whether it's a fiber or just technologies in general, So there's this uh barber wooden poem or quote that really like it's from the champions of the impossible rather than the slaves of the possible that evolution draws its creative force. So uh in predicting the next five years, I'd like to talk about the impossible and the possible well and again, again, one of the great things about humanity is that we produce dreamers, right? We literally have people who have a vision and a dream.",
          "chapter_name": "The Power of Predicting the Future: Understanding Platforms and Algorithm"
        }
      ]
    },
    {
      "name": "Google's Balancing Act: Dreamers, Pragmatists, and Bet",
      "content": [
        {
          "speaker": "Eric Schmidt",
          "speech": "They are, if you will disagreeable in the sense that they disagree with the they disagree with what the sort of zeitgeist is. They say there is another way they have a belief, they have a vision. If you look at science , science is always marked by such people who went against some commercial wisdom, collected the knowledge at the time and assembled it in a way that produced a powerful platform. And you've been uh, amazingly honest about in an inspiring way about things you've been wrong about predicting and you've obviously been right about a lot of things. But in this kind of tension, how do you balance as a company in predicting the next five years, the impossible planning for the impossible.",
          "chapter_name": "Google's Balancing Act: Dreamers, Pragmatists, and Bet"
        },
        {
          "speaker": "Eric Schmidt",
          "speech": "So listening to those crazy dreamers, letting them do, letting them run away and make make the impossible really make it happen. And you know, that's how programmers often think and slowing things down. And uh saying, well, this is the rational, this is the possible the pragmatic, the uh, the dream of versus the pragmatist. So it's helpful to have a model which encourages a predictable revenue stream as well as the ability to do new things. So in google's case were big enough and well enough managed and so forth. And we have a pretty good sense of what our revenue will be for the next year or two at least for a while.",
          "chapter_name": "Google's Balancing Act: Dreamers, Pragmatists, and Bet"
        },
        {
          "speaker": "Eric Schmidt",
          "speech": "And so we have enough cash generation that we can make bets and indeed google has become alphabet. So the corporation is organized around these bets and these vets are in areas of fundamental importance to the world, whether it's artificial intelligence, medical technology, self driving cars, connectivity through balloons, on and on and on and there's more coming and more coming. So one way you can express this is that the current business is successful enough that we have the luxury of making bets. And another one that you could say is that we have the wisdom of being able to see that a corporate structure needs to be created to enhance the likelihood of the success of this bets. So we essentially turned ourselves into a conglomerate of bets and then this underlying corporation Google, which is itself innovative. So in order to pull this off, you have to have a bunch of belief systems and one of them is that you have to have bottoms up and tops down the bottoms up .",
          "chapter_name": "Google's Balancing Act: Dreamers, Pragmatists, and Bet"
        },
        {
          "speaker": "Lex Fridman",
          "speech": "We call 20% time and the idea is that people can spend 20% of the time and whatever they want and the top down is that our founders in particular have a keen eye on technology and they're reviewing things constantly. So an example would be, they, they'll hear about an idea or I'll hear about something and it sounds interesting. Let's go visit them and then let's begin to assemble the pieces to see if that's possible and if you do this long enough you get pretty good at predicting what's likely to work. So that's that's a beautiful balance that's struck. Is this something that applies at all scale? So it it seems seems to be um uh Sergei again 15 years ago um came up with a concept called 10 10% of the budget should be on things that are unrelated.",
          "chapter_name": "Google's Balancing Act: Dreamers, Pragmatists, and Bet"
        },
        {
          "speaker": "Eric Schmidt",
          "speech": "It was called 70 2010 70% of the time on core business, 20% on adjacent business and 10% another. And he proved mathematically, of course he's a brilliant mathematician that you needed that 10% right to make the some of the growth work and it turns out he was right. So getting into the world of artificial intelligence, you've you've talked quite extensively and effectively too the impact in the near term, the positive impact of artificial intelligence. Uh whether it's machine, especially machine learning in medical applications and education and just making information more accessible right in the Ai community. There is a kind of debate.",
          "chapter_name": "Google's Balancing Act: Dreamers, Pragmatists, and Bet"
        },
        {
          "speaker": "Eric Schmidt",
          "speech": "Uh there's this shroud of uncertainty as we face this new world with artificial intelligence in it. And there's some people uh like Elon musk, you've disagreed on at least on the degree of emphasis he places on the existential threat of ai. So I've spoken with Stuart russell max tech Mark who share Elon musk's view and Yoshi Job NGO steven Pinker who do not. And so there's a there's a there's a lot of very smart people who are thinking about this stuff disagreeing, which is really healthy of course. So what do you think is the healthiest way for the Ai community too? And really for the general public to think about AI and the concern of the technology being mismanaged in some in some kind of way. So the source of education for the general public has been robot killer movies, right? And terminator, et cetera.",
          "chapter_name": "Google's Balancing Act: Dreamers, Pragmatists, and Bet"
        },
        {
          "speaker": "Eric Schmidt",
          "speech": "And the one thing I can assure you we're not building are those kinds of solutions furthermore, if they were to show up, someone would notice and unplug them, right? So as exciting as those movies are and they're great movies. Were the killer robots to to start, we would find a way to to stop them. Right?",
          "chapter_name": "Google's Balancing Act: Dreamers, Pragmatists, and Bet"
        }
      ]
    },
    {
      "name": "AI, Health, and Education: The Promises and Concern",
      "content": [
        {
          "speaker": "Eric Schmidt",
          "speech": "So I'm not concerned about that.",
          "chapter_name": "AI, Health, and Education: The Promises and Concern"
        },
        {
          "speaker": "Eric Schmidt",
          "speech": "Um and much of this has to do with the time frame of conversation. So you can imagine a situation 100 years from now when the human brain is fully understood and the next generation, the next generation of brilliant MIT scientists have figured all this out, we're going to have a large number of ethics questions right around science and thinking and robots and computers and so forth, and so on. So it depends on the question of the time frame In the next 5-10 years, we're not facing those questions. What we're facing in the next 5 to 10 years is how do we spread this disruptive technology as broadly as possible to gain the maximum benefit of it? The primary benefits should be in healthcare and an education health care because it's obvious we're all the same. Even though we don't somehow believe we're not as a medical matter, the fact that we have big data about our health will save lives allow us to get, you know , deal with skin cancer and other cancers, ophthalmological problems. There's people working on psychological diseases and so forth using these techniques. I go on and on the promise of ai in medicine is extraordinary. There are many, many companies and startups and funds and solutions and we will all live much better for that. The same argument and education can you imagine that for each generation of child and even adult you have a tutor educator.",
          "chapter_name": "AI, Health, and Education: The Promises and Concern"
        },
        {
          "speaker": "Eric Schmidt",
          "speech": "It's ai based that's not a human but is properly trained. That helps you get smarter, helps you address your language difficulties or your math difficulties or what have you? Why don't we focus on those two? The gains societally of making humans smarter and healthier are enormous. Right? And those translate for decades and decades and we'll all benefit from them.",
          "chapter_name": "AI, Health, and Education: The Promises and Concern"
        },
        {
          "speaker": "Eric Schmidt",
          "speech": "Um there are people who are working on AI safety, which is the issue that you're describing? And there are conversations in the community that should there be such problems. What should the rules be like Google for example has announced its uh policies with respect to Ai safety which I certainly support and I think most everybody would support and they make sense. Right? So it helps guide the research but the killer robots are not arriving this year and they're not even being built and and on that line of thinking is that the time scale in in in this topic or other topics? Have you found a useful On the business side of the intellectual side to think beyond 5, 10 years to think 50 years out. Has it ever been useful Or productive in our industry? There are essentially no examples of 50 year predictions that have been correct.",
          "chapter_name": "AI, Health, and Education: The Promises and Concern"
        },
        {
          "speaker": "Eric Schmidt",
          "speech": "Um Let's review ai right Ai which was largely invented here at M. I. T. And a couple of other universities in the 1956 1957 1958. The original claims were a decade or two. And when I was a PhD student I studied a I bet and it entered during my looking at it a period which is known as a I winter which went on for about 30 years which is a whole generation of science scientists and a whole group of people who didn't make a lot of progress because the algorithms had not improved and the computers did not approved. It took some brilliant mathematicians. Starting with a fellow named Geoff Hinton at Toronto and Montreal who basically invented this deep learning model, which empowers us today. Those the seminal work there was 20 years ago and in the last 10 years it's become popularized. So think about the time frames for that level of discovery, it's very hard to predict.",
          "chapter_name": "AI, Health, and Education: The Promises and Concern"
        },
        {
          "speaker": "Lex Fridman",
          "speech": "Many people think that will be flying around in the equivalent of flying cars, Who knows, my own view. Uh if I want to go out on a limb is to say that when we we know a couple of things about 50 years from now , we know that there'll be more people alive. We know that we'll have to have platforms that are more sustainable because the earth is limited, you know, in the ways we all know, and that the kind of platforms that are gonna get billed will be consistent with the principles that I've described. They will be much more empowering of individuals. They'll be much more sensitive to the ecology because they have to be they just have to be. I also think that humans are going to be a great deal smarter",
          "chapter_name": "AI, Health, and Education: The Promises and Concern"
        },
        {
          "speaker": "Eric Schmidt",
          "speech": "And I think they're gonna be a lot smarter because of the tools that I've I've discussed with you. And of course people will live longer life extension is continuing apace. Uh baby born today has a reasonable chance of living to 100 right, which is pretty exciting. Well past the 21st century. So we better take care of them. And you mentioned uh interesting statistic on uh some very large percentage 6070% of people may live in cities Today more than half the world lives in cities.",
          "chapter_name": "AI, Health, and Education: The Promises and Concern"
        },
        {
          "speaker": "Eric Schmidt",
          "speech": "And one of the great stories of humanity in the last 20 years has been the rural to urban migration. This has occurred in the United States, it's occurred in europe, it's occurring in Asia and it's occurring in africa when people move to cities the cities get more crowded but believe it or not their health gets better, their productivity gets better, their I. Q. And educational capabilities improve. So it's good news that people are moving to cities but we have to make them livable and safe. So you you first of all you are but you've also worked with some of the greatest leaders in the history of tech. What insights do you draw from the difference in leadership styles of yourself, steve jobs. Elon musk larry page . Now the new Ceo Sandra Park I and others from the I would say calm SAGES to the mad geniuses. One of things that I learned as a young executive is that there's no single formula for leadership.",
          "chapter_name": "AI, Health, and Education: The Promises and Concern"
        }
      ]
    },
    {
      "name": "The Power of Personal AI Assistants: Disrupting Information Access and Dreams.",
      "content": [
        {
          "speaker": "Eric Schmidt",
          "speech": "Um They try to teach one but that's not how it really works. There are people who just understand what they need to do and they need to do it quickly. Those people are often entrepreneurs they just know and they move fast. There are other people who are systems thinkers and planners. That's more who I am somewhat more conservative , more thorough in execution a little bit more risk averse . There's also people who are sort of slightly insane right in the sense that they are emphatic and charismatic and they feel it and they drive it and so forth. There's no single formula to success. There is one thing that unifies all of the people that you named which is very high intelligence right at the end of the day.",
          "chapter_name": "The Power of Personal AI Assistants: Disrupting Information Access and Dreams."
        },
        {
          "speaker": "Lex Fridman",
          "speech": "The thing that characterizes all of them is that they saw the world quicker, faster, They processed information faster. They didn't necessarily make the right decisions all the time, but they were on top of it. And the other thing that's interesting about all those people is they all started young. So think about steve jobs, started starting Apple roughly at 18 or 19, think about Bill Gates starting at roughly 2021 think about by the time they were 30 Mark Zuckerberg and a good example at 1920 By the time they were 30 they had 10 years At 30 years old, they had 10 years of experience of dealing with people and products and shipments and the press and business and so forth. It's incredible how much experience they had compared to the rest of us who are busy getting our phds so we , we, we should celebrate these people because they've just had more life experience, right? And that helps inform the judgment at the end of the day when you're at the top of these organizations, all the easy questions have been dealt with, right? How should we design the buildings ?",
          "chapter_name": "The Power of Personal AI Assistants: Disrupting Information Access and Dreams."
        },
        {
          "speaker": "Lex Fridman",
          "speech": "Where should we put the colors on our product? What should the box look like ? Right. The problems. That's why it's so interesting to be in these rooms. The problems that they face, right? In terms of the way they operate, the way they deal with their employees, their customers, their innovation are profoundly challenging. Each of the companies is demonstrably different culturally, right? They are not in fact cut of the same.",
          "chapter_name": "The Power of Personal AI Assistants: Disrupting Information Access and Dreams."
        },
        {
          "speaker": "Eric Schmidt",
          "speech": "They behave differently based on input. Their internal cultures are different, their compensation schemes are different, their values are different . So there's proof that diversity works. So, so when faced with a tough decision in need of advice, it's been said that the best thing one can do is to find the best person in the world who can give that advice and find a way to be in a room with them one on one and ask. So here we are. And let me ask in a long winded way I wrote this down In 1998. There are many good search engines, Lycos, excite altavista infoseek ask jeeves maybe uh yeah, who even so google stepped in and disrupted everything. They disrupted the nature of search. The nature of our access to information, the way we discover new knowledge. So now it's 2018 actually, 20 years later, there are many good personal ai assistance including of course the best from google.",
          "chapter_name": "The Power of Personal AI Assistants: Disrupting Information Access and Dreams."
        },
        {
          "speaker": "Eric Schmidt",
          "speech": "So you've spoken in in medical and education the impact of such an Ai assistant could bring. So we arrive at this question so it's a personal one for me but I hope my situation represents that of many other as we said dreamers and the crazy engineers. So my whole life I have dreamed of creating such an assistant. Every step I've taken has been towards that goal. Now I'm a research scientist in human centered AI here at M. I. T. So the next step for me as I sit here facing my passion Is to do what Larry and Sergey did in 98 this simple startup.",
          "chapter_name": "The Power of Personal AI Assistants: Disrupting Information Access and Dreams."
        },
        {
          "speaker": "Eric Schmidt",
          "speech": "And so here's my simple question. Given the low odds of success the timing and luck required the countless other factors that can be controlled or predicted. Which is all the things that Larry and Sergey faced. Is there some calculations some strategy to follow in the step or do you simply follow the passengers because there's no other choice.",
          "chapter_name": "The Power of Personal AI Assistants: Disrupting Information Access and Dreams."
        }
      ]
    },
    {
      "name": "Entrepreneurial Chaos: Innovation, AI, and the Extraordinary Moment",
      "content": [
        {
          "speaker": "Eric Schmidt",
          "speech": "I think the people who are in universities are always trying to study the extraordinary chaotic nature of innovation and entrepreneurship. My answer is that they didn't have that conversation.",
          "chapter_name": "Entrepreneurial Chaos: Innovation, AI, and the Extraordinary Moment"
        },
        {
          "speaker": "Eric Schmidt",
          "speech": "They just did it. They sensed a moment when in the case of google there was all of this data that needed to be organized and they had a better algorithm. They had invented a better way. So today with human centered ai which is your area of research, there must be new approaches, it's such a big field, there must be new approaches different from what we and others are doing, There must be startups to fund, there must be research projects to try, there must be graduate students to work on new approaches. Um here at MIT, there are people who are looking at learning from the standpoint of looking at child learning, right? How do Children learn starting at 81? And the work is fantastic.",
          "chapter_name": "Entrepreneurial Chaos: Innovation, AI, and the Extraordinary Moment"
        },
        {
          "speaker": "Lex Fridman",
          "speech": "Those approaches are different from the approach that most people are taking. Perhaps that's a bet that you should make or perhaps there's another one. But at the end of the day the successful entrepreneurs are not as crazy as they sound, they see an opportunity based on what's happened. Let's use Uber as an example as Travis tells the story, he and his co founder was sitting in paris and they had this idea because they couldn't get a cab and they said we have smartphones and the rest is history. So what's the equivalent of that Travis Eiffel Tower, where is a cab moment that you could as an entrepreneur take advantage of whether it's in human centered Ai or something else. That's the next great startup and the psychology of that moment. So when Sergey and larry talk about uh listen to a few interviews, it's very nonchalant, Well here's here's the very fascinating web data and uh here's an algorithm we have for, you know, we just kind of want to play around with that data and it seems like that's a really nice way to organize this data. Well, I could say, I should say what happened remember is that they were graduate students at Stanford and they thought there's this interesting. So they built a search engine and they kept it in their room and they had to get power from the room next door because they were using too much power in the room.",
          "chapter_name": "Entrepreneurial Chaos: Innovation, AI, and the Extraordinary Moment"
        },
        {
          "speaker": "Eric Schmidt",
          "speech": "So they ran an extension cord over right. And then they went and they found a house and they had Google World",
          "chapter_name": "Entrepreneurial Chaos: Innovation, AI, and the Extraordinary Moment"
        }
      ]
    }
  ]
}