{
  "speakers": [
    "Lex Fridman",
    "Garry Kasparov"
  ],
  "episode_name": "garry-kasparov-chess-deep-blue-ai-and-putin",
  "chapters": [
    {
      "name": "The Driving Force: Passion for Winning and Hating Losing",
      "content": [
        {
          "speaker": "Lex Fridman",
          "speech": "The following is a conversation with Garry Kasparov . He is considered by many to be the greatest chess player of all time. From 1986 until his retirement in 2005. He dominated the Chess World Ranking World # one for most of those 19 years. While he has many historical matches against human chess players in the long arc of history, he may be remembered for his match against the machine. IBM's deep blue. His initial victories and eventual loss to deep blue captivated the imagination of the world. What role artificial intelligence systems may play in our civilizations future.",
          "chapter_name": "The Driving Force: Passion for Winning and Hating Losing"
        },
        {
          "speaker": "Lex Fridman",
          "speech": "That excitement inspired an entire generation of AI researchers including myself, to get into the field. Gary is also a pro democracy political thinker and leader, a fearless human rights activist and author of several books, including how life imitates chess, which is a book on strategy and decision making, Winter is coming, which is a book articulating his opposition to the Putin regime and deep thinking, which is a book on the role of both artificial intelligence and human intelligence in defining our future. This is the artificial intelligence podcast. If you enjoy it, subscribe on youtube, give it five stars on itunes, support on Patreon or simply conducted me on twitter Alex Friedman spelled F R I D M A N and now here's my conversation with Garry Kasparov as perhaps the greatest chess player of all time when you look introspectively at your psychology throughout your career. What was the bigger motivator , the love of winning or the hatred of losing tough question, I have to confess, I never heard it before, which is again , congratulations, that's quite an accomplishment. Losing was always painful for me.",
          "chapter_name": "The Driving Force: Passion for Winning and Hating Losing"
        },
        {
          "speaker": "Garry Kasparov",
          "speech": "It was almost like a physical pain because I knew that if I lost the game Mhm. It's just because I made a mistake. So it's I always believed that the result of the game had to be decided by the quality of my play, okay, you may say it sounds arrogant, but it helped me to move forward because I always knew that there was room for improvement. So it's the was there the fear of the mistake actually, fear of mistake, guarantees mistakes. And the difference between top players at the very top is that it's the ability to make a decision without predictable consequences. You don't know what's happening.",
          "chapter_name": "The Driving Force: Passion for Winning and Hating Losing"
        },
        {
          "speaker": "Garry Kasparov",
          "speech": "It's just intuitively, I can go this way or that way, and they're always hesitations. People are like, you're you're just, you know, at the crossroad, you can go right, you can go left, you can go straight, you can turn and go back and the consequences are just very uncertain. You have certain ideas what happens on the right, on the left or just, you know, if you go straight, but it's not enough to make well calculated choice and when you play chess at the very top is it's it's it's about your inner strength , so I can make this decision, I will stand firm and I'm not going to waste my time because I have full confidence that I will go through. Um going back to the original question is I would say neither, it's just it's the, it's love for winning , hateful losing. There were important elements, psychological elements, but the key element, it's the, I would say the driving force was always my passion for, for making it making a difference. It's just I can move forward and I can always, it's, I can always enjoy not just playing but creating something new, creating something new. How do you think about that?",
          "chapter_name": "The Driving Force: Passion for Winning and Hating Losing"
        },
        {
          "speaker": "Garry Kasparov",
          "speech": "It's just finding new ideas in the openings, you know, some original plan in the middle game. It's actually that helped me to make the transition from the game of chess where I was at the very top to another life . Well , I knew I would not be number one, I would not be necessarily on the top , but I could still be very active and productive by my ability to make a difference. By influencing people, say joining the democratic movement in Russia or talking to people about human machine relations. There's so many things where I knew my influence may not be as decisive as in chess, but still strong enough to help people to make their choices. So you can still create something new that makes a difference in the world outside of chest. But wait, you've kind of painted a beautiful picture of your motivation to chest to create something new, to look for those moments of some brilliant new ideas. But were you haunted by something? So you make it seem like to be at the level you're at, you can get away without having demons without, without having fears, without being driven by some of the darker forces. Oh, I mean you sound almost religious in the dark forces, the ritual humans.",
          "chapter_name": "The Driving Force: Passion for Winning and Hating Losing"
        },
        {
          "speaker": "Garry Kasparov",
          "speech": "I mean you have a call for a priest. Uh, now just let's go back to, to , to these crucial chest moments where I had to make big decisions. As I said, it's, it's, you know, it was all about my belief from very early days that I can make all the difference by playing well or by making mistakes. So the yes, I, I always had an opponent across the chessboard opposite man. But no matter how strong the opponent was, where they just order player or another wall champion like Angelique or POV, I having all respect from my opponent. I still believe that it's, it's up to me to make the difference.",
          "chapter_name": "The Driving Force: Passion for Winning and Hating Losing"
        }
      ]
    },
    {
      "name": "Garry Kasparov: Fighting Time, Losing Propositions",
      "content": [
        {
          "speaker": "Garry Kasparov",
          "speech": "Uh, I, you know, I knew I was not invincible. I made mistakes, I made some blunders and you know, with age there, I mean more blunders, so kick it. I knew it, but it's, it's still, you know, it's, it's very much for me to be decisive factor in the game. I mean, even now look, I just , you know, my latest chest experience was horrible. I mean, like I played Carolina Corona, Corona, uh, this number two, number two, number three player in the world these days, we played this 9 60 with the fish or so called Fischer random chairs through shuffling pieces. Yeah, I lost very badly.",
          "chapter_name": "Garry Kasparov: Fighting Time, Losing Propositions"
        },
        {
          "speaker": "Garry Kasparov",
          "speech": "But it's because I made mistakes. I mean, I had so many winning positions. I mean, 15 years ago I would have crushed him. So, and it's, it's, you know, while I lost, I was so much upset. I mean, I know, as, as I said in my, in, in the interview, I can fight any opponent, but not my biological clock. So it's uh, It's fighting time is always a losing proposition. But even today at age 56, you know,",
          "chapter_name": "Garry Kasparov: Fighting Time, Losing Propositions"
        },
        {
          "speaker": "Garry Kasparov",
          "speech": "I I knew that, you know , I could play a great game. I couldn't finish it because I didn't have enough energy or just, you know, I couldn't have the same level concentration, but you know, in a number of games where I completely outplayed one of the top players in the world, I mean, give me a certain amount of pleasure. That is, even today, I haven't lost my touch, not the same. You know, uh , okay, the jaws are not as strong and the teams are not as sharp, but I could get him just, you know, almost, you know, on the ropes, uh, still got it and it's, you know, and it's, I think it's, my wife said it.",
          "chapter_name": "Garry Kasparov: Fighting Time, Losing Propositions"
        },
        {
          "speaker": "Lex Fridman",
          "speech": "Well, I mean, she said , look gary, it's somehow, it suddenly just fighting biological biological clock. It's just, you know, maybe it's a signal because , you know, the goddess of chess since you spoke great religious, the goodness of chess, keisha, maybe she didn't want you to win because, you know, if you could beat number two, number three player in the world, I mean, that's that's that's one of the top players who just recently played World Championship match . If you could beat him, that was really bad for the game of chess. But just what people will say, oh, look, the game of chess, you know, it's it's it's it's not making any progress. The game is just, you know, it's it's totally devalued because the guy coming out of retirement, you know, just, you know, winning games. Maybe that was good for chest , not good for you. But it's look uh been following your logic. We should always look for, you know, demons, you know, superior forces and other things that could, you know, it's not dominate our lives, but somehow, you know, play a significant role in in uh, the outcome. Yeah.",
          "chapter_name": "Garry Kasparov: Fighting Time, Losing Propositions"
        }
      ]
    },
    {
      "name": "Garry Kasparov: The Goddess of Chess and New Creativity",
      "content": [
        {
          "speaker": "Garry Kasparov",
          "speech": "So the goddess of chest had to send a message. Yeah, that's okay. Okay, so Gary, you should do something else time now for a question that you have heard before. But give me a chance. You've dominated the chess world for 20 years, even still got it?",
          "chapter_name": "Garry Kasparov: The Goddess of Chess and New Creativity"
        },
        {
          "speaker": "Garry Kasparov",
          "speech": "Is there a moment you said you always look to create something new. Is there is there games or moments where you're especially proud of in terms of your brilliance of a new creative move? You've talked about Mikhail tall as somebody who was aggressive and creative chess player in your own game. Look, you mentioned Michael call, it's very aggressive, very short player, famous for his combinations and sacrifices, even called magician from riga. So for his very unique style, but any any world champion, you know, it's yeah, was a creator. Some of them were so flamboyant and flash like tall, some of them will know just, you know, less uh discerned at the chessboard like ground Petrosian, but every world champion, every top player brought something into the game of chess and each contribution was priceless because it's not just about sacrifices of course, amateur stay enjoy, you know, the brilliant games where peace is being sacrificed, it's all just, you know, it's an old piece of hanging and, and it's all of a sudden, you know, being material down the road down or just, you know, queen down the, the the weaker side uh, delivers the final blow and just, you know, mating opponents king. But there's other kinds of beauty. I mean, it's a slow positional maneuvering, you know, looking for weaknesses and just and gradually strangling uh, your opponent and eventually delivering sort of a position of masterpiece.",
          "chapter_name": "Garry Kasparov: The Goddess of Chess and New Creativity"
        },
        {
          "speaker": "Garry Kasparov",
          "speech": "Yeah. So I think I made more difference in the game of chess then I could, I could have imagined when I started playing and uh the reason I thought it was time for me to leave is that, I mean, I knew that I was not, I was not no longer the position to uh bring, bring the same kind of contribution, the same kind of uh new knowledge into the game. So um and going back, I could immediately look at my games against Anatoly Karpov, it's not just, I won the match in 1985 and became World champion at age 22, but there were at least two games in that match, of course, the last one game 20 for that was decisive game of the match I won and became world champion. But also the way I want it was, it was a very short game and I found a unique maneuver that was absolutely new and it became some sort of just a typical now though, this, when the movie was made Was made on the board and put on display, a lot of people thought it was ugly. So that's another game game 16 in a match where I just also managed to outplay corp of completely with black pieces. Just, you know, paralyzing his entire army in its own, its own camp Technically or psychologically or is that a mix of both in game 16? Yeah, I think it was a big blow to Karpov.",
          "chapter_name": "Garry Kasparov: The Goddess of Chess and New Creativity"
        },
        {
          "speaker": "Garry Kasparov",
          "speech": "I think it was a big psychological victory for number of reasons , one, the score was equal at the time and uh the world champion, you know, by the rules could retain his title in case of a tie. So we still have, you know, before games 16, we have nine games to go. And also it was some sort of a bluff because neither me nor Karpov saw the reputation of this opening idea and uh, and I think it's just for Carpal, it was double blow because not that he lost the game, triple blow, he lost the game, it was a brilliant game. And I played impeccably after, you know, just this, this, this opening bluff. And then, you know, they discovered that it was a bluff. So it's the, uh, I didn't know I was not bluffing.",
          "chapter_name": "Garry Kasparov: The Goddess of Chess and New Creativity"
        },
        {
          "speaker": "Garry Kasparov",
          "speech": "So that's why it happens very often. It's been, You know, some ideas could be refuted and it's just what I found out. And this is again, going back to your, you know, spiritual theme is that it's, you could spend a lot of time working. And when I say, you could just, it's in the 80s and the 90s, it doesn't happen these days because everybody has a computer, you can immediately see if it works or it doesn't work. Machine shows your reputation in a split of a second. But many of the our analysis in the eighties or in the nineties, they were not perfect simply because we're humans and they just, you, you you analyze the game, you look for some fresh ideas and then just, it happens that there was something that you missed because the level of concentration at the chessboard is different from one that when you analyze the game just moving the pieces around. But somehow if you spend a lot of time at the chessboard preparing. So in your studies with your coaches, hours and hours and hours and nothing of what you found could have materialized on the, on, on chest on the chessboard. Somehow these hours help. I don't know why I always helped you.",
          "chapter_name": "Garry Kasparov: The Goddess of Chess and New Creativity"
        }
      ]
    },
    {
      "name": "Garry Kasparov on Magnus Carlsen: The Unique Combination of Fischer and Karpov",
      "content": [
        {
          "speaker": "Garry Kasparov",
          "speech": "It's, it's as if you know the amount of work you did, uh could be transformed into some sort of yeah spiritual energy that helps you to come up with other great ideas during the board.",
          "chapter_name": "Garry Kasparov on Magnus Carlsen: The Unique Combination of Fischer and Karpov"
        },
        {
          "speaker": "Lex Fridman",
          "speech": "Again , even if it was, there was no direct connection between your preparation and your victory in the game. There was always some sort of invisible connection between the amount of work you did , your dedication to actually two and your passion to discover new ideas and your ability during the game at the chessboard. When the clock was ticking, we still had taken clock digital clock at the time. So to come up with some, some, some buoyancy and, and I also can mention many games from the nineties. So it's the, obviously all amateurs would pick up my game against veselin Topalov in 1999 and vegans again, because it was a brilliant game. The Black king traveled from uh, from its own camp to into the, into the whites camp across the entire board. It doesn't happen often trust me as you know, in, in, in , in the games of professional players, top professional players. So that's why visually it was one of the most impressive victories, but I could bring to your attention many other games that were not so impressive for, for amateurs.",
          "chapter_name": "Garry Kasparov on Magnus Carlsen: The Unique Combination of Fischer and Karpov"
        },
        {
          "speaker": "Garry Kasparov",
          "speech": "Not so not so um, beautiful . Just guess it's sacrifice, always beautiful. You sacrifice prices and then, and then eventually you have so very few resources left and you, you, you use them just to, to, to, to crush your, your, your reporting basically to, you have to make the king because you have Almost almost nothing, nothing nothing left at your disposal. But I, you know, I up to the very end, get less and less, but still up to the very end. I always had games with some sort of, you know, interesting ideas and uh, and games that gave me great satisfaction. But I think it's what happened from 2005 up to these days was also a very, very big accomplishment since, you know, I had to find myself to sort of relocate myself, rechannel the creative energies. Exactly.",
          "chapter_name": "Garry Kasparov on Magnus Carlsen: The Unique Combination of Fischer and Karpov"
        },
        {
          "speaker": "Garry Kasparov",
          "speech": "And do you find something where I feel comfortable even confident that my participation still makes the difference beautifully put. So let me ask perhaps a silly question but sticking on chest for just a little longer, where do you put magnus carlsen, the current world champion in the list of all time greats in terms of style, moments of brilliance, consistency. It's a tricky question. You know, at the moment you start ranking, uh, won't do something. It's the, I think it's, it's, it's not fair because it's any new generation knows much more about the game than the previous one. So when people say, oh Gary was the greatest. Fischer was the greatest magnets. The greatest disregard the fact that the great pleasure in the past the last year, Casablanca looking, I mean they knew so little about chess by today's standards today, just any kid, you know, that spent a few years, you know, uh, with his or her chest computer and knows much more about the game simply just because you have access to this information and it has been discovered generation after generation, we added more and acknowledged the game of chess.",
          "chapter_name": "Garry Kasparov on Magnus Carlsen: The Unique Combination of Fischer and Karpov"
        },
        {
          "speaker": "Garry Kasparov",
          "speech": "It's about the gap between the world champion and the rest of the field. So it's the now if you look at the gap then proud of fisher, you know, it could be on top, but very short period of time. Then you should also add a time factor I was on top, not as big as, but much longer. So that, so, and also unlike Fischer, I will succeed, I succeeded in beating next generation. Here's the question.",
          "chapter_name": "Garry Kasparov on Magnus Carlsen: The Unique Combination of Fischer and Karpov"
        },
        {
          "speaker": "Garry Kasparov",
          "speech": "Yeah. Let's see if you still got the fire. Speaking of the next generation because you did succeed beating the next Generation. It's close. Okay. And I'm short and, and the sheer of chronic is already 12 years younger. So that's the next, that's, but still, yet I competed with them and I just beat most of them and I was still dominant when I left at age of 41. So back to magnus.",
          "chapter_name": "Garry Kasparov on Magnus Carlsen: The Unique Combination of Fischer and Karpov"
        },
        {
          "speaker": "Garry Kasparov",
          "speech": "Macros consistency is phenomenal. The reason macros is on top and it's seems unbeatable today. Magnus is a lethal combination of fisher and corporal , which is very, it's very unusual because official style was very dynamic. Just fighting to the last poem, just using every resource available. Carbon was very different. It's just you had an unparalleled ability to use the every piece with a maximum effect.",
          "chapter_name": "Garry Kasparov on Magnus Carlsen: The Unique Combination of Fischer and Karpov"
        }
      ]
    },
    {
      "name": "Garry Kasparov on Chess, Health, and Time Gaps",
      "content": [
        {
          "speaker": "Garry Kasparov",
          "speech": "Just, it's minimal resources always produce maximum effect. So now imagine that you merge these two styles.",
          "chapter_name": "Garry Kasparov on Chess, Health, and Time Gaps"
        },
        {
          "speaker": "Garry Kasparov",
          "speech": "So it is, it's like, you know, it's a squeezing every stone for drop of water. But, but doing it, you know, just , you know, for 50 60 70 80 moves. I mean, manuals could go on as long as fisher was always passion and energy and at the same time being as medicals and, and, and, and and deadly as corporal by just, you know, using every little advantage. So and it's good , you know, very good health. It's important. I mean, physical conditions are by their very important. So a lot of people don't recognize that their latest study shows that chess players burned thousands of calories, uh, during the game.",
          "chapter_name": "Garry Kasparov on Chess, Health, and Time Gaps"
        },
        {
          "speaker": "Garry Kasparov",
          "speech": "So that puts him on the top of this fuel of, of the World champions. But again, it's the discussion that is I saw recently an internet whether Garry Kasparov of his peak, let's say late eighties could beat magnus carlsen today. I mean, it's certainly irrelevant because Gary was probably in 1989 okay, it's played a great chance, but still, I knew very little about chest compared to magnus cross in 2019 who by the will learn from me as well. So that's why, yeah, I'm extremely cautious in making any judgment that involves, you know, time gaps, you ask, you know, soccer fans, so who is your favorite pele maradona or messi? Yeah, yeah, who's your favorite messy messy why? Because maybe maradona because you're younger.",
          "chapter_name": "Garry Kasparov on Chess, Health, and Time Gaps"
        },
        {
          "speaker": "Lex Fridman",
          "speech": "But that's simple , You instinctive answer is correct because you saw, you didn't see maradona action, I saw all of them in action. So that's why, but, but since, you know, when I was, you know, just following it, you know, just , it's pele and maradona, they were just, you know, there were big stars and it's messy is already just, I was gradually losing interest and just other things . So I remember Pele 1970, the final match , Brazil Italy. So that's the first World World World Cup soccer I watched. So that's the uh, actually my answer when I just when I just, you know, because I was asked this question as well. So I say that is just while it's impossible to make a choice, I would still probably go with Maradona for a simple reason. The Brazilian team in 1970 could have won without colette.",
          "chapter_name": "Garry Kasparov on Chess, Health, and Time Gaps"
        }
      ]
    },
    {
      "name": "The Pinnacle of Intellectual Mastery: Garry Kasparov on IBM Deep Blue",
      "content": [
        {
          "speaker": "Garry Kasparov",
          "speech": "It was absolutely great. Still could have one maybe, but it is The Argentinian team in 1986, Maradona would not be unified. So this is and messy. He still hasn't won a title. That's , that's good argue for that for an hour. Yes, you could say, if you ask maradona, if you look in his eyes, especially let's say Garry Kasparov in 99 he would have said, I was sure as hell would be magnus carlsen, just simply the confidence fire simply because simply because again, it's just a saw me in action.",
          "chapter_name": "The Pinnacle of Intellectual Mastery: Garry Kasparov on IBM Deep Blue"
        },
        {
          "speaker": "Garry Kasparov",
          "speech": "So this again, it's the age factor is important therefore, with the passion and energy and , and being equipped with all modern ideas. But again, then you make, you know, a very just important assumption That you could empower Garry Kasparov 89 with all ideas that have been accumulated over 30 years. That would not be Garry Kasparov, that would be someone else because again, I belonged to 1989 I was way ahead of the field, uh , and I, you know, a big carp of several times in the World Championship matches and I crossed 2800, which by the way, if you look at the change in rating, which is just, it's uh, even today . So this is this is the rating that I retire so that it's still, you know , it's just it's a it's a top 2 to 3. So this is this is Caroline and ding. It's about the same rating now and I crossed 2800 and 1990.",
          "chapter_name": "The Pinnacle of Intellectual Mastery: Garry Kasparov on IBM Deep Blue"
        },
        {
          "speaker": "Garry Kasparov",
          "speech": "Well just look at the inflation when I crossed 2800 in 1990 there was only one play in 2700 category anatoly Karpov. Now we have more than 50. So just do you see this? So if you add inflation, so I think my 28 51 it could probably could be more valuable as macros 28 82 which was the highest rating. But anyway, yeah. So many hypotheticals You're lost to IBM Deep Blue 1997 in my eyes is one of the most seminal moments in the history.",
          "chapter_name": "The Pinnacle of Intellectual Mastery: Garry Kasparov on IBM Deep Blue"
        },
        {
          "speaker": "Garry Kasparov",
          "speech": "Again, I apologize for being romanticizing the notion but in the history of our civilization because humans as the civilizations for centuries, saw chest as you know, the peak of what man can accomplish of intellectual mastery , right? And that moment when a machine could be the human being was inspiring to just an entire anyone who cares about science innovation, an entire generation of ai researchers and yet to you that loss at least if reading your face was seemed like a tragedy, extremely painful. I just said physically painful. Why when you look back at your psychology that loss, why was it so painful when you're not able to see the seminal nature of that moment? Or was that exactly why was that painful? As I already said, losing was Painful physically? And the match I lost in 1997 was not the first match I lost to a machine. It was the first match I lost period. That's yeah.",
          "chapter_name": "The Pinnacle of Intellectual Mastery: Garry Kasparov on IBM Deep Blue"
        },
        {
          "speaker": "Garry Kasparov",
          "speech": "Oh, wow. Oh, wow. Yeah, Yeah. That makes all the difference to me the first time I lost, it's just now I lost.",
          "chapter_name": "The Pinnacle of Intellectual Mastery: Garry Kasparov on IBM Deep Blue"
        },
        {
          "speaker": "Garry Kasparov",
          "speech": "And uh the reason I was so angry that I just, you know, I had uh, suspicions that my loss was not just a result of my back play. So though I played quite poorly, you know, just when you started looking at the games today, I made tons of mistakes. But you know, I I had all reasons to believe that, you know, there were other other factors that had nothing to do with the game of chess and that's what I was angry. But look, It was 22 years ago, it's more than the bridge, we can analyze this. Imagine this is with everything you said. I I agree it was probably one exception is that uh considering chest, you know, as the sort of, uh, as a pinnacle of intellectual activities without a mistake because, you know, we just thought,",
          "chapter_name": "The Pinnacle of Intellectual Mastery: Garry Kasparov on IBM Deep Blue"
        },
        {
          "speaker": "Garry Kasparov",
          "speech": "oh, it's a, it's a game of the highest intellect and just, you know, you have to be so, you know, intelligent and you can see things that, you know, the uh the order did the ordinary mortals could not see it's a game. And uh all machines had to do in this game is just to make few mistakes, not to solve the game Because the game cannot be solved according to call Shannon, the number of legal moves is 10 to the 46 power. Too many zeros just for any computer to finish the job, you know, uh in next few billion years. Uh but it doesn't have to, it's all about making fewer mistakes. And I think that's the this match actually. And what happened afterwards with other games, with with goal, with Shaggy With video games. It's a demonstration that it's the machines will always beat humans in what I call closed systems.",
          "chapter_name": "The Pinnacle of Intellectual Mastery: Garry Kasparov on IBM Deep Blue"
        },
        {
          "speaker": "Garry Kasparov",
          "speech": "The moment you build a closed system, no matter how this system is called chairs go, Shaggy Daughter. Yeah, machines will prevail simply because they will bring down number of mistakes. Um machines don't have to solve it. They just have to, the way they outplay us. It's not by just being more intelligent.",
          "chapter_name": "The Pinnacle of Intellectual Mastery: Garry Kasparov on IBM Deep Blue"
        }
      ]
    },
    {
      "name": "Chess, Machines, and the Epitome of Human Intellect",
      "content": [
        {
          "speaker": "Garry Kasparov",
          "speech": "It's just by by doing something else , but eventually, it's just it's capitalizing on our mistakes. When you look at the chest machines, ratings today, in compare, compare this to magnus.",
          "chapter_name": "Chess, Machines, and the Epitome of Human Intellect"
        },
        {
          "speaker": "Lex Fridman",
          "speech": "Carlsen is the same as comparing Ferrari to send bold. It's the the gap is mean by Czech standards is insane. 30 for 30 520 820, 20 2015 Magnus, it's like difference between Macros and and an ordinary player from an open international tournament. Uh it's not because machine understands better than man of course, but simply because it's steady machine has steady hand. And I think that is what we we we we we have to learn From 1997 experience and from further encounters with computers and sort of the current state of affairs with Alpha zero. You're beating other machines. The idea that we can compete with computers in so called intellectual fields. It's it was wrong from the very beginning. It's just by the way, the 1997 match was not the first victory of machines over grandmasters. Grandmasters. Now actually it's, I played against first decent chess computers from late from late 80s.",
          "chapter_name": "Chess, Machines, and the Epitome of Human Intellect"
        },
        {
          "speaker": "Garry Kasparov",
          "speech": "So I played with the prototype of deep blue called deep thought in 1989 to rapid chess games in New York. I want handle it both games, we played against new chess engines like fritz And other programs. And then it's the Israeli problem junior that appeared in 1995. Yeah, so there were there were several programs, I, you know, I lost a few games and blitz, I lost one match against the computer chess engine, 1994 rapid chess. So I lost one game to the blue in 1996 match, the manner the matchup I won. Some people, you know tend to forget about it that I won the first match , but it's it's we we made a very important psychological mistake thinking that the reason we lost blitz matches 55 minutes games.",
          "chapter_name": "Chess, Machines, and the Epitome of Human Intellect"
        },
        {
          "speaker": "Garry Kasparov",
          "speech": "The reason we lost some of the rapid chess matches 25 minutes just because we didn't have enough time. If you play a longer match, we will not make the same mistakes nonsense. So yeah, we had more time, but we still make mistakes and machine also has more time. And machines. Machine will always, you know, we always be steady and consistent compared to humans instabilities and inconsistencies.",
          "chapter_name": "Chess, Machines, and the Epitome of Human Intellect"
        },
        {
          "speaker": "Garry Kasparov",
          "speech": "And today we are at the point where yes, nobody talks about, you know, uh humans playing as machines, machines can offer handicap 2 to 2 top players are still, you know, uh will will will be favoring I think we're just learning that is, it's no longer human versus machines. It's about human working with machines. That's what I recognized in 1998 Just after licking my wounds and spending one year and just, you know, ruminating Saudi. So what's happened in this match and I knew that there were still good playing against the machines. I had two more matches in, in 2003 playing both different and deep junior. Both matches ended as a tie. Uh though these machines were not weaker at least probably stronger than the blue.",
          "chapter_name": "Chess, Machines, and the Epitome of Human Intellect"
        },
        {
          "speaker": "Garry Kasparov",
          "speech": "Um, and by the way today, uh chest up on your mobile phone is probably stronger than the blue. I'm not speaking about chess engines that are so much superior. And by the way, when you analyze games we played against the blue, 1997 on your chest engine , they'll be laughing. So this is and it also shows that how chest changed because uh, chest commentators, they look at some of our games like Game four, game five to an idea. Now you ask, uh, stock fish, you asked Houdini, uh, you ask commodore all the leading chess engines within 30 seconds . They will show you how many mistakes, both Gary and the blue mate in the game that was uh trumpet it As the as a greater uh chess match in 1997. Well, okay, so you've made and interesting if you can untangle that comment.",
          "chapter_name": "Chess, Machines, and the Epitome of Human Intellect"
        },
        {
          "speaker": "Garry Kasparov",
          "speech": "So now in retrospect it was a mistake to see chess as the peak of human intellect. Nevertheless, that was done for centuries. So by the way in europe, because you know, you move to the far east, they will go, they had short games. Again, some of the games like, you know, uh board games. Yes, Yeah, I agree. So if I push back a little bit, so now you say that, okay, But it was a mistake to see chess as the epitome.",
          "chapter_name": "Chess, Machines, and the Epitome of Human Intellect"
        }
      ]
    },
    {
      "name": "Human-Machine Collaboration: The Key to Effective Cooperation",
      "content": [
        {
          "speaker": "Garry Kasparov",
          "speech": "And now and then now there's other things maybe like language that conversation, like some of the things that , in your view is still way out of reach of computers? But inside humans , do you think, can you talk about what those things might be? And do you think just like chest that might fall um soon with the same set of approaches. If you look at alpha zero, the same kind of learning approaches as the machines grow in size. Now now it's not about growing in size, it's about again , it's about understanding the difference between a closed system and open ended system. So you think that key difference.",
          "chapter_name": "Human-Machine Collaboration: The Key to Effective Cooperation"
        },
        {
          "speaker": "Garry Kasparov",
          "speech": "So the board games are closed in terms of the rules that the actions of the state space, everything is just constrained. You think once you open it, the machines are lost , not lost. But again the effectiveness is very different because machine does not understand the moment it's reaching territory of diminishing returns. It's the simply put it in a different way. Machine doesn't know how to ask right questions. It can ask questions but it will never tell you which questions are relevant. So there's the, it's like about it.",
          "chapter_name": "Human-Machine Collaboration: The Key to Effective Cooperation"
        },
        {
          "speaker": "Garry Kasparov",
          "speech": "It's the, it's a direction. So these, it's I think it's in human machine relations we have to consider so our role and people, many people feel uncomfortable that this, the territory that that belongs to us is shrink I'm saying. So what you know, this is eventually will belong to the last few decimal points but it's like having so very powerful gun that's and, and, and, and all you can do there is slightly you know ultra direction of the bullet maybe, you know, 0.1, the uh degree of this angle, but that means a mile away, 10 m of the target. So that's, we have to recognize that is a certain unique human qualities that machines in a foreseeable future will not be able to reproduce.",
          "chapter_name": "Human-Machine Collaboration: The Key to Effective Cooperation"
        },
        {
          "speaker": "Lex Fridman",
          "speech": "And uh, and the effectiveness of this cooperation collaboration depends on our understanding what exactly we can bring into the game. So, uh, the greatest danger is when we try to interfere with machine superior knowledge. So that's why I always say that sometimes you'd rather have by reading this history , pictures in radiology. Uh, you may probably prefer an experienced nurse than rather than having top professor because she will not Try to interfere with machines understanding so that it's very important to know that if machines knows how to do better things in 95%, territory, we should not touch it because it happened. It's like in chess, recognize they do it better see where we can make the difference. You mentioned alpha zero.",
          "chapter_name": "Human-Machine Collaboration: The Key to Effective Cooperation"
        }
      ]
    },
    {
      "name": "Human-Machine Collaboration: The Future of AI",
      "content": [
        {
          "speaker": "Garry Kasparov",
          "speech": "I mean zero is it's a, it's actually the first step into what you may call ai because everything that's been called ai today, it's just it's uh, it's it's one or another variation of what Claude Shannon characterized as a brute force is a type a machine, whether it's deep blue, whether it's what's in it and all these things, this is the modern technologies that are being competitors as a i",
          "chapter_name": "Human-Machine Collaboration: The Future of AI"
        },
        {
          "speaker": "Garry Kasparov",
          "speech": "it's still brute force. It's the, all they do is they do optimization. It's this, they are, you know, they they keep, you know, improving the way to process human generated data. Now alva zero is, is the first step towards, you know, machine produced knowledge, which is, by the way, it's quite ironic that the first company that champion, that was IBM Oh, it's in backgammon, interesting in that. Yes, you just you should, you should, you should look at IBM is, it's, it's a neuro gammon, it's the, it's the response to sorrow. He's still working at IBM they had in the early 90s , It's just, it's the, it's a program that played in the \u03b1 zero types. So just trying to come up with strategies.",
          "chapter_name": "Human-Machine Collaboration: The Future of AI"
        },
        {
          "speaker": "Lex Fridman",
          "speech": "But because of success of the blue, this project had not abandoned, but just, you know, it's, it's, it wasn't, it was put on cold and now we just, you know, it's, it's, it's, you know, it's, everybody talks about about this, the machines generated knowledge so as revolutionary and it is, but there's still, you know, many open ended questions. Yes, Alpha Zero generates its own data . Many ideas that \u03b1 zero generating chest were quite intriguing. So I I looked at these games was Not just with interest, but with, you know, it's, it's quite exciting to learn how machine could actually, you know juggle all the pieces and just uh play positions with a broken material, balance, sacrificing material always being ahead of other programs, you know, one or two moves ahead by by foreseeing the consequences, not over calculating because machines, other machines were at least as powerful in calculating, but it's having this unique knowledge based on discovered patterns after playing 60 million games. Almost something that feels like intuition exactly. But there's one problem now uh the simple question if if our zero faces superior porter, let's say another powerful computer accompanied by a human who could help just to discover certain problems.",
          "chapter_name": "Human-Machine Collaboration: The Future of AI"
        },
        {
          "speaker": "Lex Fridman",
          "speech": "Because I already I looked at many alpha zero games, I visited the lab spoke to them. It's possible that this team and I know there's certain witnesses there now if this witness are exposed. The question is how many games will take alpha zero to correct it . The answer is hundreds of thousands. Even if it keeps losing its just because the whole system is based. So it's now imagine so this is you can have a human by just make a few tweaks, so humans are still more flexible and and as long as we recognize what is, what is our role where we can play sort of uh so the most valuable part in this collaboration. So it's it will help us to understand what are the next steps in human machine collaboration beautifully put. So let's talk about the thing that machines certainly don't know how to do yet, which is morality, machines and morality. It's another question that, you know, just it's it's being asked all the time these days and I think it's another phantom that is haunting a general public because it's just being fed with this, you know , illusions. Is that how can we avoid machines?",
          "chapter_name": "Human-Machine Collaboration: The Future of AI"
        }
      ]
    },
    {
      "name": "Machines vs Humans: Double Standards",
      "content": [
        {
          "speaker": "Garry Kasparov",
          "speech": "You know, having bias, being premises? You cannot because it's like looking in the mirror and complaining about what you see. If you have certain bias in the society, machine will will just follow it. It's just it's it's you know, you look at the mirror, you don't like what you see there, You can, you know, you can break it, you can try to distort it or you can try to actually change something just by yourself, by yourself. So it's very important to understand is that you cannot expect machines to improve the heels of our society . And moreover, machines will simply, you know, just, you know, amplify. Yeah, but the thing is people are uh more comfortable with other people doing injustice with being biased. We're not comfortable with machines having the same kind of bias. So uh that's a that's an interesting standard that we play. Some machines with autonomous vehicles.",
          "chapter_name": "Machines vs Humans: Double Standards"
        },
        {
          "speaker": "Lex Fridman",
          "speech": "They have to be much safer with automated systems of course are much safer. Statistically they are much safer than that. Of course. Why would it? It's not of course it's not given autonomous vehicles, you have to work really hard to make them safer. I I think it just goes without saying is the outcome of the, of this? I would call the competition with comparison is very clear. But the problem is not about being, you know, safer. It's the uh, 40,000 people also every year died in car accident, the United States.",
          "chapter_name": "Machines vs Humans: Double Standards"
        },
        {
          "speaker": "Garry Kasparov",
          "speech": "And it's, it's statistics one accident with autonomous vehicle. And it's from page of the newspaper. So it's again, it's about psychology. So it's while people, you know, kill each other in car accidents because they make mistakes, they make more mistakes. For me, it's it's not a question. Of course, we make more mistakes because we're human. Yes , machines old. And by the way, no machine will ever reach 100% perfection. That's another, that's another important take story that, that, that that is being fed to the public.",
          "chapter_name": "Machines vs Humans: Double Standards"
        },
        {
          "speaker": "Lex Fridman",
          "speech": "If machine doesn't reach hundreds and performance is not safe. No. All you can ask any computer whether it's, you know, playing chess or, or doing the stock market calculations or driving your autonomous vehicle is to make few mistakes . Yes, I know it's not, you know, it's not easy for us to accept because if, you know, if you have to humans, you know , colliding in their cars, okay. It's like if one of one of these cars is that almost vehicle. And by the way, even if it's human's fault, terrible. How could you allow a machine to uh, to , to, to run without a driver at the wheel.",
          "chapter_name": "Machines vs Humans: Double Standards"
        },
        {
          "speaker": "Garry Kasparov",
          "speech": "So, you know, let's linger that for a second. That double standard the way you felt with your first loss against deep blue. Were you treating the machine differently than you would have a human or So what do you think about that difference between the way we see machines and humans? No, it's the at that time, you know, for me it was a match and that's why I was angry because I believe that the match was not, you know, fairly organized. So the states uh definitely they were unfair advantages for for IBM and I want to play another match like a rubber mat. So you're angered or displeasure was aimed more like at the humans behind IBM versus the actual your algorithm . Look, I knew at the time.",
          "chapter_name": "Machines vs Humans: Double Standards"
        },
        {
          "speaker": "Garry Kasparov",
          "speech": "And by the way, I was Objectively speaking, I was stronger at that time. So that's that probably added to my anger because I knew I could beat machine. So that's and that's the and I lost and I knew I was not well prepared. So because they have to give them credit, they did some good work from 1996 and I",
          "chapter_name": "Machines vs Humans: Double Standards"
        },
        {
          "speaker": "Garry Kasparov",
          "speech": "but I still could be the the machine. So I made too many mistakes Also. This is the holy the publicity around the match. So I I underestimated the effect. You know, just it's and being called, you know the the brain's last stand . Yeah.",
          "chapter_name": "Machines vs Humans: Double Standards"
        },
        {
          "speaker": "Lex Fridman",
          "speech": "Okay. Not no pressure. Okay, well let me ask. So I was born also in the Soviet Union. What lessons do you draw from the rise and fall of the Soviet Union in the 20th century. When you just look at this nation that is now pushing forward into what Russia is. If you look at the long arc of history of the 20th century, what do we take away? What do we take away from that ? I think the lesson of history is clear, undemocratic systems.",
          "chapter_name": "Machines vs Humans: Double Standards"
        },
        {
          "speaker": "Lex Fridman",
          "speech": "Totalitarian regimes, systems that are based on controlling their citizens and just uh every aspect of their lives, not offering opportunities to for private initiative , central planning systems, they doomed. They're just, you know, they they cannot be driving force for innovation. So they in the history timeline, I mean, they could cause certain, you know, distortion of uh the concept of progress uh by the way, they may call themselves progressive, but we know that is there is the damage that they cost two to humanity is just it's it's it's yet to be measured. But at the end of the day, they failed, They fail. And it's at the end of the Cold War was a great triumph of the Free World. It's not that the free world is perfect. It's very important to recognize the fact that I always like to mention, you know, one of my favorite books, a lot of the rings, that there's no there's no absolute good, but there is an absolute evil.",
          "chapter_name": "Machines vs Humans: Double Standards"
        },
        {
          "speaker": "Garry Kasparov",
          "speech": "Good, you know, comes in many forms, but we all, you know, it's being humans or being even, you know, humans from fairy tales or just some sort of mythical creatures. It's the, you can always find, uh, spots on the sound . So this is conducting war and just, and, and, and fighting for justice. There are always things that, you know, can be easily criticized. And human history is the, is a never ending quest for perfection. But we know that there's absolutely evil.",
          "chapter_name": "Machines vs Humans: Double Standards"
        }
      ]
    },
    {
      "name": "Stalin, Hitler, and Putin: The Dangers of Opposing Russia's Regime",
      "content": [
        {
          "speaker": "Garry Kasparov",
          "speech": "We know it's for me, it's not clear that, I mean, nobody argues about Hitler being absolutely evil, but I think it's very important. Reagan Stalin was absolutely evil communism caused more damage than any other ideology uh, in the 20th century. And unfortunately, while we all know that fastest was condemned, but there was no notebook for common communism and that's why we could see, you know, still is the, uh, the successors of Stalin are feeling far more comfortable. So it was one of them. You highlight a few interesting connections actually between Stalin and Hitler. I mean, there there, in terms of the uh, adjusting or clarifying the history of World War Two, which is very interesting. Of course, we don't have time. So let me ask, you can ask it, I just, I just recently delivered a speech in Toronto uh, at a decent roster of molotov Ribbentrop pact.",
          "chapter_name": "Stalin, Hitler, and Putin: The Dangers of Opposing Russia's Regime"
        },
        {
          "speaker": "Lex Fridman",
          "speech": "It's something that I believe, you know, just, you know , has must must be taught in the schools that the World War II had been started by two dictators by signing these these criminal criminal treaty collusion of two tyrants in August 1939. That led to the beginning of the World World War II. And the fact is that eventually Stalin had no choice but to join allies because Hillary attacked him. So it just doesn't, you know, uh, eliminate the fact that Stalin helped Hitler to start World War Two. And he was one of the beneficiaries at early at early stage by annexing part of eastern europe. And as a result of the World War Two here next almost entire eastern europe and for many eastern european nations. The end of the World War Two was the beginning of of communist occupation. So Putin you've talked about as a man who stands between Russia and democracy essentially.",
          "chapter_name": "Stalin, Hitler, and Putin: The Dangers of Opposing Russia's Regime"
        },
        {
          "speaker": "Garry Kasparov",
          "speech": "Today you've been a strong opponent and critic of Putin. Let me ask again, How much does fear enter your mind and heart? So in 2007 there's an interesting comment from Ola Kaloogian KGB general. He said that I do not talk details people who knew them are all dead now because they were vocal. I'm quiet. There's only one man whose vocal and he may be in trouble.",
          "chapter_name": "Stalin, Hitler, and Putin: The Dangers of Opposing Russia's Regime"
        },
        {
          "speaker": "Garry Kasparov",
          "speech": "World chess champion Kasparov. He has been very outspoken in his attacks on Putin and I believe he's probably next on the list? So clearly your life has been and perhaps continues to be in danger. How do you think about have being the views you have? The idea is you have being in opposition as you are 22 in in this kind of context, when your life could be in danger. Oh, that's the reason I live in new york. So it's there was not my first choice, but I knew I had to leave Russia at one point and among other places, new york is the safest. Is it safe? No, I mean, it's just, it's the, I know what happens, what happened, what is happening with many of Putin's enemies. But at the end of the day , I mean, what can I do it? I uh, I could be very proactive by trying to change",
          "chapter_name": "Stalin, Hitler, and Putin: The Dangers of Opposing Russia's Regime"
        }
      ]
    }
  ]
}