{
  "speakers": [
    "Lex Fridman",
    "Juergen Schmidhuber"
  ],
  "episode_name": "juergen-schmidhuber-godel-machines-meta-learning-and-lstms",
  "chapters": [
    {
      "name": "AI Dreams: Juergen's Quest to Build a Self-Improving AI",
      "content": [
        {
          "speaker": "Lex Fridman",
          "speech": "the following is a conversation with juergen Schmidt huber , he's the co director of the CIA Swiss a lab and a co creator of long short term memory networks. LS TMS are used in billions of devices today for speech recognition, translation and much more Over 30 years. He has proposed a lot of interesting out of the box ideas, meta learning, adversarial networks, computer vision and even a formal theory of quote creativity, curiosity and fun. This conversation is part of the M I. T. Course and artificial general intelligence and the artificial intelligence podcast. If you enjoy it, subscribe my youtube itunes are simply connect with me on twitter at lex Friedman spelled F R I D. And now here's my conversation with juergen Schmidt huber early on, you dreamed of AI systems that self improve occur silly. When was that dream born when I was a baby? No, that's not true when I was a teenager. And what was the catalyst for that birth? What was the thing that first inspired you when I was a boy? I'm Mhm.",
          "chapter_name": "AI Dreams: Juergen's Quest to Build a Self-Improving AI"
        },
        {
          "speaker": "Juergen Schmidhuber",
          "speech": "I was thinking about what to do in my life and then I thought the most exciting thing as to solve the riddles of the universe and and that means you have to become a physicist. However, then I realized that there's something even grander. You can try to build the machine that isn't really a machine any longer that learns to become a much better physicist than I could ever hope to be. And that's how I thought maybe I can multiply my tiny little bit of creativity into infinity . But ultimately that creativity will be multiplied to understand the universe around us. That's that's the yeah, the curiosity for that mystery that that drove you. Yes.",
          "chapter_name": "AI Dreams: Juergen's Quest to Build a Self-Improving AI"
        },
        {
          "speaker": "Juergen Schmidhuber",
          "speech": "So if you can build a machine that lands too solve more and more complex problems and more and more general problems over then you basically have solved all the problems, at least all the solvable problems.",
          "chapter_name": "AI Dreams: Juergen's Quest to Build a Self-Improving AI"
        }
      ]
    },
    {
      "name": "The Pinnacle of Learning: Meta Learning and Universal Problem Solvers",
      "content": [
        {
          "speaker": "Lex Fridman",
          "speech": "So how do you think, what is the mechanism for that kind of general solver look like? Obviously we don't quite yet have one or know how to build one boy of ideas and you have had throughout your career several ideas about it. So how do you think about that mechanism? So in the 80's I thought about how to build this machine that learns to solve all these problems that I cannot solve myself and I thought it is clear it has to be a machine that not only learns to solve this problem here and this problem here, but it also has to learn to improve the learning algorithm itself. So it has to have the learning algorithm in representation that allows it to inspect it and modify it . So sad, it can come up with a better learning algorithm. So I called that meta learning learning to learn and because the self improvement, that is really the pinnacle of that, why you then not only alarm , um how to improve on that problem and on that, but you also improve the way the machine improves and you also improve the way it improves the way it improves itself. and that was my 1987 diploma thesis which was all about that hierarchy of metal earners that I have no computational limits except for the well known limits that goodwill identified in 1931.",
          "chapter_name": "The Pinnacle of Learning: Meta Learning and Universal Problem Solvers"
        },
        {
          "speaker": "Lex Fridman",
          "speech": "And uh for the limits of physics in the recent years, meta learning has gained popularity in a specific kind of form. You've talked about how that's not really meta learning with neural networks, that's more basic transfer learning. Can you talk about the difference between the big general metal learning and a more narrow sense of metal learning the way it's used today . The way he talked about today, let's take the example of a deep neural network that has learned to classify images And maybe you have trained that network on 100 different databases of images.",
          "chapter_name": "The Pinnacle of Learning: Meta Learning and Universal Problem Solvers"
        },
        {
          "speaker": "Juergen Schmidhuber",
          "speech": "And now a new database comes along and you want to quickly learn the new thing as well. So one simple way of doing that as you take the Network which already knows 100 types of databases and then you would just take the top layer of that and you retrain that uh using the new label data that you have in the new image database . And then it turns out that it really, really quickly can learn that to one shot basically because from the 1st 100 datasets, it already has learned so much about computer vision that it can reuse that and that is then almost good enough to solve the new task except you need a little bit of um adjustment on the top so that is transfer learning and it has been done in principle for many decades. People have done similar things for decades, meta learning through many learning is about having the learning algorithm itself open to introspection by the system that is using it and also open to modification such that the learning system has an opportunity to modify any part of the learning algorithm and then evaluate the consequences of that modification and then learn from that to create a better learning algorithm and so on. Regressive lee So that's a very different animal where you are opening the space of possible learning algorithms to the learning system itself.",
          "chapter_name": "The Pinnacle of Learning: Meta Learning and Universal Problem Solvers"
        },
        {
          "speaker": "Lex Fridman",
          "speech": "Right. So you've, like in the 2004 paper you describe gato machines programs that we write themselves right philosophically. And even in your paper mathematically these are really compelling ideas. But practically do you see these self referential programs being successful in the near term to having an impact where sort of demonstrates to the world that this direction is uh is a good one to pursue in the near term. Yes, we had these two different types of fundamental research how to build a universal problem solver one basically exploiting proof such and things like that, that you need to come up with asymptotic lee optimal theoretically optimal self improvers and problem solve us. However one has to admit that. So it was this procedure comes in an additive constant and overhead, an additive overhead that vanishes in comparison to what you have to do to solve large problems.",
          "chapter_name": "The Pinnacle of Learning: Meta Learning and Universal Problem Solvers"
        },
        {
          "speaker": "Juergen Schmidhuber",
          "speech": "However, for many of the small problems that we want to solve in our everyday life, we cannot ignore this constant overhead and that's why we also have been doing other things. Non universal things such as recurrent neural networks which are trained by gradient descent and local search techniques which aren't universal at all, which aren't provably optimal at all like the other stuff that we did but which are much more practical as long as we only want to solve the small problems that we are typically trying to solve in this environment here. So the universal problem solvers and like the google machine but also Marcus who tas fastest way of solving all possible problems which he developed around 2000 to 2 in my lab. Uh They are associated with these constant overheads for proof such, which guarantees that the thing that you're doing is optimal. For example, there is this fastest way of solving problems with a computable solution which is due to macros macros OTA and uh um to explain what's going on there. Let's take traveling salesman problems with traveling salesman problems. You have a number of cities in cities and you try to find the shortest path through all these cities without visiting any city twice and nobody knows the fastest way of solving traveling salesman problems? T. S. P .",
          "chapter_name": "The Pinnacle of Learning: Meta Learning and Universal Problem Solvers"
        },
        {
          "speaker": "Juergen Schmidhuber",
          "speech": "S. But let's assume there is a method of solving them within end to the five operations where n as the number of cities, then the universal method of Marcus is going to solve The same traveling salesman problem.",
          "chapter_name": "The Pinnacle of Learning: Meta Learning and Universal Problem Solvers"
        }
      ]
    },
    {
      "name": "P vs NP: Theoretical Limits and Practical Solution",
      "content": [
        {
          "speaker": "Juergen Schmidhuber",
          "speech": "Also with an end to the five steps plus oh of one plus a constant number of steps that you need for the proof searcher, which you need to show that this particular class of problems that traveling salesman salesman problems can be solved within a certain time bound Within order into the five steps basically. And this uh additive constant doesn't care for in which means as end is getting larger and larger as you have more and more cities. The constant overhead pales in comparison and that means that almost all large problems are solved in the best possible way already today, we already have a universal province over like that. However , it's not practical because the overhead, the constant overhead is so large that for the small kinds of problems that we want to solve in this little biosphere by the way when you say small, you're talking about things that fall within the constraints of our computational systems. So they can seem quite large to us, mere humans. That's right.",
          "chapter_name": "P vs NP: Theoretical Limits and Practical Solution"
        },
        {
          "speaker": "Lex Fridman",
          "speech": "Yeah . So they seem large and even unsolvable in a practical sense today, but they are still small compared to almost all problems because almost all problems are large problems which are much larger than any constant? Do you find it useful as a person who has dreamed of creating a general learning system? Has worked on creating one, has done a lot of interesting ideas there to think about P versus NP, this uh formalization of how hard problems are, how they scale this kind of worst case analysis type of thinking. Do you find that useful or is it only just a mathematical? It's a set of mathematical techniques to give you intuition about what's good and bad. So P versus Np. That's super interesting from a theoretical point of view and in fact, as you are thinking about that problem, you can also get inspiration for better practical problems.",
          "chapter_name": "P vs NP: Theoretical Limits and Practical Solution"
        },
        {
          "speaker": "Juergen Schmidhuber",
          "speech": "All of us on the other hand, we have to admit that at the moment is the best practical problem solvers for all kinds of problems that we are now solving through what is called a. I at the moment, they are not of the kind that is inspired by these questions. You know, there we are using uh general purpose computers such as recurrent neural networks, but we have such technique which is just local search grading descent to try to find a program that is running on these recurrent networks such that it can solve some interesting problems such as speech recognition or machine translation and something like that. And there is very little theory behind the best solutions that we have at the moment that can do that. Do you think that needs to change? You think that will change? Or can we go can we create a general intelligence systems without ever really proving that that system is intelligent in some kind of mathematical way solving machine translation perfectly or something like that within some kind of syntactic definition of language or can we just be super impressed by the thing working extremely well and that's sufficient .",
          "chapter_name": "P vs NP: Theoretical Limits and Practical Solution"
        }
      ]
    },
    {
      "name": "The Simplest Code for General Intelligence",
      "content": [
        {
          "speaker": "Juergen Schmidhuber",
          "speech": "There's an old saying and I don't know who brought it up first, which says there's nothing more practical than a good theory and yeah, and a good theory of problem solving under limited resources like here in this universe or on this little planet has to take into account these limited resources .",
          "chapter_name": "The Simplest Code for General Intelligence"
        },
        {
          "speaker": "Lex Fridman",
          "speech": "And so probably that is locking a theory which is related to what we already have these is entirely optimal problems always. Which which tells us what we need in addition to that to come up with a practically optimal problems all around. So I believe we will have something like that and maybe just a few little tiny twists unnecessary too to change what we already have to come up with that as well. As long as we don't have that, we admit that we are taking sub optimal ways and we can all natural eyes and long short term memory for equipped with local search techniques and we are happy that it works better than any competing method, but that doesn't mean that we we think we are done. You've said that an A G I system will ultimately be a simple one.",
          "chapter_name": "The Simplest Code for General Intelligence"
        },
        {
          "speaker": "Juergen Schmidhuber",
          "speech": "A general intelligence system will ultimately be a simple one. Maybe a pseudo code of a few lines will be able to describe it. Can you talk through your intuition behind this idea why you feel that at its core intelligence is a simple algorithm. Experience tells us that the stuff that works best. It's really simple. So the symptomatically optimal ways of solving problems, if you look at them and just a few lines of code, it's really true. Although they are these amazing property is just a few lines of code then the most promising and most useful and practical things.",
          "chapter_name": "The Simplest Code for General Intelligence"
        },
        {
          "speaker": "Juergen Schmidhuber",
          "speech": "Maybe don't have this proof of optimal itty associated with them. However, they are also just a few lines of code. The most successful record, neural networks, You can write them down and five Lions up pseudo code. That's a beautiful, almost poetic idea. But what you're describing there is the lines of pseudo code are sitting on top of layers and layers of abstractions in a sense. So you're saying at the very top, it'll be a beautifully written sort of uh algorithm. But do you think that there's many layers of abstraction? We have to first learn to construct.",
          "chapter_name": "The Simplest Code for General Intelligence"
        },
        {
          "speaker": "Lex Fridman",
          "speech": "Of course we are building on all these great abstractions that people have invented over the millennia, such as matrix multiplication and real numbers and basic charismatics and calculus and derivations of arrow functions and derivatives of arrow functions and stuff like that. So without that language that greatly simplifies our way our thinking about these problems, we couldn't do anything. So in that sense as always we are standing on the shoulders of the giants who in the past um simplified the problem of problem solving so much that now we have a chance to do the final step To. The final step will be a simple one. If we if we take a step back through all of human civilization and just the universe in general. Uh how do you think about evolution? And what if creating a universe is required to achieve this final step?",
          "chapter_name": "The Simplest Code for General Intelligence"
        },
        {
          "speaker": "Juergen Schmidhuber",
          "speech": "What if going through the very painful and inefficient process? Evolution is needed to come up with this set of abstractions. That ultimately to intelligence, Do you think there's a shortcut or do you think we have to create something like our universe in order to create something like human level intelligence so far the only example we have is this one, this universe in which we live you better . Maybe not, but we are part of this whole process. So apparently so it might be the case that the code that runs the universe is really , really simple. Everything points to that possibility because gravity and other basic forces are really simple laws that can be easily described also in just a few lines of code basically . And uh and then there are these other events that the apparently random events in the history of the universe which as far as we know at the moment, don't have a compact code but who knows, maybe somebody in the near future is going to figure out the pseudo random generator which is um which is computing whether the measurement of that spin up or down thing here is going to be positive or negative underlying quantum mechanics. Yes.",
          "chapter_name": "The Simplest Code for General Intelligence"
        },
        {
          "speaker": "Juergen Schmidhuber",
          "speech": "Do you ultimately think quantum mechanics is a pseudo random number? So it's all deterministic? There's no randomness in our universe . Right. Does God play dice? So a couple of years ago on a famous physicist quantum physicist Anton Scilingo, he wrote an essay in nature and it started more or less like that.",
          "chapter_name": "The Simplest Code for General Intelligence"
        }
      ]
    },
    {
      "name": "The Universe's Randomness Debate: Evidence vs. Alternative Explanation",
      "content": [
        {
          "speaker": "Juergen Schmidhuber",
          "speech": "one of the fundamental insights RCC of the 20th century was that the universe is fundamentally random on the quantum level. And that whenever you measure spin up or down or something like that , a new bit of information enters the history of the universe. And while I was reading that, I was already typing the response and they had to publish it because I was right that there is no evidence, no physical evidence for that. So there is an alternative explanation where everything that we consider random is actually still the random. Such as the decimal expansion of pi 3.141 and so on, which looks random. But isn't supply is interesting because every three digit sequence, Every sequence of three digits appears roughly one in 1000 times . And every five Digit sequence appears roughly one in 10,000 times what you would expect if it was random. But there's a very short algorithm short program that computes all of that. So it's extremely compressible. And who knows, maybe tomorrow somebody some grad student at cern goes back over all these data points, better decay and whatever and figures out, oh, it's uh, the second billion digits of pi or something like that . We don't have any fundamental reason at the moment to believe that this is truly random and not just a deterministic video game.",
          "chapter_name": "The Universe's Randomness Debate: Evidence vs. Alternative Explanation"
        },
        {
          "speaker": "Juergen Schmidhuber",
          "speech": "If it was a deterministic video game, it would be much more beautiful because beauty, simplicity and many of the basic laws of the universe, like gravity and the other basic forces are very simple. So very short programs can explain what these are doing and, and it would be awful and ugly. The universe would be ugly. The history of the universe would be ugly if for the extra things, the random, the seemingly random data points that we get all the time that we really need a huge number of extra bits to describe all these , um, these extra bits of information. So as long as we don't have evidence that there is no short program that computes the entire history of the entire universe. We are, as scientists compelled to look further for that shortest program. Your intuition says there exists a shortest program that can backtrack to the to the creation of the universe. Yeah.",
          "chapter_name": "The Universe's Randomness Debate: Evidence vs. Alternative Explanation"
        },
        {
          "speaker": "Juergen Schmidhuber",
          "speech": "The shortest path to the creation. Yes. Including all the entanglement things and all the spin up and down measurements uh that have been taken place um since 13.8 billion years ago. And so yeah, so we don't have a proof that it is random.",
          "chapter_name": "The Universe's Randomness Debate: Evidence vs. Alternative Explanation"
        }
      ]
    },
    {
      "name": "The Beauty of Simplicity: Compression Progress in Science",
      "content": [
        {
          "speaker": "Juergen Schmidhuber",
          "speech": "We don't have a proof that it is compressible to a short program. But as long as we don't have that proof, we are obliged as scientists to keep looking for that simple explanation. Absolutely. So, you said , simplicity is beautiful or beauty is simple.",
          "chapter_name": "The Beauty of Simplicity: Compression Progress in Science"
        },
        {
          "speaker": "Lex Fridman",
          "speech": "Either one works, but you also work on curiosity discovery. You know, the romantic notion of randomness of serendipity of of uh being surprised by things that are about you kind of in our poetic notion of reality. We think as humans require randomness. So , you don't find random as beautiful. You you find simple determinism beautiful. Yeah. Okay, so why, why ? Because the explanation become shorter.",
          "chapter_name": "The Beauty of Simplicity: Compression Progress in Science"
        },
        {
          "speaker": "Juergen Schmidhuber",
          "speech": "A universe that is compressible to a short program is much more elegant and much more beautiful than another one, which needs an almost infinite number of bits to be described as far as we know. Many things that are happening in this universe are really simple in terms of short programs that compute gravity and the interaction between elementary particles and so on. So all of that seems to be very, very simple. Every electron seems to reuse the same sub program all the time as it is interacting with other elementary particles. If we now required an extra oracle injecting new bits of information all the time for these extra things which are currently not understood such as better decay. Then the whole description length after data that we can observe the history after generals would become much longer and therefore uglier and uglier. Again, it's the simplicity is elegant and beautiful.",
          "chapter_name": "The Beauty of Simplicity: Compression Progress in Science"
        },
        {
          "speaker": "Juergen Schmidhuber",
          "speech": "Uh the history of science is a history of compression progress. Yes. So you've described as we build up abstractions and you talked about the idea of compression. How do you see this? The history of science? The history of humanity, our civilization and life on earth as some kind of uh path towards greater and greater compression. What do you mean by that? How do you think about that? Indeed, The history of science is a history of compression progress. What does that mean? Hundreds of years ago, there was an astronomer whose name was Kaplan and he looked at the data points that he got by watching the planets move.",
          "chapter_name": "The Beauty of Simplicity: Compression Progress in Science"
        }
      ]
    },
    {
      "name": "Science, Compression, and Insight: Juergen Schmidhuber's Talk on Data Compression and Scientific Progress",
      "content": [
        {
          "speaker": "Juergen Schmidhuber",
          "speech": "And then he had all these data points and suddenly turned out that he can greatly compress the data by predicting it through an ellipse law. So it turns out that all these data points are more or less on ellipses around the sun. And another guy came along whose name was Newton, and before him hook and they said the same thing that as making these planets move like that is what makes the apples fall down. And it also holds for stones and for all kinds of other objects. And suddenly many, many of these compressions of these observations became much more compressible because as long as you can predict the next thing given what you have seen so far , you can compress it, but you don't have to store that data extra. This is called predictive coding.",
          "chapter_name": "Science, Compression, and Insight: Juergen Schmidhuber's Talk on Data Compression and Scientific Progress"
        },
        {
          "speaker": "Juergen Schmidhuber",
          "speech": "And then there was still something wrong with that theory of the universe. And you have deviations from these predictions of the theory. And 300 years later another guy came along whose name was Einstein and he um he was able to explain away all these deviations from the predictions are the old theory through a new theory, which was called the general theory of relativity, which at first glance looks a little bit more complicated and you have to warp space and time, but you can phrase it within one single sentence , which is no matter how fast you accelerate and how fast or hard you decelerate and no matter what is the gravity in your local framework, Lightspeed always looks the same. And from from that you can calculate all the consequences. So it's a very simple thing and it allows you to further compress all the observations because suddenly there are hardly any deviations any longer that you can measure from the predictions of this new theory. So all of science is a history of compression progress. You never arrive immediately at the shortest explanation of the data, but you're making progress whenever you are making progress, you have an insight you see, Oh first I needed so many bits of information to describe the data, to describe my falling apples. My video of falling apples. I need so many data, So many pixels have to be stored , but then suddenly I realized no, there is a very simple way of predicting the third frame in the video from the first tool and and maybe not every little detail can be predicted, but more or less most of these orange blocks blocks that are coming down, they accelerate in the same way, which means that I can greatly compress the video and the amount of compression progress that is the depth of the insight that you have at that moment. That's the fun that you have the scientific fun.",
          "chapter_name": "Science, Compression, and Insight: Juergen Schmidhuber's Talk on Data Compression and Scientific Progress"
        },
        {
          "speaker": "Juergen Schmidhuber",
          "speech": "The fun in that discovery. And we can build artificial systems that do the same thing that measure the depth of their insights as they are looking at the data which is coming in through their own experiments and we give them a reward, an intrinsic reward in proportion to this depth of insight and since they are trying to maximize the rewards they get, they are certainly motivated to come up with new action sequences with new experiments that have the property that the data that is coming in as a consequence of these experiments has the property that they can learn something about. See a pattern in there, which they hadn't seen yet before . There's an idea of power play. You described a training and general problem solving, this kind of way of looking for the unsolved problems. Yeah, can you describe that idea a little further? It's another very simple idea . So normally what you do in computer science, you have you have some guy who gives you a problem and then there is a huge search space of potential solution candidates and you somehow try them out and you have more less sophisticated ways of moving around in that search space until you finally found a solution which you consider satisfactory.",
          "chapter_name": "Science, Compression, and Insight: Juergen Schmidhuber's Talk on Data Compression and Scientific Progress"
        },
        {
          "speaker": "Juergen Schmidhuber",
          "speech": "That's what most of computer science is about. Power plane just goes one little step further and says that's not only search for solutions to a given problem, but let's search too pairs of problems and their solutions where the system itself has the opportunity to phrase its own problem . So, we are looking suddenly at pairs of problems and their solutions or modifications of the problems over that is supposed to generate a solution to that new problem and this additional degree of freedom allows us to build career systems that are like scientists in the sense that they not only try to solve, try to find answers to existing questions nor there as a free to pose their own questions. So if you want to build an artificial scientists, we have to give it that freedom and power play is exactly doing that. So that's that's the dimension of freedom that's important to have. But how do you, how hard do you think that how multi dimensional and difficult the space of them coming up with your questions is so it's as it's one of the things that as human beings we consider to be the thing that makes this special, the intelligence that makes it special is that brilliant insight that can create something totally new. Yes.",
          "chapter_name": "Science, Compression, and Insight: Juergen Schmidhuber's Talk on Data Compression and Scientific Progress"
        }
      ]
    },
    {
      "name": "Unraveling the Purpose of Life: Curiosity, Creativity, and Power Play",
      "content": [
        {
          "speaker": "Juergen Schmidhuber",
          "speech": "So now let's look at the extreme case, let's look at the set of all possible problems that you can formally describe which is infinite, which should be the next problem that a scientist or a power play is going to solve. Wow, it should be the easiest problem that goes beyond what you already know. So it should be the simplest problem that the current problems all of that you have, which can already solve 100 problems that he cannot all yet by just generalizing. So it has to be new. So it has to require a modification of the problem solver, such that the new problem solvers can solve this new thing, but the only problem solver cannot do it.",
          "chapter_name": "Unraveling the Purpose of Life: Curiosity, Creativity, and Power Play"
        },
        {
          "speaker": "Juergen Schmidhuber",
          "speech": "And in addition to that, we have to make sure that the problem solver doesn't forget any of the previous solutions. And so by definition, power play is now trying always to search and this pair of in in in the set of pairs of problems and problems over modifications for a combination that minimize the time to achieve these criteria. So it's always trying to find the problem which is easiest to add to the repertoire. So just like grad students and academics and researchers can spend their whole career in a local minima, stuck trying to come up with interesting questions but ultimately doing very little. Do you think it's easy in this approach of looking for the simplest unsolvable problem to get stuck in a local minima is not never really discovering new uh you know, really jumping outside of the 100 problems very solved in a genuine creative way.",
          "chapter_name": "Unraveling the Purpose of Life: Curiosity, Creativity, and Power Play"
        },
        {
          "speaker": "Juergen Schmidhuber",
          "speech": "No , because that's the nature of power Play, that it's always trying to break its current generalization abilities by coming up with a new problem which is beyond the current horizon. Just shifting the horizon of knowledge a little bit out there, breaking the existing rules such as the new thing becomes solvable, but wasn't solvable by the old thing. So like adding a new axiom , um like what google did when he came up with these new sentences, new theorems that didn't have a proven the formal system, which means you can add them to the repertoire, hoping that that they are not going to damage the consistency of the whole thing. So in the paper with the amazing title formal theory of creativity, fun and intrinsic motivation, you talk about discovery as intrinsic reward. So if you view humans as intelligent agents, what do you think is the purpose and meaning of life for us?",
          "chapter_name": "Unraveling the Purpose of Life: Curiosity, Creativity, and Power Play"
        },
        {
          "speaker": "Juergen Schmidhuber",
          "speech": "Humans is you've talked about this discovery? Do you see humans as an instance of power play agents? Yeah, so humans are curious and that means they behave like scientists, not only the official scientists, but even the babies behave like scientists and they play around with their toys to figure out how the world works and how it is responding to their actions and that's how they learn about gravity and everything. And yeah, in 1990 we have the first systems like that. We just try to play around with the environment and come up with situations that go beyond what they knew at that time and then get a reward for creating these situations and then becoming um more general problems all of us and being able to understand more of the world. So yeah, I think in principle that um yeah, that that curiosity, strategy or more sophisticated versions of whether justice crime, they are what we have built in as well.",
          "chapter_name": "Unraveling the Purpose of Life: Curiosity, Creativity, and Power Play"
        },
        {
          "speaker": "Juergen Schmidhuber",
          "speech": "Because evolution discovered that's a good way of exploring the unknown world and a guy who explores the unknown world has a higher chance of solving problems that he needs to survive in this world. On the other hand, those guys who were too curious , they were weeded out as well. So you have to find this tradeoff evolution found a certain trade off. Apparently in our society, there are a certain percentage of extremely exploitative guys. And it doesn't matter if they die because many of the others are more conservative. And and and so yeah,",
          "chapter_name": "Unraveling the Purpose of Life: Curiosity, Creativity, and Power Play"
        },
        {
          "speaker": "Lex Fridman",
          "speech": "it would be surprising to me if if that principle of artificial curiosity Mhm wouldn't be present in almost exactly the same form here in our brains.",
          "chapter_name": "Unraveling the Purpose of Life: Curiosity, Creativity, and Power Play"
        }
      ]
    },
    {
      "name": "AI Creativity: Narrow vs Pure Intelligence",
      "content": [
        {
          "speaker": "Juergen Schmidhuber",
          "speech": "So you're a bit of a musician and an artist. So continuing on this topic of creativity, what do you think? Is it all creativity? And intelligence? So you kind of implied that it's essential for intelligence. If you think of intelligence as uh problem solving system, his ability to solve problems. But do you think it's essential this idea of creativity? We never have a program, a sub program that is called creativity or something. It's just a side effect of what our problems always do . They are searching a space of problems or a space of candidates of solution candidates until they hopefully find a solution to a given problem.",
          "chapter_name": "AI Creativity: Narrow vs Pure Intelligence"
        },
        {
          "speaker": "Lex Fridman",
          "speech": "But then there are these two types of creativity and both of them are now present in our machines. The first one has been around for a long time which is human gives problem to machine. Machine tries to um find a solution to that. And this has been happening for many decades. And for many decades, machines have found creative solutions to interesting problems where humans were not aware of these um particularly creative solutions, but then appreciated that the machine found that the second is the pure creativity that I would call what I just mentioned , I would call the applied creativity like applied art, where somebody tells you now make a nice picture of this Pope and you will get money for that. Okay, so he is the artist and he makes a convincing picture of the Pope and the Pope likes it and gives him the money. And then there is the pure creative creativity which is more like the power play and the artificial curiosity thing where you have the freedom to select your own problem, like a scientist who defines his own question to study. And so that is the pure creativity if you will as opposed to the applied creativity which serves another in that distinction. There's almost echoes of narrow Ai versus general ai So this kind of constrained painting of a Pope seems like the approaches of what people are calling narrow at. And pure creativity seems to be maybe I'm just biased as a human , but it seems to be an essential element of human level intelligence.",
          "chapter_name": "AI Creativity: Narrow vs Pure Intelligence"
        },
        {
          "speaker": "Juergen Schmidhuber",
          "speech": "Is that what you're implying to a degree if you zoom back a little bit and you just look at a general problem solving machine which is trying to solve arbitrary problems, then this machine will figure out in the course of solving problems that it's good to be curious. So all of what I said just now about this pre wild curiosity and this will to invent new problems that the system doesn't know how to solve yet should be just a byproduct of the general search. However, apparently evolution has built it into us because it turned out to be so successful. A pre wiring a buyer's very successful exploratory buyers that that we are born with. And you've also said that consciousness in the same kind of way, maybe a byproduct of of problem solving. Do you think? Do you find this an interesting byproduct you think it's a useful by product? What are your thoughts on consciousness in general?",
          "chapter_name": "AI Creativity: Narrow vs Pure Intelligence"
        }
      ]
    },
    {
      "name": "The Emergence of Consciousness in AI: A Side Effect of Problem Solving?",
      "content": [
        {
          "speaker": "Juergen Schmidhuber",
          "speech": "Or is it simply byproduct of greater and greater capabilities of problem solving? That's uh that's similar to creativity in that sense.",
          "chapter_name": "The Emergence of Consciousness in AI: A Side Effect of Problem Solving?"
        },
        {
          "speaker": "Juergen Schmidhuber",
          "speech": "Yeah , we never have a procedure called consciousness in our machines. However, we get as side effects of what these machines are doing. Things that seem to be closely related to what people call consciousness. So for example , Or in 1990 we had simple systems which were basically recurrent networks and therefore universal computers trying to map incoming data into actions that lead to success. Yeah, maximizing reward and a given environment, always finding the charging station in time whenever the battery is low and negative signals are coming from the battery. Always find the charging station in time without bumping against painful obstacles on the way. So complicated things, but very easily motivated.",
          "chapter_name": "The Emergence of Consciousness in AI: A Side Effect of Problem Solving?"
        },
        {
          "speaker": "Lex Fridman",
          "speech": "And then we give these little guys a separate becoming all network which is just predicting what's happening if I do that and that what will happen as a consequence of these actions that I'm executing and it's just trained on the long and long history of interactions with the world . So it becomes a predictive model of the world basically, and therefore also a compressor of the observations of the world because whatever you can predict, you don't have to store extra . So compression is a side effect of prediction and how does this require? Network compress. But it's inventing little sub programs, little sub networks that stand for everything that frequently appears in the environment like bottles and microphones and faces maybe lots of faces in my um environment.",
          "chapter_name": "The Emergence of Consciousness in AI: A Side Effect of Problem Solving?"
        },
        {
          "speaker": "Juergen Schmidhuber",
          "speech": "So I'm learning to create something like a prototype face and a new face comes along and all. I have to encode other deviations from the prototype. So it's compressing all the time with the stuff that frequently appears. There's one thing that appears all the time that is present all the time when the agent is interacting with its environment, which is the agent itself. So just for data compression reasons, it is extremely natural for this. Record network to come up with.",
          "chapter_name": "The Emergence of Consciousness in AI: A Side Effect of Problem Solving?"
        }
      ]
    },
    {
      "name": "Deep Learning Models: Compressing Life, Consciousness, and Depth",
      "content": [
        {
          "speaker": "Juergen Schmidhuber",
          "speech": "A little sub networks that stand for the properties of the agents, the hand, the the other actuators and all the stuff that you need to better encode the data which is influenced by the actions of the agent. So they're just as a side effect of data compression during problem solving. You have internal self models Now you can use this model of the world to plan your future. And that's what you also have done since 1990. So the return network which is the controller which is trying to maximize reward, can use this model of the network of the world, this model network of the world, this predictive model of the world to plan ahead and say let's not do this action sequence, let's do this action sequence instead because it leads to more predicted rewards. And whenever it's waking up these little sub networks that stand for itself and its thinking about itself and it's thinking about itself and its exploring mentally the consequences of its own actions and and now you tell me what is still missing uh missing the next the gap to consciousness.",
          "chapter_name": "Deep Learning Models: Compressing Life, Consciousness, and Depth"
        },
        {
          "speaker": "Juergen Schmidhuber",
          "speech": "Uh There isn't that's a really beautiful idea that you know if life is a collection of data and life is a process of compressing that data to act efficiently in that data, you yourself appear very often . So it's useful to uh form compressions of yourself and it's a really beautiful formulation of what consciousness is is a necessary side effect. It's actually quite compelling to me you've described are NNS developed Ls TMS long short term memory and networks that are their type of recurrent neural networks have gotten a lot of success recently. So these are networks that model the temporal aspects in the data, temporal patterns in the data and you've called them the deepest of the neural networks, Right? So what do you think is the value of depth in the models that we use to learn? Since you mentioned the long short term memory and the L. S. D. M.",
          "chapter_name": "Deep Learning Models: Compressing Life, Consciousness, and Depth"
        },
        {
          "speaker": "Lex Fridman",
          "speech": "Um I have to mention the names after brilliant students who of course of course, first of all, my first student ever set for writer who had fundamental insights already in his diploma thesis, then Felix skiers who had additional important contributions, Alex Grey's a guy from Scotland who is mostly responsible for this CTC algorithm which is now often used to train the LST in to do the speech recognition on all the google and the right phones and whatever and see every and so on. So, um uh these guys without these guys, I would be nothing. It's a lot of incredible work. What is now the depth, what is the importance of depth? Well, most problems in the real world are deep in the sense that the current input doesn't tell you all you need to know about the environment. So instead you have to have a memory of what happened in the past and often important parts of that memory Are dated. They are pretty old. So when you're doing speech recognition for example, and somebody says 11 then that's about Half a second or something like that, which means it's only 50 time steps.",
          "chapter_name": "Deep Learning Models: Compressing Life, Consciousness, and Depth"
        },
        {
          "speaker": "Juergen Schmidhuber",
          "speech": "And another guy or the same guy says seven. So the ending is the same seven. But now the system has to see the distinction between seven and 11 and the only way I can see the differences. It has to store that 50 steps ago. There wasn't or an 11 or seven. So there you have already a problem of depth 50 because for each time step you have something like a virtual Aaliyah in the expanded and roll version of this record network which is doing the speech recognition . So these long time legs they translate into problem depth and more strong ones in this world as such that you really have to look far back in time to understand what is the problem and to solve it. But just like with the L C M. S, you don't necessarily need to, when you look back in time remember every aspect, you just need to remember the important aspects. That's right.",
          "chapter_name": "Deep Learning Models: Compressing Life, Consciousness, and Depth"
        }
      ]
    },
    {
      "name": "Reinforcement Learning: LSTMs, Model Compression, and Future Reward Maximization",
      "content": [
        {
          "speaker": "Juergen Schmidhuber",
          "speech": "The network has to learn to put the important stuff in into memory and to ignore the unimportant noise. So but in that sense, deeper and deeper is better Or is there a limitation is there? I mean L SCM is one of the great examples of architectures that do something beyond just deeper and deeper networks. Uh There's clever mechanisms for filtering data for remembering and forgetting. So do you think that that kind of thinking is necessary if you think about Ls tMS is a leap, a big leap forward over traditional vanilla are Knin's, what do you think is the next sleep within this context? So L C. M is a very clever improvement but L C. M still don't have the same kind of ability to see far back in the future in the in the past as us humans do the credit assignment problem across Way back. Not just 50 time steps or hundreds or thousands but millions and billions.",
          "chapter_name": "Reinforcement Learning: LSTMs, Model Compression, and Future Reward Maximization"
        },
        {
          "speaker": "Juergen Schmidhuber",
          "speech": "It's not clear what are the practical limits of the LST in when it comes to looking back already in 2006 I think we had examples where not only look back tens of thousands of steps, but really millions of steps And um Juan Perez artists in my lab I think was the first author of a paper where we really was that 2006 or something had examples. We have learned to look back for more than 10 million steps. So for most problems of speech recognition it's not necessary to look that far back but the examples where it does now looking bad thing. That's rather easy because there's only one past but there are many possible futures and so a reinforcement learning system which is trying to maximize its future expected reward and doesn't know yet which of these many possible future should I select given ? There's one single past is facing problems that the L. C. M. By itself cannot solve.",
          "chapter_name": "Reinforcement Learning: LSTMs, Model Compression, and Future Reward Maximization"
        },
        {
          "speaker": "Lex Fridman",
          "speech": "So the other stem is good for coming up with a compact representation of the history so far of the history and observations and actions so far. But now how do you plan in an efficient and good way among all these? How do you select one of these many possible action sequences that a reinforcement learning system has to consider to maximize reward in this unknown future. So again we have this basic setup where you have when we cannot work which gets in the video and the speech and whatever and it's executing actions and is trying to maximize reward. So there is no teacher who tells you what to do at which point in time and then there's the other network which is just predicting what's going to happen if I do that then. And that could be an L. C .",
          "chapter_name": "Reinforcement Learning: LSTMs, Model Compression, and Future Reward Maximization"
        },
        {
          "speaker": "Juergen Schmidhuber",
          "speech": "M. Network and it learns to look back all the way to make better predictions of the next time step. So essentially although it's predicting only the next time step, it is motivated to learn to put into memory something that happened maybe a million steps ago because it's important to memorize that if you want to predict that at the next time step? The next event. Now how can a model of the world like that?",
          "chapter_name": "Reinforcement Learning: LSTMs, Model Compression, and Future Reward Maximization"
        },
        {
          "speaker": "Juergen Schmidhuber",
          "speech": "A predictive model of the world be used by the first guy. Let's call it the controller and the model of the controller and the model. How can the model be used by the controller to efficiently select among these many possible futures? So now Ive way we had about 30 years ago was let's just use the model of the world as a stand in as a simulation of the world and millisecond by millisecond . We planned the future and that means we have to roll it out really in detail and it will work only if the model is really good and it will still be inefficient because we have to look at all these possible futures and and there are so many of them. So instead what you do now since 2015 and ourcm systems control among systems, we give the controller the opportunity to learn by itself how to use the potentially relevant parts of the M. of the model network to solve new problems more quickly. And if it wants to it can learn to ignore the M.",
          "chapter_name": "Reinforcement Learning: LSTMs, Model Compression, and Future Reward Maximization"
        },
        {
          "speaker": "Juergen Schmidhuber",
          "speech": "And sometimes it's a good idea to ignore the D. M. Because it's really bad. It's a bad predictor in this particular um situation of life where the control is currently trying to maximize reward. However, it can also allow them to address and exploit some of the sub programs that came about in the model network through compressing the data by predicting it. So it now has an opportunity to reuse that code the algorithmic information in the modern that Rank two reduce its own search space such that it can solve a new problem more quickly than without the model compression. So you're ultimately optimistic and excited about the power of our of reinforcement learning in the context of real systems. Absolutely. Yeah. So you see RL as a potential having a huge impact beyond just sort of the m part is often develop on supervised learning methods.",
          "chapter_name": "Reinforcement Learning: LSTMs, Model Compression, and Future Reward Maximization"
        }
      ]
    },
    {
      "name": "The Future of AI: Reinforcement Learning and Predictive Models",
      "content": [
        {
          "speaker": "Juergen Schmidhuber",
          "speech": "You C. R. L. As A for problems of self driving cars or any kind of applied side of robotics. That's the correct interesting direction for research in your view. I do think so we have a company called nations which has applied the reinforcement learning to little bodies. Little bodies which learned to park without a teacher . The same principles were used of course. So these little bodies, they are small, maybe like that so much smaller than the real Audis. But they have all the sensors that you find the real Audis. You find the cameras the leader sends us. They go up to 120 20 kilometers an hour if you if they want to.",
          "chapter_name": "The Future of AI: Reinforcement Learning and Predictive Models"
        },
        {
          "speaker": "Juergen Schmidhuber",
          "speech": "And they have pain sensors basically and they don't want to bump against obstacles and other Audis. And so they must learn like little babies to pack, take the raw vision input and translate that into actions that lead to successful packing behavior , which is a rewarding thing. And yes, they learned that. So we have examples like that and it's only in the beginning um this is just the tip of the iceberg and I believe the next wave of AI is going to be all about that.",
          "chapter_name": "The Future of AI: Reinforcement Learning and Predictive Models"
        },
        {
          "speaker": "Juergen Schmidhuber",
          "speech": "So at the moment the current wave of AI is about passive pattern observation and prediction. And and that's what you have on your smartphone and what the major companies on the pacific event are using to sell you ads to do marketing, that's the current sort of profit in AI And that's only one or 2% of the world economy, uh which is big enough to make these companies pretty much the most valuable companies in the world, but there's a much, much bigger fraction of the economy going to be affected by the next wave, which is really about machines that shape the data through their own actions. Do you think simulation is ultimately the biggest uh way that that those methods will be successful in the next 10, 20 years? We're not talking about 100 years from now, we're talking about sort of the near term impact of RL do you think really good simulation is required? Or is there other techniques like imitation learning, you know, observing other humans operating in the real world? Where do you think this success will come from? So at the moment we have a tendency of using yeah physics simulations to learn behavior for machines that learn to solve problems that humans also do not know how to solve.",
          "chapter_name": "The Future of AI: Reinforcement Learning and Predictive Models"
        },
        {
          "speaker": "Juergen Schmidhuber",
          "speech": "However, this is not the future because the future is in what little babies do. They don't use a physics engine to assimilate the world, know they learn a predictive model of the world which maybe sometimes it's wrong in many ways but captures all kinds of important abstract high level predictions which are really important to be successful. And um and that's what is what was the future? 30 years ago when you started that type of three sites, but it's still the future and now we are no much better how to go there. Uh to to move there to move forward and to really make working systems based on that where you have a learning model of the world, the model of the world that learns to predict what's going to happen if I do that and that. And then uh the controller uses that model to more quickly learn successful action sequences. And then of course, always this curiosity thing in the beginning of the model is stupid . So the controller should be motivated to come up with experiments with action sequences that lead to data that improve the model. Do you think improving the model constructing an understanding of the world in this connection is the in now the popular approaches have been successful or you're grounded in ideas of neural networks but in the eighties with expert systems, there's symbolic ai approaches, which to us , humans are more intuitive in a sense that it makes sense that you build up knowledge and this knowledge representation. What kind of lessons can we draw into? Our current approach is in for from expert systems.",
          "chapter_name": "The Future of AI: Reinforcement Learning and Predictive Models"
        },
        {
          "speaker": "Juergen Schmidhuber",
          "speech": "From symbolic. So I became aware of all of that in the 80 years and back then logic program, logic programming was a huge thing. Was inspiring to yourself. Did you find it compelling? Because most a lot of your work was not so much in that realm is more in the learning systems? Yes and no,",
          "chapter_name": "The Future of AI: Reinforcement Learning and Predictive Models"
        }
      ]
    },
    {
      "name": "AI: Logic Programming vs Deep Learning",
      "content": [
        {
          "speaker": "Juergen Schmidhuber",
          "speech": "but we did all of that.",
          "chapter_name": "AI: Logic Programming vs Deep Learning"
        },
        {
          "speaker": "Juergen Schmidhuber",
          "speech": "So we my first publication ever actually was 1987 was the implementation of genetic algorithm of a genetic programming system in prologue. So prologue, that's what you learned back then, which is a logic programming language. And the japanese. They have this huge fifth generation ai project which was mostly about logic programming back then. Although neural networks existed and were well known back then. And Deep Learning has existed since 1965. Since this guy in the Ukraine Ivanenko started it.",
          "chapter_name": "AI: Logic Programming vs Deep Learning"
        },
        {
          "speaker": "Juergen Schmidhuber",
          "speech": "But the japanese and many other people, they focused really on this logic programming. And I was influenced to the extent that I said, okay, let's take these biologically inspired algorithms like evolution programs uh and and implement that in the language which I know, which was prologue, for example, back then . And then um in many ways this came back later because the gorilla machine for example has a proof search onboard And without that it would not be optimal while marcos roberta's universal algorithm for solving all well defined problems as a proof search on board. So that's very much larger programming. Without that it would not be is entirely optimum. But then on the other hand, because we are very pragmatic guys also we focused on we can use the network's and sub optimal stuff such as gradient based search and program space rather than provably optimal things that logic programming does.",
          "chapter_name": "AI: Logic Programming vs Deep Learning"
        },
        {
          "speaker": "Lex Fridman",
          "speech": "It certainly has a usefulness in when you're trying to construct something provably optimal or probably good or something like that. But it's a useful for practical problems. It's really useful for our theory improving the best theory improvers today are not neural networks right? No, they are logic programming systems and they are much better theory improvers than most uh math students in the first or second semester. But for reasoning to playing games of go or chess or for robots, autonomous vehicles that operate in the real world or object manipulation you think learning Yeah, as long as the problems have little to do with with theo improving themselves then um, as long as that's not the case, you you would just want to have a better pattern recognition. So to build a self driving car, you want to have a better pattern recognition and and pedestrian recognition and all these things and you want to your you want to minimize the number of false positives which is currently slowing down self driving cars in many ways . And um and all of that has very little to do with logic programming. Yeah.",
          "chapter_name": "AI: Logic Programming vs Deep Learning"
        },
        {
          "speaker": "Juergen Schmidhuber",
          "speech": "What are you most excited about in terms of directions of artificial intelligence at this moment in the next few years in your own research and in the broader community.",
          "chapter_name": "AI: Logic Programming vs Deep Learning"
        }
      ]
    },
    {
      "name": "Rise of Active AI Machines: Shaping Data Through Action",
      "content": [
        {
          "speaker": "Juergen Schmidhuber",
          "speech": "So I think in the not so distant future we will have for the first time little robots that learn like kids uh will be able to say to the robot, look here robot, we are going to assemble a smartphone. Let's take the slab of plastic and the school driver and let's screw in the screw like that you know. No, not like that like that, not like that like that. And I don't have a date a glove or something. He will see me and he will hear me and he will try to do something with his own actuators which will be really different from mine.",
          "chapter_name": "Rise of Active AI Machines: Shaping Data Through Action"
        },
        {
          "speaker": "Juergen Schmidhuber",
          "speech": "But he will understand the difference and will learn to imitate me but not in the supervised way where a teacher is giving target signals for all his muscles all the time. No, by doing this high level imitation where he first has to learn to imitate me and then to interpret these additional noises coming from my mouth as helping helpful signals to do that matter. And then it will by itself come up with faster ways and more efficient ways of doing the same thing. And finally I stopped his learning algorithm and make a million copies and sell it. And so at the moment this is not possible but we already see how we are going to get them and you can imagine to the extent that this works economically and cheaply it's going to change everything almost are of production is going to be affected by that and a much bigger wave , much bigger Ai wave is coming than the one that we are currently witnessing which is mostly about passive pattern recognition on your smartphone. This is about active machines that shapes the data through the actions they are executing and they learn to do that in a good way. So many of the traditional industries are going to be affected by that.",
          "chapter_name": "Rise of Active AI Machines: Shaping Data Through Action"
        },
        {
          "speaker": "Lex Fridman",
          "speech": "All the companies that are building machines well equipped these machines with cameras and other sensors and they are going to learn to solve all kinds of problems through interaction with humans but also a lot on their own to improve what they already can do them. And lots of old economy is going to be affected by that And in recent years I have seen that all the economy is actually waking up and realizing that there's like a is and um are you optimistic about the future . Are you concerned? Uh There's a lot of people concerned in the near term about the transformation of the nature of work . The kind of ideas that you just suggested would have a significant impact of what kind of things could be automated? Are you optimistic about that future? Are you nervous about that future? And looking a little bit farther into the future?",
          "chapter_name": "Rise of Active AI Machines: Shaping Data Through Action"
        },
        {
          "speaker": "Juergen Schmidhuber",
          "speech": "There's people like Elon musk and still russell concerned about the existential threats of that future. So in the near term job loss in the long term existential threat, Are these concerns to you or you ultimately optimistic? So let's first address the near future. We have had predictions of job losses for many decades.",
          "chapter_name": "Rise of Active AI Machines: Shaping Data Through Action"
        }
      ]
    },
    {
      "name": "AI's Evolution: Existential Threats and New Job",
      "content": [
        {
          "speaker": "Juergen Schmidhuber",
          "speech": "For example, when industrial robots came along, many people, many people predicted lots of jobs are going to get last . And in a sense they were right because back then there were um car factories and hundreds of people and these factories assembled cars and today the same car factories have hundreds of robots and maybe three guys watching the robots . On the other hand, those countries that have lots of robots per capita Japan Korea and Germany Switzerland. A couple of other countries, they have really low unemployment rates. Somehow all kinds of new jobs were created back then.",
          "chapter_name": "AI's Evolution: Existential Threats and New Job"
        },
        {
          "speaker": "Juergen Schmidhuber",
          "speech": "Nobody anticipated those jobs and decades ago. I always said it's really easy to say which jobs are going to get last but it's really hard to predict the new ones 30 years ago. Who would have predicted all these people making money as YouTube bloggers, for example, 200 years ago, 60% of all people used to work in agriculture Today. Maybe 1%,, but still Only, I don't know, 5%, unemployment, lots of new jobs were created and Home Aladdin's the plane man is inventing new jobs all the time. Most of these jobs are not existentially necessary for the survival of our species.",
          "chapter_name": "AI's Evolution: Existential Threats and New Job"
        },
        {
          "speaker": "Juergen Schmidhuber",
          "speech": "There are only very few existentially necessary jobs such as farming and building houses and and warming up the houses. But less than 10% of the population is doing that. And most of these newly invented jobs are about interacting with other people in new ways through new media and so on. Getting new types of kudos in forms of likes and whatever and even making money through that. So, Home Aladdin's the playing man doesn't want to be unemployed and that's why he is inventing new jobs all the time. And he keeps considering these jobs as really important and is investing a lot of energy and hours of work into into those new jobs. It's quite beautifully put, were really nervous about the future because we can't predict what kind of new jobs will be created.",
          "chapter_name": "AI's Evolution: Existential Threats and New Job"
        },
        {
          "speaker": "Juergen Schmidhuber",
          "speech": "But you are ultimately optimistic that we humans are so restless that we create and give meaning to newer and your jobs telling you uh likes on faith, things that get likes on facebook or whatever the social platform is. So what about long term existential threat of ai where our whole civilization may be swallowed up by this ultra super intelligent systems, maybe it's not going to be swallowed up. But I'd be surprised if we were the humans were the last step and the evolution of the universe. Um um you've actually had this beautiful comment somewhere that I've seen, saying that artificial, quite insightful artificial general intelligence systems just like us, humans will likely not want to interact with humans, they'll just interact amongst themselves, just like ants interact amongst themselves and only tangentially interact with humans. And it's quite an interesting idea that once we create A. G. I . That will lose interest in humans and and have compete for their own facebook likes and their own social platforms. So within that quite elegant idea, how do we know in a hypothetical sense that there is not already intelligence systems out there?",
          "chapter_name": "AI's Evolution: Existential Threats and New Job"
        },
        {
          "speaker": "Juergen Schmidhuber",
          "speech": "How do you think broadly of general intelligence greater than us? How do we know it's out there? How do we know it's around us? And could it already be I'd be surprised if with within the next few decades or something like that, the you won't have a I. S truly smart in every single way and better problem solvers in almost every single important way and I'd be surprised if they wouldn't realize what we have realized a long time ago, which is that almost all physical resources are not here in this biosphere, but further out The rest of the solar system gets two billion times more solar energy than our little planets. And there's lots of material out there that you can use to build robots and self replicating robot factories and all this stuff and they are going to do that",
          "chapter_name": "AI's Evolution: Existential Threats and New Job"
        },
        {
          "speaker": "Juergen Schmidhuber",
          "speech": "and they will be scientists um curious and they will explore what they can do. And in the beginning they will be fascinated by life and by their own origins and our civilization. They will want to understand that completely. Just like people today would like to understand how life works and and also um the history of our own existence and civilization but then also in the physical laws that created all of them . So they in the beginning is able to be fascinated by life once they understand it they was interest like anybody who loses interest and things he understands. And then as you said um see you most interesting sources of information for them will be others of their own kinds. So at least in the long run there seems to",
          "chapter_name": "AI's Evolution: Existential Threats and New Job"
        }
      ]
    }
  ]
}