{
  "speakers": [
    "Lex Fridman",
    "Kai-Fu Lee"
  ],
  "episode_name": "kai-fu-lee-ai-superpowers-china-and-silicon-valley",
  "chapters": [
    {
      "name": "China's Soul: Tradition, Hope, and AI Succe",
      "content": [
        {
          "speaker": "Kai-Fu Lee",
          "speech": "the following is a conversation with Kai fu lee . He is the chairman and ceo of innovation ventures that manages a two billion dollar dual currency investment fund with a focus on developing the next generation of chinese high tech companies. He's the former president of google china and the founder of what is now called Microsoft Research Asia, an institute that trained many of the artificial intelligence leaders in china, including C. T. O. S . Or Ai execs at baidu. Tencent Alibaba Lenovo and Huawei. He was named one of The 100 most influential people in the world by time magazine.",
          "chapter_name": "China's Soul: Tradition, Hope, and AI Succe"
        },
        {
          "speaker": "Kai-Fu Lee",
          "speech": "He's the author of seven best selling books in Chinese and most recently the new york Times bestseller called Ai Superpowers, china, Silicon Valley and the New World Order. He has unparalleled experience in working across major tech companies and governments and applications of Ai. And so he has a unique perspective on global innovation in the future of Ai that I think is important to listen to and think about. This is the artificial intelligence podcast. If you enjoy it, subscribe my youtube and Itunes supported in a patreon or simply connect with me on twitter at lex Friedman and now here's my conversation with Kai fu lee. I immigrated from Russia to us when I was 13, you immigrated to us at about the same age. The Russian people, the american people, the chinese people each have a certain soul or spirit that permeates throughout the generations . So maybe it's a little bit of a poetic question but could you uh describe your sense of what defines the chinese soul. I think the chinese soul of people today. Right.",
          "chapter_name": "China's Soul: Tradition, Hope, and AI Succe"
        },
        {
          "speaker": "Lex Fridman",
          "speech": "We're talking about people who have had centuries of burden because of the poverty that the country has gone through and suddenly Shined with hope of prosperity in the past 40 years as China opened up and embraced market economy and undoubtedly there are two sets of pressures on the people that of the tradition um that of facing difficult situations and that of hope of wanting to be the first to become successful and wealthy so that it's a very strong hunger and the strong desire and strong work ethic that drives china forward and is their roots do not just this generation but before that's that's deeper than just a new economic development. Is there something that's unique to china you could speak to that's in the people? Yeah. Well the Chinese tradition is about excellence , dedication and results and the Chinese exams and study subjects in schools have traditionally started from memorizing 10,000 characters not an easy task to start with and further by memorizing his historic philosophers literature poetry. So it really is the probably the strongest road learning mechanism created to make sure people had good memory and remember things extremely well. Um that's I think at the same time suppresses the breakthrough innovation um and also enhances the speed execution get results and that I think characterizes the historic basis of china. That's interesting because there's echoes of that in Russian education as well as rote memorization to memorize a lot of poacher. I mean there's just uh emphasis on perfection in all forms that's not conducive to perhaps what you're speaking to which is creativity. But you think that kind of education holds back the innovative spirit that you might see in the United States.",
          "chapter_name": "China's Soul: Tradition, Hope, and AI Succe"
        },
        {
          "speaker": "Lex Fridman",
          "speech": "Well it holds back the breakthrough innovative spirit that we see in the United States but it does not hold back the valuable execution oriented, results oriented value creating engines which we see china being very successful. So is there a difference between a chinese Ai engineer today in an american Ai engineer perhaps rooted in the culture that we just talked about or the education or the very soul of the people or no. And what would your advice be to each if there's a difference?",
          "chapter_name": "China's Soul: Tradition, Hope, and AI Succe"
        }
      ]
    },
    {
      "name": "Breaking Down AI: Data vs. Innovation",
      "content": [
        {
          "speaker": "Lex Fridman",
          "speech": "Well there's a lot that's similar because Ai is about um mastering sciences about using known technologies and trying new things . But it's also about picking from many parts of possible networks to use and different types of parameters to tune. And that part is somewhat wrote and it is also as anyone who has built a i products can tell you a lot about cleansing the data because Ai runs better with more data and data is generally unstructured error error.",
          "chapter_name": "Breaking Down AI: Data vs. Innovation"
        },
        {
          "speaker": "Lex Fridman",
          "speech": "Full and unclean and the effort to clean the data is is immense. So I think the better part of american engineering ai engineering process is to try new things to do things people haven't done before and um to use technology to solve most if not all problems. Um So to make the algorithm work despite not so great day to find you know, error tolerant ways to deal with the data. The chinese way would be to um basically enumerate to the fullest extent all the possible ways by a lot of machines try lots of different ways to get it to work and spend a lot of resources and money and time cleaning up data. That that means the Ai engineer maybe writing data cleansing algorithms working with thousands of people who label or correct or do things with the data. That is the incredible hard work that might lead to better results.",
          "chapter_name": "Breaking Down AI: Data vs. Innovation"
        },
        {
          "speaker": "Kai-Fu Lee",
          "speech": "So the chinese engineer would rely on and ask for more and more and more data and find ways to cleanse them and make them work in the system. And probably less time thinking about new algorithms that can overcome data or other issues. So where's your intuition , where do you think the biggest impact the next 10 years lies? Is it in some breakthrough algorithms or is it in just this at scale rigor? A rigorous approach to data cleaning data organizing data onto the same algorithm. What do you think? The big impact in the applied the world is well, if you're really in a company and you have to deliver results using non techniques and enhancing data. Seems like the more expedient approach , that's very low risk and likely to generate better and better results and that's why the chinese approach has done quite well now there are a lot of more challenging startups and problems such as autonomous vehicles, medical diagnosis, that existing algorithms may probably won't solve. Um, and that would put the chinese approach more challenged and give them more breakthrough innovation approach more, more, more of an edge on those kinds of problems. So let me talk to that a little more. So, you know, my intuition personally is that data can take us extremely far.",
          "chapter_name": "Breaking Down AI: Data vs. Innovation"
        },
        {
          "speaker": "Lex Fridman",
          "speech": "So you brought up autonomous vehicles and medical diagnosis. So your intuition is that huge amounts of data might not be able to completely help us solve that problem . Right, so breaking that down further, you know, autonomous vehicle, I think huge amounts of data probably will solve trucks driving on highways, which will deliver significant value and China will probably lead in that. Um, and um, full L5 autonomous is likely to require new technologies, we don't yet know and that might require academia and great industrial research, both innovating and working together and in that case us has an advantage. So the interesting question there is, I don't know if you're familiar on the autonomous vehicle space and the developments with Tesla and Elon musk, I am where they are in fact full steam ahead into this mysterious, complex world of full autonomy L five L four L five and they're trying to solve that purely with data. So the same kind of thing that you're saying is just for highway, which is what a lot of people share your intuition. Uh, they're trying to solve with data just to linger on that moment Further do you think possible for them to achieve success with simply just a huge amount of this training on edge cases, on difficult cases in urban environments, not just highway and so on. I think it'll be very hard.",
          "chapter_name": "Breaking Down AI: Data vs. Innovation"
        },
        {
          "speaker": "Lex Fridman",
          "speech": "One could characterize Tesla's approach as kind of a chinese strength approach, gather all the data you can and hope that will overcome the problems but in autonomous driving. Clearly a lot of the decisions aren't merely solved by aggregating data and having feedback loop. There are things that are more akin to human thinking and how would those be integrated and built. Uh, there has not yet been a lot of success integrating human intelligence or you know, call it expert systems if you well, even though that's a taboo word with the machine learning and the integration of the two types of thinking hasn't yet been demonstrated. And the question is how much can you push a purely machine learning approach? And of course Tesla also has an additional constraint that they don't have all the sensors. Um, I know that they think is foolish to use light ours",
          "chapter_name": "Breaking Down AI: Data vs. Innovation"
        },
        {
          "speaker": "Kai-Fu Lee",
          "speech": "but that's clearly a one less very valuable and reliable source of input that therefore going which may also have consequences. Um I think the advantage of course is capturing data no one has ever seen before and in some cases such as computer vision and speech recognition , I have seen chinese companies accumulate data that's not seen anywhere in the western world and they have delivered superior results. But then speech recognition and object recognition are relatively suitable problems for deep learning and don't have the potentially need for the human intelligence analytical planning elements. And the same on the speech recognition side, your intuition that speech recognition and the machine learning approaches to speech recognition won't take us to a conversational system that can pass the turing test which is maybe a kin to uh what driving is. So he needs to have something more than just simply simple language understanding, simple language generation Roughly. Right.",
          "chapter_name": "Breaking Down AI: Data vs. Innovation"
        },
        {
          "speaker": "Kai-Fu Lee",
          "speech": "I would say that based on purely machine learning approaches, it's hard to imagine. It could lead to a full conversational um experience across arbitrary domains which is akin to L5. I'm a little hesitant to use the word turing test because the original definition was probably too easy. We could probably do that. The spirit of the touring test, that's what I was referring of course. So you've had major leadership research positions at apple Microsoft google.",
          "chapter_name": "Breaking Down AI: Data vs. Innovation"
        }
      ]
    },
    {
      "name": "Silicon Valley vs. China: Innovation vs. Ambition",
      "content": [
        {
          "speaker": "Lex Fridman",
          "speech": "So continuing on the discussion of America Russia, chinese soul and culture and so on. What is the culture of Silicon Valley in contrast to uh china maybe us broadly and what is the unique culture of each of these three major companies in your view? I think in aggregates Silicon Valley companies we could probably include Microsoft in that even though they're not in the valley is um really dream big and have visionary goals and um believe that technology will conquer all and um also the self confidence and the self entitlement that whatever they produce the whole world should use and must use and those are historically important. I think um you know, steve jobs famous quote that to do, he doesn't do focus groups. He looks in the mirror and asks the first in the mirror whether you want and that really is an inspirational comment that says the great company shouldn't just ask users what they want but develop something that users will know they want when they see it, but they could never come up with themselves. I think that is probably the most exhilarating description of what the essence of Silicon Valley is. That this brilliant idea uh could cause you to build something that couldn't come out of focus groups or a B tests and the iphone would be an example of that. No one in the age of Blackberry would write down they want an iphone or multi touch browser might be another example. No one would say they want that in the days of FTp, but once they see it, they want it. So I think that is, was Silicon Valley is best at, but it also comes with uh, came with a lot of success.",
          "chapter_name": "Silicon Valley vs. China: Innovation vs. Ambition"
        },
        {
          "speaker": "Lex Fridman",
          "speech": "These products became global platforms and there were basically no competitors anywhere. And that has also led to the belief that these are the only things that one should do that companies should not tread on other companies territory. So that's a , you know, um, Groupon and yelp and then open table and the grub hub with each field. Okay, I'm not going to do the other companies business because that would not be the pride of innovating what each of these four companies have innovated. But I think the chinese approach is do whatever it takes to win and it's a winner, take all market.",
          "chapter_name": "Silicon Valley vs. China: Innovation vs. Ambition"
        },
        {
          "speaker": "Lex Fridman",
          "speech": "And in fact in the internet space, the market leader will get predominantly all the value extracted out of the system. So and the, and the, and the system isn't just defined as one narrow category but gets broader and broader. So it's amazing ambition for success and domination of increasingly larger product categories leading to clear market winner status and the opportunity to extract tremendous value. And that develops a practical result oriented, ultra ambitious winner, take all gladiatorial mentality. And if what it takes is to build what the competitors built essentially a copycat that can be done without infringing laws if what it takes is to satisfy a foreign foreign countries need by forking the code base and building something that looks really ugly and different. They'll do it.",
          "chapter_name": "Silicon Valley vs. China: Innovation vs. Ambition"
        }
      ]
    },
    {
      "name": "Silicon Valley's Heart and Soul: Balancing Profit and Doing Good",
      "content": [
        {
          "speaker": "Lex Fridman",
          "speech": "So it's contrasted very sharply with the Silicon Valley approach and I think the flexibility and the speed and execution has helped the chinese approach. And I think the Silicon Valley approach um is potentially challenged if every chinese entrepreneurs learning from the whole world, U. S. And china. And the american entrepreneurs only look internally and write off china as a copycat. And the second part of your question about the three companies, The unique elements of the three companies perhaps. Yeah, I think Apple represents while the user please the user and um the essence of design and brand and it's the one company and perhaps the only tech company that draws people with a strong serious desire for the product and the need and the willingness to pay a premium because of the halo effect of the brand which came from the attention to detail and great respect for user needs.",
          "chapter_name": "Silicon Valley's Heart and Soul: Balancing Profit and Doing Good"
        },
        {
          "speaker": "Lex Fridman",
          "speech": "Microsoft represents a platform approach that builds giant products that become very strong modes that others can't do because it's well architected at the bottom level and the work is efficiently delegated to individuals and then the whole product is built by adding small parts that some together so it's probably the most effective high tech assembly line that builds a very difficult product that and the whole process of doing that is kind of a um differentiation and something competitors can't easily repeat. Are there elements of the chinese approach in the way Microsoft went about assembling those little pieces and dominating , essentially dominating the market for a long time ? Or do you see this is distinct? I think there are elements that are the same. I think the three American companies that had or have Chinese characteristics and obviously as well as American characteristics are Microsoft, Facebook and Amazon. Yes, that's right, amazon because these are companies that will uh tenaciously go after adjacent markets, build up strong um product offering and and find ways to extract greater value from a sphere that's ever increasing and they understand the value of the platforms so that's the similarity and then with google, I think it's a uh genuinely value oriented company that does have a Heart and Soul and that wants to do great things for the world by connecting information and that has um also very strong technology jeans and wants to use technology and has found uh out of the box ways to use technology to deliver incredible value to the end user who can look at google for example, you mentioned Heart and Soul ah there seems to be an element where google is after making the world better. There's a more positive view. I mean they used to have the slogan don't be evil and facebook a little bit more has a negative into it at least in the perception of privacy and so on. Do you have a sense of uh how these different companies can achieve? Because you've talked about how much we can make the world better in all these kinds of ways with a I what is it about a company that can make, give it a heart and soul gain the trust of the public and just actually just not be evil and do good for the world. It's really hard",
          "chapter_name": "Silicon Valley's Heart and Soul: Balancing Profit and Doing Good"
        },
        {
          "speaker": "Lex Fridman",
          "speech": "and I think google has struggled with that. Um first they don't do evil mantra is very dangerous because every employee's definition of evil is different and that has led to some difficult employee situations for them. So I don't necessarily think that's a good value statement, but just watching the kinds of things google or its parent company alphabet does, uh, in new areas like health care, like, you know, eradicating mosquitoes , things that are really not in the business of a internet tech company. I think that shows that there's a heart and soul and desire to do good and willingness to put in the resources to do something when they see it's good, they will pursue it. Um, that doesn't necessarily mean it has all the trust of the users. I realized while most people would view facebook as the primary target of their recent unhappiness about Silicon Valley companies, many would put google in that category.",
          "chapter_name": "Silicon Valley's Heart and Soul: Balancing Profit and Doing Good"
        },
        {
          "speaker": "Lex Fridman",
          "speech": "And some have named google's business practices as um, predatory also. So it's kind of difficult to have the two parts of the body, the brain wants to do what it's supposed to do for shareholder maximize profit, and then the heart and soul wants to do good things that may run against what the grain wants to do. So in this complex balancing that these companies have to do, you've mentioned that you're concerned about a future where too few companies like google facebook amazon are controlling our data are controlling too much of our digital lives. Can you elaborate on this concern? And perhaps do you have a better way forward? I think I'm hardly the most vocal complainer of this.",
          "chapter_name": "Silicon Valley's Heart and Soul: Balancing Profit and Doing Good"
        }
      ]
    },
    {
      "name": "China's Fearless Entrepreneurship: Innovation Beyond Copycats",
      "content": [
        {
          "speaker": "Lex Fridman",
          "speech": "Speak.",
          "chapter_name": "China's Fearless Entrepreneurship: Innovation Beyond Copycats"
        },
        {
          "speaker": "Lex Fridman",
          "speech": "There are a lot louder complainers out there. I do observe that um having a lot of data thus perpetuate their strength and um limit competition in many spaces. But I also believe ai is much broader than the internet space. So the entrepreneurial opportunity still exists in using ai to empower um financial, retail, manufacturing, education applications. So I don't think it's quite a case of um full monopolistic dominance. That makes that totally uh stifles innovation, but I do believe in their areas of strength is hard to dislodge them. I don't know if I have a good solution, Probably the best solution is let the entrepreneurial VC ecosystem work well and find all the places that can create the next google the next facebook, so there will always be increasing number of challengers in some sense that has happened a little bit, you see Uber Airbnb having emerged despite the strength of the big three.",
          "chapter_name": "China's Fearless Entrepreneurship: Innovation Beyond Copycats"
        },
        {
          "speaker": "Kai-Fu Lee",
          "speech": "Um, and um, and I think china is an environment maybe more interesting for the emergence because if you look at companies between, let's say 50 to $300 billion china has emerged more of such companies than the U. S. In the in the last 3 to 4 years because of the larger marketplace, because of the more fearless nature of the entrepreneurs. Um that and and the chinese giants are just as powerful as american ones. Tencent alibaba very strong. But Bytedance has emerged worth 75 billion uh and financial, while it's alibaba affiliated, it's nevertheless independent and worth 150 billion. And so I I do think if we start to extend to traditional businesses, we will see value very valuable companies.",
          "chapter_name": "China's Fearless Entrepreneurship: Innovation Beyond Copycats"
        },
        {
          "speaker": "Lex Fridman",
          "speech": "So it's probably not the case that in Uh five or 10 years we'll still see the whole world with these five companies having such dominance. So you mentioned a couple of times, uh, this fascinating world of entrepreneurship in china of the fearless nature of the entrepreneur. So can you maybe talk a little bit about what it takes to be an entrepreneur in china ? What are the strategies that are undertaken, What are the ways to achieve success? What is the dynamic of the CIA funding of the way the government helps companies and so on. What are the interesting aspects here that are distinct from, they're different from the Silicon Valley world of entrepreneurship. Well, many of the listeners probably still with brand chinese entrepreneur as copycats And no doubt 10 years ago, that would not be an inaccurate description Back 10 years ago, an entrepreneur probably could not get funding if he or she could not describe what product he or she is copying from the U. S.",
          "chapter_name": "China's Fearless Entrepreneurship: Innovation Beyond Copycats"
        },
        {
          "speaker": "Kai-Fu Lee",
          "speech": "Um The first question is who has proven this business model? Which is a nice way of asking for copying and and that reason is understandable because china had a much lower internet penetration and and I didn't have enough um indigenous experience to build innovative products. And secondly internet was emerging. Link startup was the way to do things, building the first minimum viable products and then expanding was the right way to go. And the american successes have given a shortcut that if you took your, if you build your minimally viable product based on an american product, it's guaranteed to be a decent starting point, then you tweak it afterwards . So as long as there's no I. P. Infringement, which as far as I know there hasn't been in the in the mobile and Ai spaces, um that's a much better shortcut",
          "chapter_name": "China's Fearless Entrepreneurship: Innovation Beyond Copycats"
        },
        {
          "speaker": "Lex Fridman",
          "speech": "and I think Silicon Valley would view that as still not very honorable because that's not your own idea to start with, but you can't really at the same time, believe every idea must be your own and believe in the lean startup methodology because lean startup is intended to try many many things and then converge one that works and it's meant to be iterated changed. So finding a decent starting point without legal violations, there should be nothing morally dishonorable about that. So just a quick pause in a, it's fascinating that that's uh, why is that not honorable? Right is exactly as you formulated is it seems like a perfect start for business is to, uh, to take, you know, look at amazon and say, okay, we'll do exactly what amazon is doing. Let's start there in this particular market and then lets out, innovate them from that starting point come up with new ways. I mean, is it wrong to be?",
          "chapter_name": "China's Fearless Entrepreneurship: Innovation Beyond Copycats"
        }
      ]
    },
    {
      "name": "China's Innovation Ecosystem: Government Support and Entrepreneurial Growth",
      "content": [
        {
          "speaker": "Lex Fridman",
          "speech": "Uh, except the word copycat. It sounds bad, but is it wrong to be a copycat? It just seems like a smart strategy. But yes, doesn't have a heroic nature to it. That, uh, like a, like a steve jobs, um, Elon musk sort of in something completely coming up with something completely new. Yeah, I like the way you describe it is a non heroic, uh, acceptable way to start the company and maybe more expedient. So that's the, that's",
          "chapter_name": "China's Innovation Ecosystem: Government Support and Entrepreneurial Growth"
        },
        {
          "speaker": "Lex Fridman",
          "speech": "I think a baggage for Silicon Valley that if it doesn't let go, then it may limit the ultimate ceiling of the company take Snapchat as an example, I think, you know, Evans brilliant, he built a great product , but he's very proud that he wants to build his own features, not copy others while facebook was more willing to copy his features and you see what happens in the competition. So I think putting that handcuff on the company would limit its ability to reach the maximum potential. So back to the chinese environment, copying was merely a way to learn from the american masters. Just like we if you would, we learn to play piano or painting, you start by copying, you don't start by innovating when you don't have the basic skill set. So very amazingly the chinese entrepreneurs about uh six years ago started to branch off with these lean startups built on american ideas to build better products than american products. But they did start from the american idea and today we we chat is better than WhatsApp web, oh is better than twitter who is better than cora and so on.",
          "chapter_name": "China's Innovation Ecosystem: Government Support and Entrepreneurial Growth"
        },
        {
          "speaker": "Lex Fridman",
          "speech": "So that I think is um um chinese entrepreneurs going to step two and step three is once these entrepreneurs have done one or two of these companies , they now look at the chinese market and the opportunities and come up with ideas that didn't exist elsewhere. So products like and financial under which includes alipay which is mobile payments and also the financial products for loans built on that and also in education V. I. P. Kid and in uh social social video, social network Tiktok and in social e commerce pin dodo and then in ride sharing mobile like these are all chinese um innovative products that now are being copied elsewhere. So and then an additional interesting observation is some of these products are built on unique chinese demographics which may not work in the US but may work very well in Southeast Asia Africa and other developing worlds that are a few years behind china and a few of these products may be are universal and are getting traction even in the United States such as Tiktok. So this whole ecosystem is supported by VCS uh as a virtuous cycle because a large market with with the innovative entrepreneurs will draw a lot of money and then invest in these companies as the market gets larger and larger U. S. Market china market is easily three or four times larger than the U. S. Um They will create greater value and greater returns for the VCS, thereby raising even more money. Um So That's innovation ventures, our first fund was 15 million. Our last fund was 500 million. So it reflects the valuation of the company's and R US going multi stage and things like that.",
          "chapter_name": "China's Innovation Ecosystem: Government Support and Entrepreneurial Growth"
        },
        {
          "speaker": "Lex Fridman",
          "speech": "It also has government support uh but not in the way most americans would think of it. The government actually leaves the entrepreneurial space as a private enterprise sort of self regulating and the government would build infrastructures that would um around it to make it work better. For example, the mass entrepreneur, mass innovation plan Build 8000 incubators. So the pipeline is very strong to the VCS for autonomous vehicles. The chinese government is building, uh, smart highways with sensors, smart cities that separate pedestrians from cars that may allow initially an inferior autonomous vehicle company to launch a car without increasing with lower casualty because the roads are, the city is smart and the chinese government at local levels would have these guiding funds acting as LPS, passive LPS to funds. And when the fund makes money, part of the money made is given back to the GPS and potentially other LPS to increase everybody's return at the expense of the government return. So, that's interesting incentive that entrusts the task of choosing entrepreneurs to VCS who are better at it than the government by letting some of the profits? I'll move that way.",
          "chapter_name": "China's Innovation Ecosystem: Government Support and Entrepreneurial Growth"
        },
        {
          "speaker": "Lex Fridman",
          "speech": "So this is really fascinating. Right? So I look at the Russian government as a case study where let me put it this way, there is no such government driven, large scale support of entrepreneurship and probably the same is true in the United States, but the entrepreneurs themselves kind of find a way, so maybe in a form of advice or explanation, how did the chinese government arrived to be this way, so supportive on entrepreneurship to be in this particular way, so forward thinking that such a large scale and also perhaps how can we copy it in other countries, uh, that how can we encourage other governments that given the United States government to support infrastructure for autonomous vehicles in the same kind of way perhaps.",
          "chapter_name": "China's Innovation Ecosystem: Government Support and Entrepreneurial Growth"
        }
      ]
    },
    {
      "name": "China's Smart City Infrastructure: Lean Startup Meets Government Responsibility",
      "content": [
        {
          "speaker": "Lex Fridman",
          "speech": "Yes, so these techniques are the result of several key things, some of which maybe learn about some of which may be very hard. Uh one is this trial and error and watching what everyone else is doing. I think it's important to be humble and not feel like, you know, all the answers. The guiding funds idea came from Singapore, which came from Israel and china made a few tweaks and turned it into a, because the chinese cities and government officials kind of compete with each other because they all want to make their city more successful so they can get the next level um in there, you know, in their political career and um it's somewhat competitive. So the central government made it a bit of a competition. Everybody has a budget, they can put it on a i or they can put it on bio or they can put it on energy and then whoever gets the results, the city shines that people are better off , The mayor gets a promotion. So the tools, it's kind of almost like an entrepreneurial environment for local governments to see who can do a better job. And also uh many of them try different experiments.",
          "chapter_name": "China's Smart City Infrastructure: Lean Startup Meets Government Responsibility"
        },
        {
          "speaker": "Lex Fridman",
          "speech": "Uh some have given award, two very smart um researchers just give them money and hope they'll start the company , some have given money to academic um research labs, maybe government research labs to see if they can spin off some companies from the science lab or something like that . Uh Some have tried to recruit overseas chinese to come back and start companies and they had mixed results. The one that worked the best was the guiding funds. So it's almost like a lean startup idea where people try different things and what works sticks and everybody copies. So now every city has a guiding fund. So that's how that came about. Uh the autonomous vehicle uh and the massive spending in highways and smart cities.",
          "chapter_name": "China's Smart City Infrastructure: Lean Startup Meets Government Responsibility"
        },
        {
          "speaker": "Lex Fridman",
          "speech": "That's a chinese way, it's about building infrastructure uh to facilitate its a clear division of the government's responsibility from the market. The market should do everything uh in a private freeway but there are things the market can't afford to do like infrastructure. So the government um always appropriate large amounts of money for infrastructure building. This happened um happens with not only autonomous vehicle than ai but happened with the three G. And four G. You'll find that the chinese uh wireless reception is better than the U. S. Because massive spending that tries to cover the whole country. Whereas in the US it may be a little spotty um it's a government driven because I think they viewed the coverage of of um of sell access and three G. Four G. Access to be a governmental infrastructure spending uh as opposed to as opposed to capitalistic. So that of course the state owned enterprises also publicly traded but they also carry a government responsibility to deliver infrastructure to all. So it's a different way of thinking that may be very hard to inject into Western countries to say starting tomorrow bandwidth infrastructure and highways are going to be um governmental spending with some characteristics.",
          "chapter_name": "China's Smart City Infrastructure: Lean Startup Meets Government Responsibility"
        },
        {
          "speaker": "Kai-Fu Lee",
          "speech": "What's your sense and sorry to interrupt. But because it's such a fascinating point, do you think on the autonomous vehicle space uh it's possible to solve the problem of full autonomy without significant investment in infrastructure? Well that's really hard to speculate. I think it's not a yes no question. But how long does it take question? You know, 15 years, 30 years.",
          "chapter_name": "China's Smart City Infrastructure: Lean Startup Meets Government Responsibility"
        }
      ]
    },
    {
      "name": "The Impact of AI on Jobs: Routine White-Collar Workers at Risk",
      "content": [
        {
          "speaker": "Lex Fridman",
          "speech": "45 years. Uh clearly with infrastructure augmentation where there's road, the city or whole city planning building a new city, I'm sure that will accelerate the day of the L. Five.",
          "chapter_name": "The Impact of AI on Jobs: Routine White-Collar Workers at Risk"
        },
        {
          "speaker": "Lex Fridman",
          "speech": "Uh I'm not knowledgeable enough and it's hard to predict even when we're knowledgeable because a lot of it is speculative but in the U. S. I don't think people would consider building a new city the size of Chicago to make the ai slash autonomous city. They're smaller ones being built. I'm aware of that. But is infrastructure spend really impossible for us or western countries? I don't think so. Uh The U. S. Highway system was built, was that during President Eisenhower or Kennedy Eisenhower. Yeah. So so maybe historians can study how the President Eisenhower get the resources to build this massive infrastructure that surely gave us a tremendous amount of prosperity over the next uh decades, if not centuries.",
          "chapter_name": "The Impact of AI on Jobs: Routine White-Collar Workers at Risk"
        },
        {
          "speaker": "Kai-Fu Lee",
          "speech": "If I may comment on that, then it takes us to artificial intelligence a little bit because in order to build infrastructure, it uh it creates a lot of jobs. So I'll be actually interested if you would say that you talk in your book about all kinds of jobs that could and could not be automated. I wonder if building infrastructure is one of the jobs that would not be easily automated. Uh something that we can think about, because I think you mentioned somewhere in the talk or that there might be as jobs are being automated, a role for government to create jobs that can't be automated. Yes, I think that's a possibility back in the last financial crisis , um, china put a lot of money to basically give this economy a boost.",
          "chapter_name": "The Impact of AI on Jobs: Routine White-Collar Workers at Risk"
        },
        {
          "speaker": "Lex Fridman",
          "speech": "And a lot of, a lot of it went into infrastructure building. And I think that's a legitimate way at the government level to um to deal with the employment issues as well as build out the infrastructure as long as the infrastructures are truly needed. And as long as there is an employment problem, which we don't know. So maybe taking a little step back if you've been a leader and a researcher in Ai for several decades, at least 30 years. Uh, so how is a I changed in the West and the East, as you've observed as you've been deep in it over the past 30 years. Well, a I began as the pursuit of understanding human intelligence and the term itself represents that, but it kind of drifted into the one sub area that worked extremely well, which is machine intelligence.",
          "chapter_name": "The Impact of AI on Jobs: Routine White-Collar Workers at Risk"
        },
        {
          "speaker": "Lex Fridman",
          "speech": "And that's actually more using pattern recognition techniques to um basically do incredibly well on a limited domain, large amount of data, but relatively simple kinds of planning tasks and not very creative. So so we didn't end up building human intelligence. We built a different machine that was a lot better than us. Some problems, but nowhere close to us. Um other problems . So today I think a lot of people still misunderstand when we say artificial intelligence and what various products can do.",
          "chapter_name": "The Impact of AI on Jobs: Routine White-Collar Workers at Risk"
        },
        {
          "speaker": "Lex Fridman",
          "speech": "People still think it's about replicating human intelligence. But the products out there really are closer to having invented the internet or the spreadsheet or the database and getting broader adoption . And speaking further to the fears near term fears that people have about Ai So you're commenting on this sort of the general intelligence that people in the popular culture from sci fi movies have a sense about Ai but there's practical theories about Ai the kind of narrow ai that you're talking about of automating particular kinds of jobs and you talk about them in the book. So What are the kinds of jobs in your view that you see in the next 5, 10 years beginning to be automated by ai systems algorithms? Yes, this is also maybe a little bit counterintuitive because it's the routine jobs that will be displaced the soonest and they may not be displaced entirely, maybe 50% 80% of a job.",
          "chapter_name": "The Impact of AI on Jobs: Routine White-Collar Workers at Risk"
        },
        {
          "speaker": "Lex Fridman",
          "speech": "But when the workload drops by that much employment will come down. And also another part of misunderstanding is most people think of ai replacing routine jobs then they think of the assembly line. The workers. Well that will have some effect, but it's actually the routine white collar workers that's easiest to replace because to replace the white collar worker, you just need software to replace a blue collar worker. You need robotics, mechanical excellence and the ability to deal with uh dexterity and maybe even unknown environments. Very, very difficult.",
          "chapter_name": "The Impact of AI on Jobs: Routine White-Collar Workers at Risk"
        },
        {
          "speaker": "Lex Fridman",
          "speech": "So if we were to categorize the most dangerous um white collar jobs, uh there would be things like back office people who copy and paste and deal with simple computer um programs and data and uh maybe paper and ocr and they don't make strategic decisions. They basically facilitate the process. These Softwares and paper systems don't work. So you have people dealing with new employee orientation searching for past lawsuits and financial documents and doing reference check the basic searching and management of data data that's the most in danger of being lost in addition to the white collar repetitive work. A lot of um simple interaction work can also be taking care of, such as tele sales, telemarketing, customer service as well as many physical jobs that are in the same location and don't require a high degree of dexterity. So fruit picking, dishwashing, assembly line inspection, our jobs in that category. So altogether back office is a big part and the other the blue collar maybe smaller initially, but over time a. I will get better and when we start to get to over the next 15, 20 years, the ability to actually have the dexterity of doing assembly line that's a huge chunk of jobs and and when autonomous vehicles start to work initially starting with truck drivers, but eventually to all drivers.",
          "chapter_name": "The Impact of AI on Jobs: Routine White-Collar Workers at Risk"
        },
        {
          "speaker": "Kai-Fu Lee",
          "speech": "That's another huge group of workers. So I see modest numbers in the next five years but increasing rapidly after that. On the worry of the jobs that are in danger and the gradual loss of jobs. I'm not sure if you're familiar with. Andrew Yang.",
          "chapter_name": "The Impact of AI on Jobs: Routine White-Collar Workers at Risk"
        },
        {
          "speaker": "Kai-Fu Lee",
          "speech": "Yes, I am. Uh So there's a candidate for President of the United States whose platform.",
          "chapter_name": "The Impact of AI on Jobs: Routine White-Collar Workers at Risk"
        }
      ]
    },
    {
      "name": "Job Displacement and Universal Basic Income: AI's Challenge",
      "content": [
        {
          "speaker": "Kai-Fu Lee",
          "speech": "Andrew Yang is based around in part around job loss due to automation and also in addition the need perhaps of universal basic income to support jobs that are folks who lose their jobs due to automation and so on and in general support people under complex, unstable job market. So what are your thoughts about his concerns him as a candidate, His ideas in general, I think his thinking is generally in the right direction, but his approach as a presidential candidate maybe a little bit head at the time. Um I think the displacements will happen, but will they happen soon enough for people to agree to vote for him? Uh The unemployment the members are not very high yet. And I think you know",
          "chapter_name": "Job Displacement and Universal Basic Income: AI's Challenge"
        },
        {
          "speaker": "Lex Fridman",
          "speech": "he and I have the same challenge. If I want to theoretically convince people this is an issue and he wants to become the president, um people have to see how can this be the case when unemployment numbers are loan. So that is the challenge. And I think um I think we do I do agree with him on the displacement issue on universal basic income um at a very vanilla level, I don't agree with it Because I think the main issue is retraining. So people need to be incented uh not by just giving a monthly $2,000 check or $1,000 check and do whatever they want because they don't have to know how to know what to retrain to go into what type of a job and guidance is needed and retraining is needed because historically when technology revolutions when routine jobs were displaced, new routine jobs came up. So they there's always room for that.",
          "chapter_name": "Job Displacement and Universal Basic Income: AI's Challenge"
        },
        {
          "speaker": "Lex Fridman",
          "speech": "But with Ai and automation, the whole point is replacing all routine jobs eventually. So there will be fewer and fewer routine jobs and and ai will create jobs but it won't create routine jobs, because if it creates routine jobs, why wouldn't A I just do it? So therefore the people who are losing their jobs are losing routine jobs. The jobs that are becoming available are non routine jobs. So the social stipend needs to be put in place is for the routine workers who lost their jobs to be retrained maybe in six months, maybe in three years. It takes a while to retrain on the non routine job and then take on the job that will last for that person's lifetime. Now, having said that if you look deeply into Andrew's document, he does cater for that.",
          "chapter_name": "Job Displacement and Universal Basic Income: AI's Challenge"
        },
        {
          "speaker": "Lex Fridman",
          "speech": "So I'm not disagreeing with what he's trying to do, but for simplification, sometimes he just says, you b I but simple, you'll be, I wouldn't work. And I think you mentioned elsewhere that, I mean, the goal isn't necessarily to give people enough money to survive or live, or even to prosper. The point is to give them a job that gives them meaning, that meaning is extremely important uh that are employment at least the United States and perhaps it cares across the world provides something that's, forgive me for saying greater than money, it provides meaning. So, now, what kind of jobs do you think can't be automated? You talk a little bit about creativity and compassion in your book? What aspects do you think? It's difficult to automate for an Ai system because an Ai system is um currently merely optimizing, it's not able to reason, plan or think creatively or strategically it's not able to deal with complex problems.",
          "chapter_name": "Job Displacement and Universal Basic Income: AI's Challenge"
        },
        {
          "speaker": "Lex Fridman",
          "speech": "It can't come up with a new problem and solve it. Human needs to find the problem and pose it as an optimization problem, then have the A. I work at it. So in a I would have a very hard time discovering a new drug or discovering a new style of painting or dealing with complex tasks that such as managing a company that isn't just about optimizing the bottom line but also about employee satisfaction, corporate brand and many many other things. So that is one category of things and because these things are challenging creative complex doing them creates a higher high degree of satisfaction and therefore appealing to our desire for working which isn't just to make the money, make the ends meet, but also that we've accomplished something that others maybe can't do or can't do as well. Um Another type of job that is much numerous would be compassionate jobs, jobs that require compassion, empathy. Human touch human trust a I can't do that because ai is cold calculating and um even if it can fake that to some extent um it will make errors and that will make it look very silly and also I think even if they did okay people would want to interact with another person whether it's for some kind of service or a teacher or a doctor or concierge or a masseuse or bartender.",
          "chapter_name": "Job Displacement and Universal Basic Income: AI's Challenge"
        },
        {
          "speaker": "Lex Fridman",
          "speech": "Uh There are so many jobs where people just don't want to interact with a cold robots or software. Um I've had an entrepreneur who built an elderly care robot and they found that the elderly really only use it for customer service and not but not to service the product but they click on customer service and the video of a person comes up and then the person says how come my daughter didn't call me? Let me show you a picture of her grandkids so people yearn for that people people interaction.",
          "chapter_name": "Job Displacement and Universal Basic Income: AI's Challenge"
        }
      ]
    },
    {
      "name": "Revolutionizing Jobs: AI's Impact on Service-Oriented Career",
      "content": [
        {
          "speaker": "Kai-Fu Lee",
          "speech": "So even the robots improved. People just don't want it. And those jobs are going to be increasing because ai will create a lot of value $16 trillion to the world in next 11 years according to P. W. C. And that will give people money to enjoy services, whether it's eating a gourmet meal or tourism and traveling or having concierge services.",
          "chapter_name": "Revolutionizing Jobs: AI's Impact on Service-Oriented Career"
        },
        {
          "speaker": "Lex Fridman",
          "speech": "The services revolving around you know every dollar of that $16 trillion will be tremendous. It will create more opportunities that are to service the people who did well through ai um With with with things. But even at the same time the entire society is very much short in need of many service oriented, compassionate oriented jobs. The best example is probably in healthcare services. There's going to be two million new jobs. Um not counting replacement, just brand new incremental jobs in the next six years in health care services that includes nurses orderly in the hospital elderly care. Um and uh and also at home care particularly lacking and those jobs are not likely to be filled, so there's likely to be a shortage and the reason they're not filled is simply because they don't pay very well and that the social status of these jobs are not very good, so they pay about half as much as a heavy equipment operator, which will be replaced a lot sooner.",
          "chapter_name": "Revolutionizing Jobs: AI's Impact on Service-Oriented Career"
        },
        {
          "speaker": "Lex Fridman",
          "speech": "Um and they pay probably comparably to someone on the assembly line. And if so if we ignoring all the other issues and just think about satisfaction from one's job, someone repetitive lee doing the same manual action and assembly line that can't create a lot of job satisfaction, but someone taking care of a sick person and getting a hug and thank you from that person and the and the family I think is quite satisfying. So if only we could fix the pay for service jobs. There are plenty of jobs uh that requires some training or a lot of training for the people coming off the routine jobs to take. We can easily imagine uh someone who was maybe a cashier at the grocery store as stores become automated learns to become a nurse or a at home care. Uh also do want to point out the blue collar jobs are going to stay around a bit longer, some of them quite a bit longer um you know, a I cannot be told go clean an arbitrary home. That's incredibly hard , arguably is an L. Five level of difficulty.",
          "chapter_name": "Revolutionizing Jobs: AI's Impact on Service-Oriented Career"
        },
        {
          "speaker": "Lex Fridman",
          "speech": "Right? And then a I cannot be a good plumber because plummer is almost like a mini detective that has to figure out where the leak came from. So uh yet a I probably can be an assembly line and um auto mechanic and so on. So one has to study which blue collar jobs are going away and facilitate retraining for the people to go into. The ones that won't go away or maybe even will increase. I mean it is fascinating that it's easier to uh build a world champion chess player than it is to build a mediocre plumber. Right? Yeah. And that goes counter intuitive to a lot of people's understanding of what artificial intelligence is.",
          "chapter_name": "Revolutionizing Jobs: AI's Impact on Service-Oriented Career"
        },
        {
          "speaker": "Kai-Fu Lee",
          "speech": "So it sounds, I mean you're painting a pretty optimistic picture about retraining about the number of jobs and actually the meaningful nature of those jobs once we automate repetitive tasks . So overall, are you optimistic about uh the future where much of the repetitive tasks are automated, that there is a lot of room for humans for the compassionate for the creative input that only humans can provide. I am optimistic if we start to take action if we have no action in the next five years. I think it's going to be hard to deal with the devastating losses that will emerge. So if we start thinking about retraining maybe with the low hanging fruits, explaining to vocational schools why they should train more plumbers than auto mechanics. Maybe starting with some government subsidy for corporations to have more training um positions. We start to explain to people why retraining is important. We start to think about what the future of education , how that needs to be tweaked for the era of ai if we start to make incremental progress and the greater number of people understand, then there's no reason to think we can't deal with this because this technological revolution is arguably similar to what electricity, industrial revolutions and internet brought about. Do you think there's a role for policy for governments to step in to help with policy to create a better world? Absolutely.",
          "chapter_name": "Revolutionizing Jobs: AI's Impact on Service-Oriented Career"
        }
      ]
    },
    {
      "name": "AI Superpowers: Engagement, Trust, and Protocol",
      "content": [
        {
          "speaker": "Lex Fridman",
          "speech": "And I and the governments don't have to believe unemployment will go up and they don't have to believe automation will be this fast to do something. Um revamping vocational school would be one example. Another is if there's a big gap in health care service employment and we know that a country's population is growing older, more longevity living older Because people over 80 require five times as much care as those under 80 then it is a good time to incent training programs for elderly care to find ways to improve the pay, maybe one way would be to offer as part of Medicare or the equivalent program for people over 80 to be entitled to a few hours of elderly care at home, and then that might be reimbursable and that will stimulate um the uh service industry around the policy. Do you have concerns about large entities, whether it's governments or companies controlling the future of AI development in general? So we talked about companies, Do you have a better sense that governments can better represent the interests of the people than companies? Or do you believe companies are better representing the interests of the people? Or is there no easy answer. I don't think it's an easy answer because it's a double edged sword. The companies and governments can provide better services with more access to data and more access to AI , but that also leads to greater power, which can lead to um uncontrollable problems, whether it's monopoly or corruption in the government.",
          "chapter_name": "AI Superpowers: Engagement, Trust, and Protocol"
        },
        {
          "speaker": "Lex Fridman",
          "speech": "So I I think one has to be careful to look at how much data that companies and governments have and um, and some kind of checks and balances would would be helpful. So, again, I come from Russia, uh, there's something called the Cold War. So let me ask a difficult question here, looking at conflict that steven Pinker written a great book that conflict all over the world is decreasing in general. But do you have a sense that having written the book ai superpowers. Do you see a major international conflict potentially arising between major nations, whatever they are with its Russia, china, european nations uh United States or others In the next 10, years around Ai around the digital space cyberspace. Do you worry about that?",
          "chapter_name": "AI Superpowers: Engagement, Trust, and Protocol"
        },
        {
          "speaker": "Lex Fridman",
          "speech": "That is there something is that something we need to think about and uh try to alleviate or prevent? I believe in greater engagement a lot of the worries about more powerful Ai r based on a arms race um metaphor and the when you extrapolate into military kinds of scenarios a I can automate and and and you know autonomous weapons that needs to be controlled somehow and autonomous decision making can lead to not enough time to fix international crisis. So I actually believe a cold war mentality would be very dangerous because should two countries rely on ai to make certain decisions and they don't talk to each other, they do their own scenario planning. Then something could easily go wrong. Um I think engagement interaction some protocols um to avoid inadvertent disasters is actually needed. So it's natural for each country to want to be the best whether it's in nuclear technologies or um ai or bio. But I think it's important to realize if each country has a black box ai and don't talk to each other that probably presents greater challenges to humanity. Uh then if they interacted uh I think there can still be competition but with some degree of protocol for interaction just like when there was a nuclear competition. Um there were some protocol for deterrence among us, Russia and china. And I think that engagement is needed.",
          "chapter_name": "AI Superpowers: Engagement, Trust, and Protocol"
        },
        {
          "speaker": "Lex Fridman",
          "speech": "So of course we're still far from ai presenting that kind of danger. But what I worry the most about is the level of engagement seems to be coming down. The level of distrust seems to be going up especially from the US towards other large countries such as china. And of course, and Russia. Yes. Is there a way to make that better?",
          "chapter_name": "AI Superpowers: Engagement, Trust, and Protocol"
        },
        {
          "speaker": "Lex Fridman",
          "speech": "So that's beautifully put level of engagement and even just basic trust and communication as opposed to uh sort of uh uh you know, making artificial enemies out of particular um out of particular countries. Do you have a you have a sense how we can make it better actionable items that as a society we can take on. I'm not an expert at geopolitics, but I would say that we look pretty foolish as humankind When we are faced with the opportunity to create $16 trillion dollars for for for for human humanity . And um we were yet we're not solving fundamental problems with parts of the world, still in poverty. And for the first time we have the resources to overcome poverty and hunger. We're not using it on that, but we're fueling competition among superpowers and that's a very unfortunate thing if we become utopian for a moment. Imagine a a benevolent world government that has the $16 trillion. Uh and maybe some ai to figure out how to use it to deal with diseases and problems and hate and things like that world would be a lot better off. So what is wrong with the current world? I think the people with more skilled than than I should should think about this.",
          "chapter_name": "AI Superpowers: Engagement, Trust, and Protocol"
        }
      ]
    },
    {
      "name": "Balancing AI Data Privacy: The Delicate Equation",
      "content": [
        {
          "speaker": "Kai-Fu Lee",
          "speech": "And then the geopolitics issue with superpower competition is one side of the issue.",
          "chapter_name": "Balancing AI Data Privacy: The Delicate Equation"
        },
        {
          "speaker": "Lex Fridman",
          "speech": "There's another side which I worry maybe even even even more, which is as the $16 trillion US and China. And a few of the developed other developed countries, the poorer country will get nothing because they don't have technology. Um And uh the wealth disparity and inequality will increase. So a poorer country with large population will not only benefit from the ai boom or other technology booms, but they will have their workers who previously had hoped they could do the china model and do outsource manufacturing or the India model. So they could do the health source um Process or call center while all those jobs are going to be gone in 10 or 15 years. So the the individual citizen may be a net liability. I mean financially speaking to a poorer country and not an asset to claw itself out of poverty.",
          "chapter_name": "Balancing AI Data Privacy: The Delicate Equation"
        },
        {
          "speaker": "Lex Fridman",
          "speech": "So in that kind of situation, these um large countries with with not much tech are going to be facing a downward spiral and it's unclear what could be done. Um and and then when we look back and say there's $16 trillion dollars being created and it's all being kept by us china and other developed countries, it just doesn't feel right. So I hope people who know about geopolitics can find solutions that's beyond my expertise. So different countries that we've talked about have different value systems. If you look at the United States to an almost extreme degree, there is uh an absolute desire for freedom of speech. If you look at a country where I was raised, that desire just amongst the people is not that uh not as elevated as it is uh to basically fundamental level to the essence of what it means to be american, right? And the same is true with china.",
          "chapter_name": "Balancing AI Data Privacy: The Delicate Equation"
        },
        {
          "speaker": "Lex Fridman",
          "speech": "There's different value systems, there is some censorship of internet content that china and Russia and many other countries undertake. Do you see that having effects on innovation, other aspects of some of the tech stuff ai development we talked about and maybe from another angle, do you see that Changing in different ways over the next 10 years, 20 years, 50 years as uh china continues to grow as it does now in the in its tech innovation. Uh there's a common belief that full freedom of speech and expression is correlated with creativity which is correlated with um entrepreneurial success, I think empirically we have seen that is not true and china has been successful. That's not to say the fundamental values are not right or not the best, but it's just that that that perfect correlation isn't, isn't there? It's hard to read the tea leaves on opening up or not in any country. And I've not been very good at that in my past predictions, but I I do believe every country shares some fundamental value. A lot of fundamental values for the long term.",
          "chapter_name": "Balancing AI Data Privacy: The Delicate Equation"
        },
        {
          "speaker": "Lex Fridman",
          "speech": "Uh so you know, china is drafting its privacy policy for individual citizens and they don't look that different from the american or european ones. So people do want to protect their privacy and have the opportunity to express. And I think the fundamental values are there? The question is in the execution and timing how soon or when will that start to open up? So, so as long as each government knows ultimately people want that kind of protection. There should be a plan to move towards that as to when or how. And I'm not an expert on the point of privacy.",
          "chapter_name": "Balancing AI Data Privacy: The Delicate Equation"
        },
        {
          "speaker": "Kai-Fu Lee",
          "speech": "To me, it's really interesting. So ai needs data to create a personalized, awesome experience. I'm just speaking generally in terms of products uh and then we have currently depending on the age and depending on the demographics of who we're talking about. Some people are more or less concerned about the amount of data they hand over . So in your view, how do we get this balance right? That we provide an amazing experience to people that use products you look at facebook uh you know the more facebook knows about you. Yes. It's scary to say the better it can probably uh better experience that could probably create so any of you. How do we get that balance right? Yes. I think a lot of people have a misunderstanding that it's okay and possible to just rip all the data out from a provider and give it back to you so you can deny them access to further data and still enjoy the services we have.",
          "chapter_name": "Balancing AI Data Privacy: The Delicate Equation"
        },
        {
          "speaker": "Lex Fridman",
          "speech": "If we take back all the data, all the services will give us nonsense will no longer be able to use products that function well in terms of you know uh right ranking, right products, right user experience. So so yes I do understand. We don't want to permit misuse of the data from legal policy standpoint. I think there can be severe punishment for those who have uh egregious misuse of the data. That's I think a good first step actually china in this side on this aspect has very strong laws about people who sell or give data to other companies. And and that over the past few years since the that locking came into effect pretty much eradicated the uh illegal distribution sharing of data . Additionally, I think giving um I I think technology is often a very good way to solve technology misuse. So can we come up with new technologies that will let us have our cake and eat it too. People are looking into home um or fick encryption which is letting you keep the data have encrypted and train on encrypted data. Of course we haven't solved that one yet but that kind of direction may be worth pursuing .",
          "chapter_name": "Balancing AI Data Privacy: The Delicate Equation"
        },
        {
          "speaker": "Lex Fridman",
          "speech": "Um Also Federated Learning which would allow one hospital to train on its hospitals patient data fully because they have a license for that.",
          "chapter_name": "Balancing AI Data Privacy: The Delicate Equation"
        }
      ]
    },
    {
      "name": "Balancing Heart and Soul: AI-Driven Data Privacy Solution",
      "content": [
        {
          "speaker": "Lex Fridman",
          "speech": "And then hospitals will then share their models not data but models to create a super ai and that also maybe has some promise. So I would want to encourage us to be open minded and think this think of this as not just the policy binary. Yes. No but letting the technologies to try to find solutions to let us have our cake and either two or have most of our cake and eat most of it too . Finally I think giving each end user a choice is important. And having transparency is important. Also I think that's universal. But the choice you give to the user should not be at a granular level that the user cannot understand. Uh G. D. P. R. Today causes all these pop ups of yes.",
          "chapter_name": "Balancing Heart and Soul: AI-Driven Data Privacy Solution"
        },
        {
          "speaker": "Lex Fridman",
          "speech": "No what you give this site this right to use this part of your data. I don't think any user understands what they're saying yes or no to and I suspect most are just saying yes because they don't understand it. So while G. D. P. R. in its current implementation has lived up to its promise of transparency and user choice. It implemented it in such a way that really didn't deliver the the spirit of G D P R. It fit the letter but not the spirit. So again, I think we need to think about is there a way to fit the spirit of G D P R by using some kind of technology? Can we have a slider that's an ai trying to figure out how much you want to slide between perfect protection, secure security of your personal data versus high degree of convenience with some risks of not having full privacy. Um each users should have some preference and that gives you the user choice, but maybe we should turn the problem on its head and ask can there be an ai algorithm that can customize this because we can understand the slider but we sure cannot understand every pop up questions and I think getting that right requires getting the balance between what we talked about earlier, which is heart and soul versus profit driven decisions and strategy. I think from my perspective, the best way to make a lot of money in the long term is to keep your heart and soul intact. I think getting that slide or right in the short term may feel like you'll be sacrificing profit but in the long term you're beginning user trust and providing a great experience, Do you share that kind of view in general? Yes, absolutely.",
          "chapter_name": "Balancing Heart and Soul: AI-Driven Data Privacy Solution"
        },
        {
          "speaker": "Kai-Fu Lee",
          "speech": "I would. I sure would hope there is a way we can do long term projects that really do the right thing. I think a lot of people who embrace GDP are their hearts in the right place. I think they just need to figure out how to build a solution. I've heard utopians talk about solutions that get me excited, but um, I'm not sure how in the current funding environment they can get started. Right.",
          "chapter_name": "Balancing Heart and Soul: AI-Driven Data Privacy Solution"
        },
        {
          "speaker": "Kai-Fu Lee",
          "speech": "People talk about imagine this um crowd sourced uh data collection that we all trust and then we have these agents that we ask them to ask the trusted agent to uh that agent only, that platform. So I trusted joint platform that that we all believe is trustworthy. That can give us all the uh close loop personal suggestions by the new social network news search engine, new e commerce engine that has access to even more of our data, but not directly but indirectly. So, I think that general concept of um licenses into some trusted engine and finding a way to trust that engine seems like a great idea. But if you think how long it's going to take to implement and tweak and develop it right as well as to collect all the trusts and the data from the people. It's beyond the current cycle of venture capital. All right. So how do you do that is a big question.",
          "chapter_name": "Balancing Heart and Soul: AI-Driven Data Privacy Solution"
        }
      ]
    },
    {
      "name": "The Balancing Act of Life: Prioritizing Love Over Work",
      "content": [
        {
          "speaker": "Lex Fridman",
          "speech": "You've recently had a fight with cancer, stage four lymphoma and a sort of deep personal level, what did it feel like in the darker moments to face your own mortality? Well, I've been a workaholic my whole life and um , I've basically worked 9969 AM to nine PM six days a week roughly. And I didn't really pay a lot of attention to my family, friends, and people who loved me and my life revolved around optimizing for work While my work was not routine, my optimization um, really what made my life um, basically very mechanical process. But I got a lot of highs out of it because of um accomplishments that our thoughts were really important and dear and the highest priority to me. But when I faced mortality and the possible death in a matter of months, I suddenly realized that this really meant nothing to me . That I didn't feel like working for another minute. That if I had six months left in my life, I would spend it all with my loved ones and you know, thanking them, giving them love back and apologizing to them that I lived my life the wrong way.",
          "chapter_name": "The Balancing Act of Life: Prioritizing Love Over Work"
        },
        {
          "speaker": "Lex Fridman",
          "speech": "So, so that moment of reckoning caused me to really rethink that why we exist in this world is something that we might be too much shaped by the society to think that success and accomplishments is why we live. But um, while that can get you uh periodic successes and satisfaction, it's uh really in them facing death, you see what's truly important to you? So as a result of going through them, um , challenges with cancer, I've resolved to live a more balanced lifestyle. I'm now in remission, knock on wood and I'm spending more time with my family. My wife travels with me when my kids need me, I spend more time with them and before I used to prioritize everything around work, when I had a little bit of time, I would dole it out to my family now when my family needs something really needs something, I dropped everything at work and go to them and then in the time remaining, I allocate to work, but One's family is very understanding. It's not like they will take 50 weeks, 50 hours a week from me.",
          "chapter_name": "The Balancing Act of Life: Prioritizing Love Over Work"
        },
        {
          "speaker": "Lex Fridman",
          "speech": "So I'm actually able to still work pretty hard, maybe 10 hours less per week. So I realized the most important thing in my life is really love and the people I love and I give that the highest priority. It isn't the only thing I do, but when that is needed, I put that at the top priority and I feel much better and I feel much more balanced. And I think this also gives a hint as to a life of routine work, a life of pursuit of numbers. While my job was not routine. Uh it wasn't pursuit of numbers, pursuit of, can I make more money?",
          "chapter_name": "The Balancing Act of Life: Prioritizing Love Over Work"
        },
        {
          "speaker": "Lex Fridman",
          "speech": "Can I fund more great companies? Can I raise more money? Can I make sure our vCS ranked higher and higher every year ? This competitive nature of driving for bigger numbers? Uh oh and better numbers became a um endless pursuit of that's mechanical and uh bigger numbers doesn't really didn't make me happier and faced with death, I realized bigger numbers really meant nothing. And what was important is that people who have given their heart and their love to me deserved for me to do the same. So there's deep, profound truth in that that everyone should hear and internalize and that's really powerful for you to say that I have to ask, sort of a difficult question here. So I've competed in sports my whole life. Looking historically, I'd like to challenge some aspect of that a little bit and the point of hard work that it feels that there are certain aspects that is the greatest, the most beautiful aspects of human nature is the ability to become obsessed of becoming extremely passionate to the point where yes, flaws are revealed and just giving",
          "chapter_name": "The Balancing Act of Life: Prioritizing Love Over Work"
        }
      ]
    }
  ]
}