{
  "speakers": [
    "Keoki Jackson",
    "Lex Fridman"
  ],
  "episode_name": "keoki-jackson-lockheed-martin",
  "chapters": [
    {
      "name": "Unlocking the Future: Aerospace Engineering and AI",
      "content": [
        {
          "speaker": "Lex Fridman",
          "speech": "The following is a conversation with Cokie Jackson. He's the Cto of Lockheed martin a company that there's long history has created some of the most incredible engineering marvels human beings have ever built, including planes that fly fast and undetected defense systems that intersect nuclear threats that can take the lives of millions and systems to venture out into space, the moon mars and beyond. And these days more and more artificial intelligence has an assistive role to play in these systems. I've read several books preparation for this conversation is a difficult one because in part, Lockheed martin builds military systems that operate in a complicated world that often does not have easy solutions in the gray area between good and evil . I hope one day this world will rid itself of war in all its forms. But the path to achieving that in a world that does have evil is not obvious. What is obvious is good engineering and artificial intelligence research has a role to play on the side of good Lockheed martin and the rest of our community hard at work at exactly this task. We talk about these and other important topics in this conversation. Also , most certainly both cocaine and I have a passion for space us humans venturing out toward the stars. We talk about this exciting future as well. This is the artificial intelligence podcast.",
          "chapter_name": "Unlocking the Future: Aerospace Engineering and AI"
        },
        {
          "speaker": "Lex Fridman",
          "speech": "If you enjoy it, subscribe on Youtube, give it five stars on itunes supported on patreon are simply connect with me on twitter at lex Friedman spelled F. R. I D. M A N. And now here's my conversation with coke Jackson. I read several books unlocking martin recently, my favorite in particular is by Ben Rich calls Con corks. Personal memoir gets a little edgy at times. But from that I was reminded that The engineers at Lockheed Martin have created some of the most incredible engineering marvels human beings have ever built throughout the century , throughout the 20th century in the 21st. Do you remember a particular project or system and Lockheed or before that, the space shuttle Columbia that you were just in awe at the fact that us humans could create something like this, you know, that's a, that's a great question. There's a lot of things that I could draw on there. When you look at the Skunk works and Ben Rich's book in particular. Of course, it starts off with basically the start of the jet age and the P 80 I had the opportunity to sit next to one of the Apollo astronauts, charlie Duke recently at dinner. And uh, I said, hey, what's your favorite aircraft?",
          "chapter_name": "Unlocking the Future: Aerospace Engineering and AI"
        },
        {
          "speaker": "Keoki Jackson",
          "speech": "And he said , well, it was by far the F 104 Star fighter, which was another aircraft that came out of Lockheed there. What, what it was the first mach two, jet fighter aircraft, they called it, the missile with a man in it. And so those are the kinds of things that I grew up hearing stories about, You know, of course, the SR- 71 is incomparable as uh, you know, kind of the epitome of speed, altitude, and just the coolest looking aircraft ever. So, so there's a context that's a plane that's uh intelligence surveillance and reconnaissance aircraft that was designed to be able to outrun basically go faster than any uh air defense system. But, you know, I'll tell you I'm a space junkie junkie. Uh That's why I came to M. I. T. That's really what took me ultimately to Lockheed Martin.",
          "chapter_name": "Unlocking the Future: Aerospace Engineering and AI"
        }
      ]
    },
    {
      "name": "Lockheed Martin's Space Dream: Human Colonization",
      "content": [
        {
          "speaker": "Keoki Jackson",
          "speech": "And I grew up in. So, Lockheed Martin, for example, has been essentially at the heart of every planetary mission. Like all the Mars missions we've had a part in. And we've talked a lot about the 50th anniversary of Apollo here in the last couple of weeks, right? But uh Remember 1976, July 20 again, the National Space Day. So the landing of the viking, the Viking lander on on the surface of Mars? Just a huge accomplishment . And when I was a young engineer at Lockheed Martin, I got to meet engineers who had designed, you know, various pieces of that mission as well. So that's what I grew up on is these planetary missions, the start of the space shuttle era. And uh ultimately had the opportunity uh to see Lockheed Martin's part and we can maybe talk about some of these here, but Lockheed martin's part in all of these space journeys over the years. Do you dream?",
          "chapter_name": "Lockheed Martin's Space Dream: Human Colonization"
        },
        {
          "speaker": "Keoki Jackson",
          "speech": "And I apologize for getting philosophical at times or sentimental. I do romanticize the notion of space exploration. So do you dream of the day when I was humans colonize another planet like MArs or a man a woman? A human being steps on on MArs. Absolutely. And uh that's a personal dream of mine. I haven't given up yet on my own opportunity to fly into space but but as you know, from the Lockheed Martin perspective this is something that we're working towards every day.",
          "chapter_name": "Lockheed Martin's Space Dream: Human Colonization"
        },
        {
          "speaker": "Keoki Jackson",
          "speech": "And of course, you know, we're building the Orion spacecraft which is the most sophisticated human rated spacecraft ever built. And it's really designed for these deep space journeys starting with the moon. But ultimately going to MArs and being the platform from a design perspective what we call the MArs base camp to be able to take humans to the surface and then after a mission of a couple of weeks bring them back up safely. And so that is something I want to see happen during my time at Lockheed Martin. So I'm pretty excited about that and I think uh you know once we prove that's possible uh colonization might be a little bit further out. But it's something that I'd hoped to see. So maybe you can give a little bit an overview of so Lockheed Martin's partner with uh a few years ago with Boeing to work with the D. O. D. A nasty bill launch systems and rockets with the U. L. A.",
          "chapter_name": "Lockheed Martin's Space Dream: Human Colonization"
        },
        {
          "speaker": "Lex Fridman",
          "speech": "What's beyond that ? What's Lockheed's mission timeline and long term dream in terms of space, you mentioned the moon. I've heard you talk about asteroids as mars. What's the timeline? What's the engineering challenges and what's the dream? Long term? Yeah I think the dream long term is to have a permanent presence in space beyond low earth orbit ultimately with a long term presence on the moon and then to the planets to mars and trying to interrupt. And that's a long term presence means sustained and sustainable presence. And an economy a space economy that really goes alongside with human beings being and being able to launch perhaps from those. So like hop",
          "chapter_name": "Lockheed Martin's Space Dream: Human Colonization"
        },
        {
          "speaker": "Keoki Jackson",
          "speech": "but you know there's a lot of energy that goes in those hops. Right? So uh I think the first step is being able to get there and to be able to establish sustained basis right and uh and build from there. And a lot of that means getting as you know things like the cost of launch down. And you mentioned United Launch alliance and uh so I don't want to speak for you L. A. But obviously they're they're working really hard to uh on their next generation of space of launch vehicles uh you know maintain that incredible mission success record that you Ella has but ultimately continue to drive down the cost and make the flexibility the speed and the access ever greater. So what's the missions that are in the horizon that you could talk to hope to get to the moon? Absolutely , absolutely .",
          "chapter_name": "Lockheed Martin's Space Dream: Human Colonization"
        },
        {
          "speaker": "Keoki Jackson",
          "speech": "I mean, and I think, you know, this uh you may know this, you know, there's a lot of ways to accomplish some of these goals. And so that's a lot of what's in discussion today. But ultimately the goal is to be able to establish a base um essentially insist lunar space that would allow for ready uh transfer from orbit to the lunar surface and back again. And so that's sort of that near term I say near term in the next decade or so. Vision Yeah.",
          "chapter_name": "Lockheed Martin's Space Dream: Human Colonization"
        },
        {
          "speaker": "Keoki Jackson",
          "speech": "Starting off with, you know, a stated objective by this administration to get back to the moon in the 19 or 2024, time frame, which is uh , is right around the corner here. So big of an engineering challenges that uh huh I think the big challenge is not so much to go, but to stay. Right. And so we demonstrated in the 60s that you could send somebody up to a couple of days of mission and bring them home again successfully. Uh Now we're talking about doing that, I'd say more to, don't say an industrial scale, but a sustained scale. Right? So permanent habitation.",
          "chapter_name": "Lockheed Martin's Space Dream: Human Colonization"
        },
        {
          "speaker": "Keoki Jackson",
          "speech": "Uh you know, regular re use of vehicles, the infrastructure to get things like fuel, air, um uh, consumables, replacement parts, all the things that you need to sustain that kind of infrastructure. So those are certainly engineering challenges. There are budgetary challenges uh and uh those are all things that we're going to have to work through, you know, the other thing and I shouldn't I don't want to minimize this. I mean, I'm excited about human exploration, but the reality is our technology and where we've come over the last, you know, 40 years essentially has changed what we can do with robotic exploration as well. And uh you know, to me it's incredibly thrilling. This seems like old news now, but the fact that we have rovers driving around the surface of MArs and sending back data is just incredible. The fact that we have satellites in orbit around mars that are collecting whether, you know, they're looking at the terrain, they're mapping all of these kinds of things on a continuous basis. That's incredible. And the fact that, you know, it's, you got the time lag of course going to the, going to the planets, but you can effectively have virtual human presence there uh in a way that we have never been able to do before.",
          "chapter_name": "Lockheed Martin's Space Dream: Human Colonization"
        }
      ]
    },
    {
      "name": "Human-AI Collaboration: Exploring Space",
      "content": [
        {
          "speaker": "Keoki Jackson",
          "speech": "And now with the advent of even greater processing power, better ai systems, better cognitive systems and decision systems. Um you know, you put that together with the human peace and we really opened up the solar system in a whole different way.",
          "chapter_name": "Human-AI Collaboration: Exploring Space"
        },
        {
          "speaker": "Lex Fridman",
          "speech": "And I'll give you an example, we've got, oh, Cyrus rex, which is a mission to the asteroid, Bennu. So the spacecraft is out there right now and basically a year mapping activity to map the entire surface of that asteroid in great detail. You know, all autonomously piloted. Right with the idea then that this is not too far away, it's going to go in. It's got a sort of a fancy vacuum cleaner with a bucket, it's going to collect the sample off the asteroid and then send it back here to Earth. And so, you know, We have gone from sort of those tentative steps in the 70s , you know, early landings, video of the solar system.",
          "chapter_name": "Human-AI Collaboration: Exploring Space"
        },
        {
          "speaker": "Keoki Jackson",
          "speech": "So now we've sent spacecraft to Pluto. We have gone to comets and brought and and intercepted comments. We've brought Stardust, uh, you know, uh, material back. Uh, so that's uh , we've gone uh, far and there's incredible opportunity to go even farther. So it seems quite crazy that this is even possible. That can you talk a little bit about what it means to orbit an asteroid and with a bucket to try to pick up some soil samples. Yeah.",
          "chapter_name": "Human-AI Collaboration: Exploring Space"
        },
        {
          "speaker": "Lex Fridman",
          "speech": "So part of it is just kind of the, uh, you know, these are the same kinds of techniques we use here on Earth for um, high speed, high speed, high accuracy imagery stitching these scenes together and creating essentially high accuracy world maps. Right. And so that's what we're doing obviously on a much smaller scale with an asteroid. But the other thing that's really interesting, you put together sort of that neat control and data and imagery problem. But the stories around how we design the collection, I mean essentially, you know, this is the sort of the human ingenuity element. Right? That essentially uh you know, had an engineer who had a one day is like well starts messing around with parts, vacuum cleaner bucket. You know, maybe we could do something like this. And that was what led to what we call the pogo stick collection.",
          "chapter_name": "Human-AI Collaboration: Exploring Space"
        },
        {
          "speaker": "Keoki Jackson",
          "speech": "Right. We're basically, I think comes down, it's only there for seconds. Does that collection grabs the essentially blows the regular material into the collection hopper and off it goes, it doesn't really land almost. It's a very short landing, wow, that's incredible. So uh what is uh in those, we talked a little bit more about space? What's the rule of the human in all of this? What are the challenges? What are the opportunities for humans as they pilot these uh these vehicles in space and for humans that may step foot and on either the moon or mars? Yeah, it's a great question because, you know, I just have been extolling the virtues of robotic uh, and uh, you know, rovers, autonomous systems and those absolutely have a role.",
          "chapter_name": "Human-AI Collaboration: Exploring Space"
        },
        {
          "speaker": "Keoki Jackson",
          "speech": "I think the thing that we don't know how to replace today is the ability to adapt on the fly to new information. And I believe that will come, But we're not there yet. There's a ways to go and uh, so, you know, you think back to Apollo 13 and the ingenuity of the folks on the ground and on the spacecraft essentially cobbled together a way to get the carbon dioxide scrubbers to work. Those are the kinds of things that ultimately, Yeah, and I'd say not just from dealing with anomalies, but you know, dealing with new information, you see something and rather than waiting 20 minutes or half an hour an hour to try to get information back and forth, but be able to essentially re vector on the fly, collect different samples, take a different approach, choose different areas to explore. Those are the kinds of things that human presence enables. That still ways ahead of us on the Ai side. Yeah, there's some interesting stuff we'll talk about on the teeming side here on earth , that's uh that's pretty cool to explore in space. Let's not leave the space peace out. So what is teaming?",
          "chapter_name": "Human-AI Collaboration: Exploring Space"
        }
      ]
    },
    {
      "name": "Ai-Human Space Collaboration: Digital Tapestry Vision",
      "content": [
        {
          "speaker": "Keoki Jackson",
          "speech": "What does Ai and humans working together in space look like? Yeah, one of the things we're working on is a system called Maya, which is you think of it, So it's an Ai assistant and uh in space. Exactly. And uh you think of it as the Alexa in space, right? But this goes hand in hand with a lot of other developments and so today's world, everything is essentially model based model based systems engineering to the actual digital tapestry that goes through the design, the bill, the manufacturer, the testing and ultimately the sustainment of these systems.",
          "chapter_name": "Ai-Human Space Collaboration: Digital Tapestry Vision"
        },
        {
          "speaker": "Keoki Jackson",
          "speech": "And so our vision is really that when our astronauts are there around, mars, you're going to have that entire digital library of the spacecraft of its operations, all the test data, all the test data and flight data from previous missions to be able to look and see if there are anomalous conditions until the humans uh and potentially deal with that before it becomes a bad situation and help the astronauts work through those kinds of things. And it's not just uh dealing with problems as they come up, but also offering up opportunities for additional exploration capability, for example. So , so that's the vision is that, you know, these are going to take the best of the human to respond to uh to changing circumstances and rely on the best of ai capabilities to monitor these, you know, this almost infinite number of data points and correlations of data points that humans frankly aren't that good at. How do you develop systems in space like this, whether it's a Alexa in space or in general, any kind of control systems, uh any kind of intelligence systems when you can't really test stuff too much out in space, It's very expensive to test stuff. So how do you develop such systems? Yeah, that's uh that's the beauty of this digital twin if you will uh and of course with Lockheed martin, we've, over the past, you know, five plus decades, been refining our knowledge of the space environment, of how materials behave dynamics, uh, that controls the radiation environments, all of these kinds of things. So we're able to create very sophisticated models are not perfect, but they're they're very good. And so you can actually do a lot. And I spent part of my career, you know, simulating, uh, communications, spacecraft, you know, missile warning , spacecraft, GPS spacecraft in all kinds of scenarios and all kinds of environments. So this is really just taking that to the next level.",
          "chapter_name": "Ai-Human Space Collaboration: Digital Tapestry Vision"
        },
        {
          "speaker": "Keoki Jackson",
          "speech": "The interesting thing is that now you're bringing into that loop a system depending on how it's developed, that maybe non deterministic, it may be learning as it goes. In fact, we anticipate that it will be learning as it goes. And so that brings a whole new level of interest, I guess, into How do you do verification and validation of these non deterministic learning systems in scenarios that may go out of the bounds of the envelope that you have initially designed them to. So I had this system in its intelligence as the same complexity, some of the same complex as a human does. And the it learns over time. It's unpredictable in certain kinds of ways.",
          "chapter_name": "Ai-Human Space Collaboration: Digital Tapestry Vision"
        },
        {
          "speaker": "Keoki Jackson",
          "speech": "And uh, so you still you also have to model that when you're you're thinking about when you're in your thoughts as possible to model the majority of situations, the important aspects of situations here on earth and in space. Enough to test stuff. Yeah, that's this is really an active area of research and we're actually funding university research in a variety of places including MIT this is in the realm of trust and verification and validation of I'd say autonomous systems in general. And then as a subset of that autonomous systems that incorporate artificial intelligence capabilities. And this is a this is not an easy problem. We're working with startup companies , we've got internal R and D but our conviction is that autonomy and more and more Ai enabled autonomy is going to be in everything that Lockheed martin develops and fields and it's going to be retrofitted. It, autonomy and AI are gonna be retrofit into existing systems. They're going to be part of the design for all of our future systems. And so maybe I should take a step back and say the way we define autonomy.",
          "chapter_name": "Ai-Human Space Collaboration: Digital Tapestry Vision"
        }
      ]
    },
    {
      "name": "Autonomy, Safety, and Culture: Navigating the Complexity of AI-driven Systems",
      "content": [
        {
          "speaker": "Lex Fridman",
          "speech": "So we talk about autonomy essentially uh system that composes select and then executes decisions with varying levels of human intervention. And so you could think of no autonomy. So this is essentially the human doing the task. You can think of um effectively partial autonomy where the human is in the loop. Uh so making decisions uh in every case about what the autonomous system can do either in the cockpit or remotely or remotely. Exactly. But still in that control loop. And then there's what you call supervisory autonomy.",
          "chapter_name": "Autonomy, Safety, and Culture: Navigating the Complexity of AI-driven Systems"
        },
        {
          "speaker": "Keoki Jackson",
          "speech": "The autonomous system is doing most of the work, the human can intervene to stop it or to change the direction and then ultimately fall full autonomy where the human is off the loop altogether. And for different types of missions want to have different levels of autonomy. So now take that spectrum and this conviction that autonomy and more and more ai are in everything that we develop uh, the kinds of things that Lockheed martin does, you know, a lot of times our safety of life, critical kinds of missions you think about aircraft for example. Um, and so we require, and our customers require an extremely high level of confidence, uh, one that we're going to protect life to that we're going to, that these systems will behave in ways that their operators can understand. And so this gets into that whole field. Again, being able to verify and validate uh, that the systems have been that they will operate the way they're designed and the way they're expected and furthermore that they will do that in ways that can be explained and understood. And that is an extremely difficult challenge.",
          "chapter_name": "Autonomy, Safety, and Culture: Navigating the Complexity of AI-driven Systems"
        },
        {
          "speaker": "Keoki Jackson",
          "speech": "Yes. So here's a difficult question. I don't mean to uh, uh, bring this up, but I think it's a good case study that people are familiar with Boeing 7 37 max commercial airplane has had two recent crashes where their flight control software system failed and its software. So I don't mean to speak about Boeing. But broadly speaking, we have this in the autonomous vehicle space to semi autonomous when you have millions of lines of code software making decisions. There is a little bit of a clash of cultures because software engineers don't have the same culture of safety often, uh, that people who build systems like at Lockheed martin, uh, do where it has to be exceptionally safe. You have to test this on.",
          "chapter_name": "Autonomy, Safety, and Culture: Navigating the Complexity of AI-driven Systems"
        },
        {
          "speaker": "Keoki Jackson",
          "speech": "So how do we get this right, when software is making so many decisions? Yeah. And this, uh, there's a lot of things that have to happen. And by and large, I think it starts with the culture, which is not necessarily something that a is taught in school or be is something that would come, you know, depending on what kind of software you're developing. It may not be relevant, right. If you're targeting ads or something like that. So, uh, and by and large, say not just Lockheed martin, but certainly the aerospace industry as a whole has developed a culture that does focus on safety, safety of life, operational safety, mission success.",
          "chapter_name": "Autonomy, Safety, and Culture: Navigating the Complexity of AI-driven Systems"
        },
        {
          "speaker": "Keoki Jackson",
          "speech": "Um, but as you note, these systems have gotten incredibly complex. And so they're to the point where it's almost impossible, You know, state space has become so huge that it's impossible to be very difficult to do a systematic verification across the entire set of potential ways that an aircraft could be flown, all the conditions that could happen, all the potential failure failure scenarios. Now, maybe that's soluble one day, maybe when we have our quantum computers at our fingertips will be able to actually simulate across an entire, you know, almost infinite state space. But today , uh, you know, there's a there's a lot of work to to really try to bound the system to understand, to make sure that it behaves in predictable ways and then have this culture of continuous inquiry and skepticism and questioning to say, did we really consider the right realm of possibilities? Have we done the right range of testing? Do we really understand in this case? Human and machine interactions, the human decision process alongside the machine processes. And so that's that culture that we call it the culture of mission success at Lockheed martin that really needs to be established. And it's not something, you know, it's something that people learn by living in it and it's something that has to be promulgated. Uh, you know , and it's done, you know, from the highest levels. Had a company of Lockheed martin.",
          "chapter_name": "Autonomy, Safety, and Culture: Navigating the Complexity of AI-driven Systems"
        }
      ]
    },
    {
      "name": "Mission Success: Lessons from Boeing 737 Max Crashes",
      "content": [
        {
          "speaker": "Keoki Jackson",
          "speech": "Like Lockheed martin. Yeah. And the same as being faced certain vehicle companies where that culture is not there because it started mostly by software engineers. So that's what they're struggling with. Is there lessons that you think we should learn as an industry in a society from the Boeing 737 Max crashes. These crashes obviously are their tremendous tragedies there tragedies for all of the people, the crew, the families, the passengers, the people on the ground involved. Um, and, you know, it's also a huge business and economic setback as well.",
          "chapter_name": "Mission Success: Lessons from Boeing 737 Max Crashes"
        },
        {
          "speaker": "Keoki Jackson",
          "speech": "I mean, you know, we've seen dad's impacting essentially the trade balance of the U. S. So these are these are important questions and these are the kinds of, you know, we've seen similar kinds of questioning at times. You go back to the Challenger accident and it is, I think, always important to remind ourselves that humans are fallible, that the systems we create as perfect as we strive to make them. We can always make them better. And so another element of that culture of mission success is really that commitment to continuous improvement. If there's something that goes wrong, a real commitment to root cause uh true root cause understanding to taking the corrective actions and to making the system the future systems better. And certainly we want to, we strive for, you know, you know, accidents, uh, and if you look at the record of the commercial airline industry as a whole, in the commercial aircraft industry as a whole, you know , there's a very nice decaying exponential two years now where we have no commercial aircraft accidents at all are fatal accidents at all. So that didn't happen by accident.",
          "chapter_name": "Mission Success: Lessons from Boeing 737 Max Crashes"
        },
        {
          "speaker": "Keoki Jackson",
          "speech": "Uh, It was through the regulatory agencies, f a a the airframe manufacturers really working on a system to identify root causes and drive them out. So maybe we can take a step back and many people are familiar but lock key martin broadly, what kind of categories of systems are you involved in building? Lockheed martin? We think of ourselves as a company that solves hard mission problems and the output of that might be an airplane or spacecraft or a helicopter or radar or something like that. But ultimately we're driven by these, you know, like what is our customer , what is that mission that they need to achieve? And so that's what drove the S. R. 71.",
          "chapter_name": "Mission Success: Lessons from Boeing 737 Max Crashes"
        },
        {
          "speaker": "Keoki Jackson",
          "speech": "Right. How do you get pictures of a place Where you've got sophisticated air defense systems that are capable of handling any aircraft that was out there at the time. Right. So that, you know, that's what you'll do in s . r. 70 one, build a nice flying camera exactly. And make sure it gets out and it gets back and that led ultimately to really the start of the space program in the US as well.",
          "chapter_name": "Mission Success: Lessons from Boeing 737 Max Crashes"
        },
        {
          "speaker": "Lex Fridman",
          "speech": "Um, so now take a step back to Lockheed MArtin of today and we are, you know, on the order of 100 and five years old. Now between Lockheed and MArtin, the two big heritage companies of course were made up with a whole bunch of other companies that came in as well. General dynamics, you know, kind of go down the list today, we're, you can think of US in this space of solving mission problems. So obviously on the aircraft side, uh tactical aircraft building the most advanced fighter aircraft that the world has ever seen. You know we're up to now. Several 100 of those delivered building almost 100 a year.",
          "chapter_name": "Mission Success: Lessons from Boeing 737 Max Crashes"
        },
        {
          "speaker": "Keoki Jackson",
          "speech": "And uh of course working on the things that come after that on the space side we are engaged in pretty much every venue of space utilization and exploration you can imagine. So I mentioned things like navigation, timing, GPS , communication satellites, missile warning satellites. We've built commercial surveillance satellites, we've built commercial communications satellites, We do civil space. So everything from human exploration to the robotic exploration of the outer planets um and keep keep going on the space front. But you know a couple of other areas I'd like to put out um were heavily engaged in building critical defensive systems. And so a couple that I'll mention the Aegis combat system. This is basically the integrated air and missile defense system for the U. S. And allied fleets.",
          "chapter_name": "Mission Success: Lessons from Boeing 737 Max Crashes"
        },
        {
          "speaker": "Keoki Jackson",
          "speech": "And so protects you know, carrier strike groups for example from incoming ballistic missile threats, aircraft threats, cruise missile threats and kind of go down the list of the carriers. The fleet itself is the thing that is being protected. The carriers aren't serving as a protection for something else. Well that's that's a little bit of a different application. We've actually built a version called Aegis ashore which is now deployed in a couple of places around the world. So that same technology basically can be used to protect either an ocean going fleet or a land based activity. Another one.",
          "chapter_name": "Mission Success: Lessons from Boeing 737 Max Crashes"
        }
      ]
    },
    {
      "name": "Innovation & Engineering Milestones: Lockheed Martin's Skunk Work",
      "content": [
        {
          "speaker": "Lex Fridman",
          "speech": "The third program, so sad that this is the theater, high altitude area defense. This is to protect, you know, relatively broad areas against sophisticated uh ballistic missile threats. And so now, you know, it's deployed uh with a lot of US capabilities. And now we have international customers that are looking to buy that capability as well. And so these are systems that defend not just defend militaries and military capabilities but defend population areas. Um we saw, you know, maybe the first public use of these back in the in the first gulf war with the patriot systems.",
          "chapter_name": "Innovation & Engineering Milestones: Lockheed Martin's Skunk Work"
        },
        {
          "speaker": "Keoki Jackson",
          "speech": "And these are these are the kinds of things that Lockheed martin delivers. Um and there's a lot of stuff that goes with it. So think about the radar systems and the sensing systems that q these the command and control systems that decide how you pair a weapon against an incoming threat and then all the human machine interfaces to make sure that it can be operated successfully and very strenuous environments. Yeah, there's uh there's some incredible engineering uh that at every front, like like you said, so maybe if we just take a look at Lockheed history broadly, maybe even looking at Skunk works. What are the biggest, most impressive milestones of innovation? So if you look at stealth, I would have called you crazy if you said that's possible at the time uh and supersonic and hypersonic.",
          "chapter_name": "Innovation & Engineering Milestones: Lockheed Martin's Skunk Work"
        },
        {
          "speaker": "Keoki Jackson",
          "speech": "So traveling at first of all, traveling at the speed of sound is pretty damn fast. And the supersonic and hypersonic 3, 4 or five times the speed of sound that seems . I would also call you crazy if you say you can do that. So can you tell me how it's possible to do these kinds of things? And is there other milestones and innovation that's going on? You can talk about, Well, let me start, you know, on the skunk works Saga.",
          "chapter_name": "Innovation & Engineering Milestones: Lockheed Martin's Skunk Work"
        },
        {
          "speaker": "Keoki Jackson",
          "speech": "And you kind of alluded to it in the beginning and skunk works is as much idea as a place. And so it's driven really by Kelly, Johnson's 14 principles and I'm not going to list off 14 of them off. But the idea and this I'm sure will resonate with any engineer who's worked on a highly motivated small team before the idea that if you can essentially have a small team of very capable capable people who want to work on really hard problems, you can do almost anything, especially if you kind of shield them from bureaucratic influences. If you create very tight relationships with your customers. So that you have that team and shared vision with the customer. Those are the kinds of things that enable the Skunk works to do these incredible things. And uh , you know, we listed off a number that you brought up stealth.",
          "chapter_name": "Innovation & Engineering Milestones: Lockheed Martin's Skunk Work"
        },
        {
          "speaker": "Keoki Jackson",
          "speech": "And I mean, this, this whole, you know, I wish I could've seen Ben Rich with a ball bearing, you know, rolling it across the desk to a general officer and saying would you like to have an aircraft that has the radar cross section of this ball bearing? Probably one of the , you know, the least expensive and most effective marketing campaigns in the history of the industry. So just for people to not familiar, I mean the way you detect aircraft.",
          "chapter_name": "Innovation & Engineering Milestones: Lockheed Martin's Skunk Work"
        }
      ]
    },
    {
      "name": "Hypersonic Threats and Defense Innovations",
      "content": [
        {
          "speaker": "Keoki Jackson",
          "speech": "So I mean I'm sure there's a lot of ways, but radar for the longest time, there's a big blob that appears in the radar. How do you make a plane disappear? So it looks as big as a ball bearing. What's involved in technology wise there, what's uh broadly sort of the stuff you can speak about.",
          "chapter_name": "Hypersonic Threats and Defense Innovations"
        },
        {
          "speaker": "Lex Fridman",
          "speech": "They'll stick to what's in Ben Rich's book, but obviously the geometry of how radar gets reflected and the kinds of materials that either reflect or absorb or some kind of a couple of the critical elements there. Um and it's a cat and mouse game. Right? I mean, you know, radars get better stealth capabilities get better. And so it's a it's a really uh game of continuous improvement and innovation there . I'll leave it at that. Yeah . So the idea that something is essentially invisible Is quite fascinating, but the other one is flying fast.",
          "chapter_name": "Hypersonic Threats and Defense Innovations"
        },
        {
          "speaker": "Keoki Jackson",
          "speech": "The speed of sound is 750, mph. Uh, so supersonic is three, you know Mach three, something like that. When we talk about the supersonic obviously and we kind of talked about that is that realm from Mach one up through about Mach five and then hypersonic so you know Hi Supersonic Speeds would be passed Mach five. And you gotta remember Lockheed martin and actually other companies have been involved in hypersonic development since the late sixties.",
          "chapter_name": "Hypersonic Threats and Defense Innovations"
        },
        {
          "speaker": "Keoki Jackson",
          "speech": "Um You know you think of everything from the X 15 to the space shuttle as examples of that. I think the difference now is uh if you look around the world particularly the threat environment that we're in today you're starting to see you know publicly uh folks like the Russians and the chinese um saying they have hypersonic weapons capability that could threaten uh U. S. And allied capabilities. And also basically you know the claims are these could get around defensive systems that are out there today And so there's a real sense of urgency. You hear it from folks like the undersecretary of defense for research and engineering. Dr mike Griffin and others in the Department of Defense that hypersonic is uh is something that's really important to the nation in terms of both parody but also defensive capabilities. And so that's something that we're pleased.",
          "chapter_name": "Hypersonic Threats and Defense Innovations"
        },
        {
          "speaker": "Keoki Jackson",
          "speech": "It's something Lockheed martin's had a heritage in. We've invested R. And D. Dollars on our side for many years. And uh we have a number of things going on with various us government customers in that field today that we're very excited about. So I would anticipate we'll be hearing more about that in the future from our customers. And I actually haven't read much about this. Probably you can't talk about much of it at all. But on the defensive side is a fascinating problem of perception of trying to detect things that are really hard to see.",
          "chapter_name": "Hypersonic Threats and Defense Innovations"
        },
        {
          "speaker": "Keoki Jackson",
          "speech": "Can you comment on how hard that problem is and uh how how hard is it to stay ahead? Uh even if we're going back a few decades, stay ahead of the competition? Well, maybe maybe I again you got to think of these is ongoing capability development. And uh so think back to the early days of missile defense. So this would be in the eighties the S. D. I. Program. And in that time frame we proved Lockheed martin proved that you could hit a bullet with a bullet essentially.",
          "chapter_name": "Hypersonic Threats and Defense Innovations"
        },
        {
          "speaker": "Keoki Jackson",
          "speech": "And uh which is something that had never been done before to take out an incoming ballistic missile. And so that's led to these incredible hit. To kill kinds of capabilities. Pack three. Um that's the Patriot advanced capability uh model three. That Lockheed martin builds the thaad system that I that I talked about.",
          "chapter_name": "Hypersonic Threats and Defense Innovations"
        },
        {
          "speaker": "Lex Fridman",
          "speech": "Um so now hypersonic uh you know, they're different from ballistic systems. And so we got to take the next step in defensive capability . I can I'll leave that there. But I can only imagine. No let me just comment sort of as an engineer . It's sad to know that so much that locket is done in the past is classified or today, you know",
          "chapter_name": "Hypersonic Threats and Defense Innovations"
        },
        {
          "speaker": "Keoki Jackson",
          "speech": "and it's shrouded in secrecy. It has to be by the nature of the application. So like what I do so what we do here at M. I. T. Would like to inspire young engineers, young scientists and yet in the lucky case some of that engineer has to stay quiet. How do you think about that?",
          "chapter_name": "Hypersonic Threats and Defense Innovations"
        }
      ]
    },
    {
      "name": "Inspiring Future Tech: F-35, Autonomy, and Mission Inspiration",
      "content": [
        {
          "speaker": "Keoki Jackson",
          "speech": "How does that make you feel? Is there a future where more can be shown? Or is it just the nature the nature of this world that it has to remain secret? It's a good question. I think the public can see enough of and including students who may be in grade school, high school college today.",
          "chapter_name": "Inspiring Future Tech: F-35, Autonomy, and Mission Inspiration"
        },
        {
          "speaker": "Keoki Jackson",
          "speech": "Uh to understand the kinds of really hard problems that we work on And I mean look at the F- 35, right? And uh you know obviously a lot of the detailed performance levels are are sensitive and control. But you know we can talk about what an incredible aircraft this is. You know, supersonic, super cruise kind of a fighter, a a you know stealth capabilities, its a flying information, you know, system in the sky with data fusion sensor fusion capabilities that have never been seen before. So these are the kinds of things that I believe, you know that these are kinds of things that got me excited when I was a student. I think these still inspire students today. And the other thing and say, I mean, you know , people are inspired by space, people are inspired by aircraft. Our employees are also inspired by that sense of mission and I'll just give you an example. I had the privilege to work and and lead our GPS programs for some time.",
          "chapter_name": "Inspiring Future Tech: F-35, Autonomy, and Mission Inspiration"
        },
        {
          "speaker": "Keoki Jackson",
          "speech": "And uh that was a case where you actually worked on a program that touches billions of people every day. And so when I said, I worked on GPS, everybody knew what I was talking about, even though they didn't maybe appreciate the technical challenges that went into that. But I'll tell you got a briefing one time from a major in the Air force and he said, I I go by call sign Gimp Gps is my passion. I love GPS and he was involved in the operational test of the system. He said, I went, I was out um in Iraq and I was on a helicopter, uh Black hawk helicopter um uh it was bringing back, you know sergeant and a handful of troops from a deployed location. And uh you know, he said my job is GPS. So I asked that sergeant, he's you know beaten down and kind of half asleep.",
          "chapter_name": "Inspiring Future Tech: F-35, Autonomy, and Mission Inspiration"
        },
        {
          "speaker": "Keoki Jackson",
          "speech": "And I said, what do you think about GPS? And he brightened up, his eyes lit up and he said, well, GPS that brings me and my troops home every day. I love GPS. And that's the kind of story where it's like, okay, I'm really making a difference here in the kind of work. So that that mission piece is really important. The last thing I'll say is, and this gets to some of these questions around advanced technologies.",
          "chapter_name": "Inspiring Future Tech: F-35, Autonomy, and Mission Inspiration"
        },
        {
          "speaker": "Keoki Jackson",
          "speech": "It's not, you know, they're not just airplanes and spacecraft anymore for people who are excited about advanced software capabilities, about ai about bringing machine. These are the uh, these are the things that we're doing to exponentially increase the mission capabilities that go on those platforms and those are the kinds of things I think are more and more visible to the public. Yeah, I think autonomy especially in flight is super exciting . Do you, do you see if a day here we go back into philosophy, uh, future when most fighter jets uh will be highly autonomous to a degree where a human doesn't need to be in the cockpit in almost all cases Well, I mean, that's a world that to a certain extent we're in today now, these are remotely piloted aircraft to be sure, but but we have hundreds of thousands of flight hours a year now, And remotely piloted aircraft. And then if you take the F- 35, uh there, I mean, there are huge layers, I guess in levels of autonomy built into that aircraft so that the pilot is essentially more of a mission manager rather than doing the data, you know, the the 2nd 2nd elements of flying the aircraft. So in some ways it's the easiest aircraft in the world to fly. And kind of a funny story on that.",
          "chapter_name": "Inspiring Future Tech: F-35, Autonomy, and Mission Inspiration"
        },
        {
          "speaker": "Keoki Jackson",
          "speech": "So I don't know if you know how aircraft carrier landings work. But basically, uh, there's what's called a tail hook and it catches wires on the deck of the carrier and that's what brings the aircraft to a screeching halt. Right?",
          "chapter_name": "Inspiring Future Tech: F-35, Autonomy, and Mission Inspiration"
        }
      ]
    },
    {
      "name": "Autonomous Flight Safety: Human-Machine Teaming & Lifesaving Autonomy",
      "content": [
        {
          "speaker": "Keoki Jackson",
          "speech": "And there's typically three of these wires. So if you miss the first, the second one, you catch the next one . Right. And uh, we got a little criticism. I don't know how true this story is, but we got a little criticism. The F- 35 is so perfect.",
          "chapter_name": "Autonomous Flight Safety: Human-Machine Teaming & Lifesaving Autonomy"
        },
        {
          "speaker": "Keoki Jackson",
          "speech": "It always gets the second wire. So we're wearing out the wire because it always hits that one. So that, but that's the kind of autonomy that just makes these essentially up levels what the human is doing to more of that mission manager. So much of That landing by the F- 35 is autonomous. Well, it's just, you know, the control systems are such that you really have dialed out the variability, um, that comes with all the environmental conditions. So my point is, to certain extent that world is here today. Do I think that we're going to see a day anytime soon when there are no humans in the cockpit.",
          "chapter_name": "Autonomous Flight Safety: Human-Machine Teaming & Lifesaving Autonomy"
        },
        {
          "speaker": "Keoki Jackson",
          "speech": "I don't believe that, but I do think we're going to see much more human machine teaming and we're going to see that much more at the tactical edge. And we did a demo, you asked about what the skunk works is doing these days. And so this is something I can talk about. But we did a demo with the Air Force research laboratory or laboratory. We called it half raider. And so using an F 16 as an autonomous wingman and we demonstrated all kinds of maneuvers and various mission scenarios with the autonomous F 16 being that so called loyal or trusted wingman . And so those are the kinds of things that, you know, we've shown what is possible. Now, given that you've up leveled that pilot to be a mission manager now they can control multiple other aircraft thinking almost as extensions of your own aircraft flying alongside with you. So that's that's another example of how this is really coming to fruition. And then uh yeah, I mentioned the landings, but think about just the implications for humans and flight safety.",
          "chapter_name": "Autonomous Flight Safety: Human-Machine Teaming & Lifesaving Autonomy"
        },
        {
          "speaker": "Lex Fridman",
          "speech": "And this goes a little bit back to the discussion we were having about how do you continuously improve the level of safety through automation while working through the complexities that automation introduces. So one of the challenges that you have in high performance fighter aircraft is what's called G lock. So this is G induced loss of consciousness. So you pull nine Gs, you're wearing a pressure suit that's not enough to keep the blood going to your brain blackout . And of course that's bad if you happen to be flying low, you know, near the deck and uh you know, an obstacle or terrain environment. And so we developed the system at our aeronautics division called Auto G. Casso autonomous ground collision avoidance system.",
          "chapter_name": "Autonomous Flight Safety: Human-Machine Teaming & Lifesaving Autonomy"
        },
        {
          "speaker": "Keoki Jackson",
          "speech": "And uh we built that into the F 16. It's actually saved seven aircraft, eight pilots already and the relatively short time it's been deployed, it was so successful that the Air Force said, hey we need to have this in the F 35 right away . So we've actually gone done testing of that now in the F 35. Um and we've also integrated and autonomous air collision avoidance systems. So I think the air to air problem. So now it's the integrated collision avoidance system, but these are the kinds of capabilities , you know, I wouldn't call him a I I mean they're very sophisticated models of the aircraft dynamics coupled with the terrain models to be able to predict when essentially the pilot is doing something that is going to take the aircraft into or the pilots not doing something in this case.",
          "chapter_name": "Autonomous Flight Safety: Human-Machine Teaming & Lifesaving Autonomy"
        },
        {
          "speaker": "Keoki Jackson",
          "speech": "But does it just gives you an example of how autonomy can be really a lifesaver in today's world, it's like autonomous, emergency, automated emergency breaking in cars. But is there any exploration of perception of, for example, detecting G lock that the pilot has is out. So as opposed to perceiving the external environment to infer that the pilot is out but actually perceiving the pilot directly. Yeah, this is one of those cases where you'd like to not take action if you think the pilots there and it's almost like systems that try to detect if a driver is falling asleep on the road right, with limited success. Uh So uh I mean this is what I call the system of last resort, right?",
          "chapter_name": "Autonomous Flight Safety: Human-Machine Teaming & Lifesaving Autonomy"
        }
      ]
    },
    {
      "name": "AI Arms Race: Military Applications and Decision Making Capabilitie",
      "content": [
        {
          "speaker": "Keoki Jackson",
          "speech": "Where if the aircraft has determined that it's going into the terrain, get it out of there and uh and this is not something that we're just doing in the in the aircraft world. I wanted to highlight, we have a technology we call Matrix, but this is developed at Sikorsky innovations.",
          "chapter_name": "AI Arms Race: Military Applications and Decision Making Capabilitie"
        },
        {
          "speaker": "Keoki Jackson",
          "speech": "The whole idea there is what we call optimal piloting, so not optional piloting or unpiloted, but optimal piloting. So an FAA certified system, so you have a high degree of confidence, it's generally pretty deterministic. So if we know that it will do in different situations but effectively be able to fly a mission with two pilots, one pilot, no pilots and uh and have , you can think of it almost as like a dial of the level of autonomy that you want but able, so it's running in the background at all times and able to pick up tasks, whether it's , you know, sort of autopilot kinds of tasks or or More uh sophisticated path planning, kinds of activities to be able to do things like for example, land on an oil rig in the North Sea and Bad Weather, 00 conditions. And you can imagine of course there's a lot of military utility to capability like that. You could have an aircraft that you want to send out for a crewed mission. But then in the at night, if you want to use it to deliver supplies and an unmanned mode that that could be done as well. And so there's there's there's clear advantages there.",
          "chapter_name": "AI Arms Race: Military Applications and Decision Making Capabilitie"
        },
        {
          "speaker": "Keoki Jackson",
          "speech": "But think about on the commercial side , you know, if you're an aircraft taken, you're going to fly out to this oil rig. If you get out there and you can't land, then you gotta bring all those people back, reschedule another flight, pay the overtime for the crew that you just brought back because they didn't get where they're going to pay for the overtime for the folks that are out there around the oil rig. This is real economic, you know, these are dollars and cents kinds of advantages that we're bringing in the commercial world as well. So this is a difficult question from the eye space that I would love it if we're able to comment. So a lot of this autonomy and ai you've mentioned just now has this empowering effect. One is the last resort it keeps you safe.",
          "chapter_name": "AI Arms Race: Military Applications and Decision Making Capabilitie"
        },
        {
          "speaker": "Keoki Jackson",
          "speech": "The other is there's uh with the teeming and in general um assistive assist of Ai and I think there's a, there's always a race. So the world is full of the world is complex, is full of bad actors. So there's there's often a race to make sure that we keep this uh this country safe. Right? But with ai there is a concern that's a slightly different race. There's a lot of people in the eye space, they're concerned about the Ai arms race that as opposed to the United States becoming, you know, having the best technology and therefore keeping us safe, we even we lose ability to keep control of it. So this uh the ai arms race getting away from all of us humans. So do you share this worry? Do you share this concern when we're talking about military applications that too much control and decision making capabilities giving to software or ai I don't see it happening today. And in fact this is something from a policy perspective, it's obviously a very dynamic space, but the Department of Defense has put quite a bit of thought into that.",
          "chapter_name": "AI Arms Race: Military Applications and Decision Making Capabilitie"
        },
        {
          "speaker": "Keoki Jackson",
          "speech": "And maybe before talking about the policy, I'll just talk about some of the y and you alluded to it being a sort of a complicated and a little bit scary world out there. But there's some big things happening today, you hear a lot of talk now about a return to great powers competition, particularly around china and Russia with the U. S. But there are some other big players out there as well and what we've seen is uh the deployment of some very uh I'd say concerning new weapons systems particularly with Russia and breaching some of the I. R. B. M. Intermediate range ballistic missile treaties. That's been in the news a lot. Um you know the building of islands, artificial islands in the south china sea by the chinese and then arming uh those islands, um the annexation of Crimea by Russia, the invasion of Ukraine. So there's there's some pretty scary things. And then you add on top of that, the north korean threat has certainly not gone away. There's a lot going on in the Middle East with Iran in particular. And uh we see this global terrorism threat has not abated. Right?",
          "chapter_name": "AI Arms Race: Military Applications and Decision Making Capabilitie"
        },
        {
          "speaker": "Lex Fridman",
          "speech": "So there are a lot of reasons to look for technology to assist with those problems whether it's a I or other technologies like hypersonic, which was which we discussed. So now let me give just a couple of hypotheticals, so people react sort of in the second time frame, right? You know, you're photon hitting your eye to you know, movement is you know, on the order of a few 10th of a second kinds of uh of processing times roughly speaking, you know computers are operating in the nanosecond timescale. Right? So just to bring home what that means a nanosecond to a second Is like a 2nd to 32 years.",
          "chapter_name": "AI Arms Race: Military Applications and Decision Making Capabilitie"
        }
      ]
    },
    {
      "name": "AI and Autonomy in Military Applications",
      "content": [
        {
          "speaker": "Keoki Jackson",
          "speech": "So seconds on the battlefield in that sense literally our lifetimes. And so if you can bring an autonomous or ai enabled capability that will enable the human to shrink maybe you've heard the term the Guadalupe.",
          "chapter_name": "AI and Autonomy in Military Applications"
        },
        {
          "speaker": "Keoki Jackson",
          "speech": "So this whole idea that a typical battlefield decision is characteristic by observe. So information comes in orient. How does that, what does that mean in the context, decide what do I do about it and then act, take that action if you can use these capabilities to compress that Oda loop to stay inside what your adversary is doing. That's an incredible um uh powerful force on the battlefield. That's a really nice way to put it at the role of AI and computing in general has a lot to benefit from just decreasing from 32 years to one second as opposed to on the scale of seconds and minutes and hours making decisions that humans are better at. It actually goes the other way too.",
          "chapter_name": "AI and Autonomy in Military Applications"
        },
        {
          "speaker": "Keoki Jackson",
          "speech": "So that's on the short time scale. So humans kind of work in the, you know, one second, two seconds to eight hours after eight hours you get tired. You know, you gotta go the bathroom, whatever the case might be. So there's this whole range of other things. Think about um, you know , surveillance uh, and guarding facilities, Think about moving material, logistics, sustainment, A lot of these, what they call dull, dirty and dangerous things that you need to have sustained activity, but it's sort of beyond the length of time that a human can practically do as well. So there's this this range of things that are critical in military and defense applications that ai and autonomy are particularly well suited to. Now.",
          "chapter_name": "AI and Autonomy in Military Applications"
        },
        {
          "speaker": "Keoki Jackson",
          "speech": "The interesting question that you brought up is okay how do you make sure that stays within human control and that so that was the context for now the policy and so there is a D. O. D. Directive called 3000 dot oh nine because that's the way we name stuff in this world. And uh but you know and I'd say it's it's well worth reading. It's only a couple of pages long but it makes some key points and it's really around you know making sure that there's human agency and control over uh use of semi autonomous and autonomous weapons systems.",
          "chapter_name": "AI and Autonomy in Military Applications"
        },
        {
          "speaker": "Keoki Jackson",
          "speech": "Um making sure that these systems are tested, verified and evaluated in realistic real world type scenarios. Making sure that the people are actually trained on how to use them. Making sure the systems have human machine interfaces that can show what state they're in and what kinds of decisions they're making. Making sure that you established doctrine and tactics and techniques and procedures for the use of these kinds of systems . And so and by the way I mean none of this is easy but I'm just trying to lay kind of the picture of how the U. S. Has said this is the way we're going to treat Ai and autonomous systems that it's not a free for all and like there are rules of war and rules of engagement with other kinds of systems. Think chemical weapons, biological weapons. We need to think about the same sorts of implications.",
          "chapter_name": "AI and Autonomy in Military Applications"
        },
        {
          "speaker": "Keoki Jackson",
          "speech": "And this is something that's really important for Lockheed Martin. Obviously we are 100% complying with our customer and the and the policies and regulations. But I mean a i is an incredible enabler say within the walls of Lockheed martin in terms of improving production efficiency, doing helping engineers doing generative design, improving logistics uh driving down energy costs. I mean there's so many applications but we're you know we were also very interested in some of the elements of ethical application, you know within Lockheed martin? So we need to make sure that things like privacy is uh is taking care of that. We do everything we can to drive out bias in ai enabled kinds of systems that we make sure that humans are involved in decisions that were not just delegating accountability to algorithms. And so it for us, you know it all comes back, I talked about culture before and it comes back to sort of the Lockheed martin culture and our core values.",
          "chapter_name": "AI and Autonomy in Military Applications"
        },
        {
          "speaker": "Keoki Jackson",
          "speech": "And so it's pretty simple for us and do what's right respect others perform with excellence. And now how do we tie that back to the ethical principles that will govern how AI is used within Lockheed martin and we actually have a world so you might not know this , but they're actually awards for ethics programs. Lockheed Martin's had a recognized ethics program for many years. And this is one of the things that our ethics team is working with our engineering team on. one of the miracles to me. Perhaps the layman again, I was born in the soviet union.",
          "chapter_name": "AI and Autonomy in Military Applications"
        }
      ]
    },
    {
      "name": "Nuclear Deterrence: A Complex Game",
      "content": [
        {
          "speaker": "Keoki Jackson",
          "speech": "Uh so I have echoes, at least in my family history of World War two and the cold War. Do you have a sense of why human civilization has not destroyed itself through nuclear war? A nuclear deterrence? And thinking about the future, does this technology has a role to play here? And what is the long term future of nuclear deterrence look like? Yeah, it's you know, this is one of those hard, hard questions.",
          "chapter_name": "Nuclear Deterrence: A Complex Game"
        },
        {
          "speaker": "Keoki Jackson",
          "speech": "And I should note that Lockheed Martin is you know, both proud and privileged to play a part in multiple legs of our nuclear and strategic deterrent uh systems like the trident, uh submarine launched ballistic missiles. You know, you talk about, is there still a possibility that the human race could destroy itself? I'd say that possibility is real . But interestingly, um in some sense , I think the strategic deterrence Have prevented the kinds of, you know, incredibly destructive world wars that we saw in the first half of the 20th century . Now, things have gotten more complicated since that time and since the Cold War, it is more of a multi polar great powers world today . Uh just to give you an example back then, you know, there were, you know, in the in the Cold War time frame, just a handful of nations that had ballistic missile capability By last count. And this is a few years old. There's over 70 nations today that have that similar kinds of numbers in terms of space based capabilities. So, so the world has gotten more complex and more challenging.",
          "chapter_name": "Nuclear Deterrence: A Complex Game"
        },
        {
          "speaker": "Keoki Jackson",
          "speech": "And the threats I think have proliferated in ways that we didn't expect. The nation today is in the middle of a recapitalization of our strategic deterrent. I look at that as one of the most important things that our nation can do. What is involved in deterrence. Is it is it being ready to attack or is it the defensive systems that catch attacks? A little bit of both?",
          "chapter_name": "Nuclear Deterrence: A Complex Game"
        },
        {
          "speaker": "Keoki Jackson",
          "speech": "And so it's a complicated game theoretical kind of program. But ultimately, um we are trying to prevent the use of any of these weapons. And the theory behind prevention is that even if an adversary uses a weapon against you, you have the capability to essentially strike back and do harm to them. That's unacceptable. And so that will deter them from, you know, making use of these weapons systems. Um the deterrence calculus has changed of course with uh, you know, more nations now having these kinds of weapons. But I think, you know, from my perspective, it's very important uh to maintain a strategic deterrent, you have to have systems that you will know, you know, will work when they are required to work. You know, that they have to be adaptable to a variety of different scenarios in today's world. And so that's what this recapitalization of systems that were built over previous decades, making sure that they are appropriate, not just for today, but for the decades to come. So the other thing I'd really like to note is strategic deterrence has a very different um uh character today. Uh you know, we used to think of weapons of mass destruction in terms of nuclear, chemical, biological and today we have a cyber threat.",
          "chapter_name": "Nuclear Deterrence: A Complex Game"
        },
        {
          "speaker": "Lex Fridman",
          "speech": "Um We've seen examples of the use of cyber weaponry. And uh if you think about the possibilities of using cyber capabilities, an adversary attacking the US to take out things like critical infrastructure, electrical grids, water systems , um those are scenarios that are strategic in nature to the survival of a nation as well. So that is the kind of world that we live in today. Um and you know, part of my hope on this is one that we can also develop technical or technological systems perhaps enabled by ai and autonomy that will allow us to contain and to fight back against these kinds of uh new threats that were not conceived when we first develop their strategic deterrence. Yeah, I know that luck is involved in cyber. I saw you mentioned that uh it's an incredibly change nuclear almost seems easier than cyber because there's so many attacks, like there's so many ways that cyber can evolve in such an uncertain future.",
          "chapter_name": "Nuclear Deterrence: A Complex Game"
        },
        {
          "speaker": "Keoki Jackson",
          "speech": "But talking about engineering with the mission, I mean, uh in this case that your engineering systems that basically save the world well, like, like I said, we were privileged to do to work on some very challenging problems for for very critical customers here in the US and with our allies abroad as well. Lockheed builds both military and non military systems and perhaps the future. Lockheed maybe more and non military applications. If you talk about space and beyond. I say that as a preface to a difficult question.",
          "chapter_name": "Nuclear Deterrence: A Complex Game"
        },
        {
          "speaker": "Keoki Jackson",
          "speech": "So President Eisenhower, in 1961 in his farewell address, talked about the military industrial complex and that it shouldn't grow beyond what is needed. So what are your thoughts on those words, on the military industrial complex and the concern of growth of their developments beyond what may be needed? That what where it may be needed is a critical phrase of course. And I think it is worth pointing out, as you noted that Lockheed martin, we're in a number of commercial businesses from energy to space to commercial aircraft. And so I wouldn't and I wouldn't neglect the importance of those parts of our business as well. I think the world is dynamic and uh,",
          "chapter_name": "Nuclear Deterrence: A Complex Game"
        }
      ]
    }
  ]
}