{
  "speakers": [
    "Lex Fridman",
    "Leonard Susskind"
  ],
  "episode_name": "leonard-susskind-quantum-mechanics-string-theory-and-black-holes",
  "chapters": [
    {
      "name": "The Intuitive Physicist: Leonard Susskind on Feynman, Visualization, and Counterintuitive Thinking",
      "content": [
        {
          "speaker": "Lex Fridman",
          "speech": "the following is a conversation with Let Us Suskind , he's a professor of theoretical physics at Stanford University and founding director of stanford Institute of theoretical Physics. He is widely regarded as one of the fathers of string theory and in general is one of the greatest physicists of our time, both as a researcher and an educator. This is the artificial intelligence podcast. Perhaps you noticed that the people have been speaking with are not just computer scientists, but philosophers, mathematicians , writers, psychologists, physicists and soon other disciplines to me ai is much bigger than deep learning, bigger than computing. It is. Our civilizations journey into understanding the human mind and creating echoes of it in the machine. If you enjoy the podcast, subscribe on Youtube, give it five stars on itunes support on Patreon are simply connect with me on twitter at lex Friedman spelled F R I D M A M and now here's my conversation with Leonard Susskind. You worked and we're friends with Richard Feynman. How has he influenced you, changed you as a physicist and thinker . What I saw, I think what I saw was somebody who could do physics in this deeply intuitive way.",
          "chapter_name": "The Intuitive Physicist: Leonard Susskind on Feynman, Visualization, and Counterintuitive Thinking"
        },
        {
          "speaker": "Leonard Susskind",
          "speech": "His style was almost too close his eyes and visualize the phenomena that he was thinking about and through visualization outflank the mathematical, highly mathematical and very, very sophisticated technical arguments that people would use. I think that was also natural to me. But I saw somebody who was actually successful at it who could do physics in a way that I regarded as simpler, more direct, more intuitive and while I don't think he changed my way of thinking, I do think he validated it. It made me look at it and say yeah , that's something you can do and get away with practically you can get away with it. So do you find yourself whether you're thinking about quantum mechanics or black holes or string theory? Using intuition as a first step or step throughout ? Using visualization? Very much so, very much so. I tend not to think about the equations.",
          "chapter_name": "The Intuitive Physicist: Leonard Susskind on Feynman, Visualization, and Counterintuitive Thinking"
        },
        {
          "speaker": "Leonard Susskind",
          "speech": "I tend not to think about the symbols. I tend to try to visualize the phenomena themselves. And then when I get an insight that I think is valid, I might try to convert it to mathematics but I'm not a math, I'm not a natural mathematician or I'm good enough at it. I'm good enough at it, but I'm not a great mathematician . Um So for me, the way of thinking about physics is first intuitive first, um visualization, uh scribble a few equations maybe, but then try to convert it to mathematics, experiences that other people are better at converting it to mathematics than I am. And yet you've worked very counterintuitive ideas.",
          "chapter_name": "The Intuitive Physicist: Leonard Susskind on Feynman, Visualization, and Counterintuitive Thinking"
        },
        {
          "speaker": "Leonard Susskind",
          "speech": "So, you know, that's true, that's how do you visualize something counterintuitive, How do you dare rewiring your brain in new ways? Uh yeah, quantum mechanics is not intuitive, very little of modern physics is intuitive, intuitive or what is intuitive mean? It means the ability to think about it with basic classical physics, the physics that that we evolved with throwing stones splashing water or whatever it happens to be. Quantum physics. General relativity . Quantum field theory are deeply un intuitive in that way. But you know after time and getting familiar with these things, you develop new intuitions .",
          "chapter_name": "The Intuitive Physicist: Leonard Susskind on Feynman, Visualization, and Counterintuitive Thinking"
        }
      ]
    },
    {
      "name": "Rewiring, Ego, and Quantum Mechanic",
      "content": [
        {
          "speaker": "Lex Fridman",
          "speech": "I always said you rewire and it's to the point where me and many of my friends are in, many of my friends can think more easily quantum mechanically than we can classically. We've gotten so used to it. I mean , yes, our neural wiring in our brain is such that we understand rocks and stones and water and so on, evolved evolved for you. Do you think it's possible to create a wiring of neuron like state devices that more naturally understand quantum mechanics. Understand way function, understand these weird things. Well, I'm not sure. I think many of us have evolved the ability to think quantum mechanically to some extent but that doesn't mean you can think like an electron that doesn't mean another example.",
          "chapter_name": "Rewiring, Ego, and Quantum Mechanic"
        },
        {
          "speaker": "Leonard Susskind",
          "speech": "Forget for many quantum mechanics Just visualizing four dimensional space or five dimensional space or six dimensional space. I think we're fundamentally wired To visualize three dimensions. I can't even visualize two dimensions or one dimension without thinking about it as embedded in three dimensions. If I want to visualize a line I think of the line as being a line in three dimensions or I think of the line as being a line on a piece of paper with a piece of paper being in three dimensions. I never seem to be able to in some abstract and pure way visualized in my head. The one dimension , the two dimensions, the four dimensions five dimensions. And I don't think that's ever gonna happen.",
          "chapter_name": "Rewiring, Ego, and Quantum Mechanic"
        },
        {
          "speaker": "Lex Fridman",
          "speech": "The reason is I think neural wiring is just set up for that. On the other hand we do learn ways to think about 567 dimensions . We learn ways we learned mathematical ways and we learn ways to visualize them but they're different and so yeah I think I think we do rewire ourselves whether we can ever completely rewire ourselves to be completely comfortable with these concepts. I doubt so that is completely natural towards completely natural. So I'm sure there's some what you could argue creatures that live in a two dimensional space and and um well it's romanticizing the notion of course we're all living as far as we know in three dimensional space But how do those creatures imagine three d. space? We'll probably the way we imagine for D. By using some mathematics and some equations and some some tricks . Mhm.",
          "chapter_name": "Rewiring, Ego, and Quantum Mechanic"
        },
        {
          "speaker": "Leonard Susskind",
          "speech": "Okay so jumping back to find me just for a second. Um He had a little bit of an ego. Yes. Well do you think ego is powerful or dangerous in science? I think both. Both. Both. I think you have to have both arrogance and humility.",
          "chapter_name": "Rewiring, Ego, and Quantum Mechanic"
        },
        {
          "speaker": "Leonard Susskind",
          "speech": "You have to have the arrogance to say I can do this. Nature is difficult. Nature is very, very hard. I'm smart enough. I can do it. I can win the battle with nature. On the other hand, I think you also have to have the humility to know that you're very likely to be wrong on any given occasion.",
          "chapter_name": "Rewiring, Ego, and Quantum Mechanic"
        },
        {
          "speaker": "Lex Fridman",
          "speech": "Everything you're thinking could suddenly change. Young people can come along and say things you won't understand and you'll be lost and flabbergasted. So I think it's a combination of both. You better recognize that you are very limited and you're better be able to say to yourself, I'm not so limited that I can't win this battle with nature. It takes a special kind of person who can manage both of those I would say . And I would say there's echoes of that in your own work, a little bit of ego, a little bit of outside of the box, humble thinking. I hope so. So it was their time where you complete, you felt you looked at yourself and asked am I completely wrong about this?",
          "chapter_name": "Rewiring, Ego, and Quantum Mechanic"
        }
      ]
    },
    {
      "name": "Academic Doubts, Music, and Quantum Computing: A Conversation with Leonard Susskind",
      "content": [
        {
          "speaker": "Leonard Susskind",
          "speech": "Oh yeah.",
          "chapter_name": "Academic Doubts, Music, and Quantum Computing: A Conversation with Leonard Susskind"
        },
        {
          "speaker": "Leonard Susskind",
          "speech": "About the whole thing about specific things, The whole thing. Wait, which whole thing, me and me and my ability to do this thing. Oh those kinds of doubts. Those first of all, did you have those kinds of doubts? No, I had different kind of doubts. I came from a very working class background and I was uncomfortable in academia for oh for a long time.",
          "chapter_name": "Academic Doubts, Music, and Quantum Computing: A Conversation with Leonard Susskind"
        },
        {
          "speaker": "Lex Fridman",
          "speech": "Um but they weren't doubts about my ability on my uh they were just the discomfort and being in an environment that My family hadn't participated in . I knew nothing about as a young person, I didn't learn that there was such a thing called physics until it was almost 20 years old, so I did have a certain kind of doubts, but not about my ability, I don't think I was too worried about whether I would succeed or not. Uh huh. I never I never felt this insecurity, Am I ever going to get a job? Mhm. That had never occurred to me that I wouldn't, maybe you could speak a little bit to this sense of what is academia because I too feel a bit uncomfortable in it.",
          "chapter_name": "Academic Doubts, Music, and Quantum Computing: A Conversation with Leonard Susskind"
        },
        {
          "speaker": "Leonard Susskind",
          "speech": "There's something I can't put quite in towards what you have, that's not doesn't if we call it music, you play a different kind of music than a lot of academia, how have you joined this orchestra? How do you think about it? I don't know that I thought about it as much as I just felt it. Yeah, you know, thinking is one thing, feeling is another thing I felt like an outsider until a certain age when I suddenly found myself the ultimate insider in academic Physics And uh that was a sharp transition and it was I wasn't a young man, I was probably 50 years old, you were never quite, it was a phase transition, you were never quite in the middle. Yeah, that's right.",
          "chapter_name": "Academic Doubts, Music, and Quantum Computing: A Conversation with Leonard Susskind"
        },
        {
          "speaker": "Leonard Susskind",
          "speech": "I wasn't, I always felt a little bit of an outsider in the beginning, a lot an outsider, my way of thinking was different. My approach to mathematics was different, but also uh my social background that I came from was different now these days, half the young people I meet, their parents were professors, uh that was not my case. So yeah, but then all of a sudden at some point I found myself at the very much the center of maybe not the only one at the center, but certainly one of the people in the center of a certain kind of physics um all that went away, I mean it went away in a flash, so maybe maybe a little bit with Feinman, but in general, how do you develop ideas? Do you work their ideas alone? Do you brainstorm with others? Both, both very definitely both. The younger time I would spend more time with myself now because I'm at stanford , because I'm because I have a lot of ex students and people who who are interested in the same thing. I am, I spent a good deal of time almost on a daily basis interacting, brainstorming as you said, it's a, it's a very important part. I spend less time probably completely self focused and uh we're a piece of paper and just sitting there staring at it. What are your hopes for quantum computers?",
          "chapter_name": "Academic Doubts, Music, and Quantum Computing: A Conversation with Leonard Susskind"
        }
      ]
    },
    {
      "name": "Quantum Computing: Unlocking Complexity with Quantum System",
      "content": [
        {
          "speaker": "Leonard Susskind",
          "speech": "So, machines that are based on that have some elements of uh leverage quantum mechanical ideas. It's not just leveraging quantum mechanical ideas. You can simulate quantum systems on a classical computer. Simulate them means solve the schrodinger equation for them or solve the equations of quantum mechanics on a computer on a classical computer. But the classical computer is not doing. It's not a quantum mechanical system itself. Of course it is. Everything is made of quantum mechanics but it's not functioning is not functioning as a quantum system.",
          "chapter_name": "Quantum Computing: Unlocking Complexity with Quantum System"
        },
        {
          "speaker": "Leonard Susskind",
          "speech": "It's just solving equations. The quantum computer is truly a quantum system which is actually doing the things that you're programming it to do. You want to program a quantum field theory. If you do it in classical physics, that program is not actually functioning in the computer as a quantum field theory. It's just solving some equations physically. It's not doing the things that that the quantum system would do. The quantum computer is really a quantum mechanical system which is actually carrying out the quantum operations.",
          "chapter_name": "Quantum Computing: Unlocking Complexity with Quantum System"
        },
        {
          "speaker": "Lex Fridman",
          "speech": "You can measure it at the end. It intrinsically satisfies the uncertainty principle. It is limited in the same way that quantum systems are limited by uncertainty and so forth. And it really is a quantum system. That means that what you what you're doing when you program something for quantum system is they're actually building a real version of the system . The limits of a classical computer.",
          "chapter_name": "Quantum Computing: Unlocking Complexity with Quantum System"
        },
        {
          "speaker": "Leonard Susskind",
          "speech": "Classical computers are enormously limited when it comes to um the quantum systems. It was enormously limited because you've probably heard this before. But in order to store the amount of information that's in the quantum state of 400 spins. That's not very many. 400 I can put in my pocket uh 400 pennies in my pocket to be able to simulate The quantum state of 400 elementary quantum systems cubits we call them to do that would take more information than can possibly be stored in the entire universe if it were packed so tightly That uh you couldn't pack anymore in 400 cubits.",
          "chapter_name": "Quantum Computing: Unlocking Complexity with Quantum System"
        },
        {
          "speaker": "Leonard Susskind",
          "speech": "On the other hand, if your quantum computer is composed of 400 cubits, it can do everything. 400 cubits can do what kind of space. If you just intuitively think about the space of algorithms that that unlocks for us. So, there's a whole complexity theory around classical computers, measuring the running time of things and P so on. What kind of algorithms? Just intuitively do you think it's it unlocks for us. Okay, so we know that there are a handful of algorithms that can seriously be classical computers and which can have exponentially more power.",
          "chapter_name": "Quantum Computing: Unlocking Complexity with Quantum System"
        },
        {
          "speaker": "Leonard Susskind",
          "speech": "This is a mathematical statement. Nobody's exhibited this in the laboratory. It's a mathematical statement. We know that's true but it also seems more and more that the number of such things is very limited . Only very very special problems exhibit that much advantage for a quantum computer uh of standard problems to my mind as far as I can tell, the great power of quantum computers will actually be to simulate quantum systems if you're interested in a certain quantum system and it's too hard to simulate classically. You simply build a version of the same system, you build a version of it, you build a model of it that's actually functioning as the system.",
          "chapter_name": "Quantum Computing: Unlocking Complexity with Quantum System"
        }
      ]
    },
    {
      "name": "Quantum Brains: Black Hole Analogie",
      "content": [
        {
          "speaker": "Leonard Susskind",
          "speech": "You run it and then you do the same thing, You would do that a quantum system. You make measurements on it. Quantum measurements on it. The advantage is you can run it much slower. You can see why bother.",
          "chapter_name": "Quantum Brains: Black Hole Analogie"
        },
        {
          "speaker": "Leonard Susskind",
          "speech": "Why not just use the real system? Why not just do experiments on the real system? Well, real systems are kind of limited. You can't change them, you can't manipulate them, you can't slow them down so that you can poke into them. Uh you can't modify them in arbitrary kinds of ways to see what would happen if I uh if I change the system a little bit. So I think that quantum computers will be extremely valuable in in understanding quantum systems at the lowest level of the fundamental laws. They're actually satisfying the same laws as the systems that they're simulating. Okay, so on the one hand, you have things like factoring, Factoring is the great uh think of quantum computers factoring large numbers. That doesn't seem that much to do with quantum mechanics , it seems to be almost a fluke that that a quantum computer can solve the factoring problem in a short time. So and those problems seem to be extremely special rare and it's not clear to me that there's gonna be a lot of them.",
          "chapter_name": "Quantum Brains: Black Hole Analogie"
        },
        {
          "speaker": "Leonard Susskind",
          "speech": "On the other hand, there are a lot of quantum systems, chemistry, there's solid state physics, there's material science, there's quantum gravity, there's all kinds of quantum quantum field theory and some of these are actually turning out to be applied sciences as well as very fundamental sciences. So we probably will run out of the ability to solve equations for these things. You know, solve equations by the standard methods of pencil and paper, solve the equations by the method of classical computers. And so what we'll do is we'll build versions of these systems , run them and run them under controlled circumstances where we can change them, manipulate them, make measurements on them and find out all the things we want to know. So in finding out the things we want to know about very small systems right now, the is there something we can also find out about the macro level about? Something about the function, forgive me of our brain biological systems . The stuff that's about one m in size versus uh much much smaller.",
          "chapter_name": "Quantum Brains: Black Hole Analogie"
        },
        {
          "speaker": "Leonard Susskind",
          "speech": "Well what's all the excitement is about among the people that I interact with is understanding black holes, black holes. Black holes are big things uh there are many, many degrees of freedom. There is another kind of quantum system that is big . It's a large quantum computer and one of the things we've learned is that the physics of large quantum computers is in some ways similar to the physics of large quantum black holes. And we're using that relationship. Now.",
          "chapter_name": "Quantum Brains: Black Hole Analogie"
        },
        {
          "speaker": "Leonard Susskind",
          "speech": "You asked you didn't ask about quantum computers or systems. You didn't ask about black holes. You asked about brains. Yeah, well it's stuff that's in the middle of the two, it's different. So black holes are uh there's something fundamental about black holes that feels to be very different than the brain and they also function in a very quantum mechanical way. Right, Okay. It is first of all unclear to me, but of course it's unclear to me.",
          "chapter_name": "Quantum Brains: Black Hole Analogie"
        },
        {
          "speaker": "Lex Fridman",
          "speech": "I'm not I'm not a neuroscientist . I have I don't even have very many friends who are neuroscientists. I would like to have more friends who are neuroscientists . I just don't run into them very often. Among the few neuroscientists I've ever talked about about this . They are pretty convinced that the brain functions classically that is not intrinsically a quantum mechanical system or it doesn't make use of the of the special features, entanglement, coherent superposition, are they?",
          "chapter_name": "Quantum Brains: Black Hole Analogie"
        },
        {
          "speaker": "Leonard Susskind",
          "speech": "Right. I don't know. I sort of hope they're wrong just because I like the romantic idea that the brain is a quantum system but I think I think probably not the other thing. Big systems can be composed of lots of little systems. Okay materials, the materials that we work with and so forth are can be large systems, large piece of material. But they're big and they're made out of quantum systems now. One of the things that's been happening over the last good number of years as we're discovering materials and quantum systems which function much more quantum mechanically than we imagine. Topological insulators, this kind of thing, that kind of thing.",
          "chapter_name": "Quantum Brains: Black Hole Analogie"
        },
        {
          "speaker": "Leonard Susskind",
          "speech": "Those are macroscopic systems but they just superconductors. Superconductors. I have a lot of quantum mechanics in them. You can have a large chunk of superconductor. So it's a big piece of material. On the other hand, it's functioning and its properties depend very very strongly on quantum mechanics.",
          "chapter_name": "Quantum Brains: Black Hole Analogie"
        },
        {
          "speaker": "Leonard Susskind",
          "speech": "And to analyze them. You need the tools of quantum mechanics if we can go on to black holes And uh looking at the universe as a information processing system as a computer is a giant computer computer. What's the power of thinking of the university's information processing system. And what is perhaps its use besides the mathematical use of discussing black holes and you're famous debates and ideas around that too. Human beings . Life in general's information processing systems. All systems are information processing systems. You poke them.",
          "chapter_name": "Quantum Brains: Black Hole Analogie"
        },
        {
          "speaker": "Leonard Susskind",
          "speech": "They change a little bit. They evolve. All systems are information process. There's no extra magic to us humans. It certainly feels consciousness. Intelligence feels like magic. Where does it emerge from? If we look at information processing?",
          "chapter_name": "Quantum Brains: Black Hole Analogie"
        }
      ]
    },
    {
      "name": "Emergent Phenomena and Introspection: A Complex Journey",
      "content": [
        {
          "speaker": "Leonard Susskind",
          "speech": "What are the emergent phenomena that come from viewing the world as an information processing system here is what I think my thoughts are not worth much of this.",
          "chapter_name": "Emergent Phenomena and Introspection: A Complex Journey"
        },
        {
          "speaker": "Lex Fridman",
          "speech": "If you ask me about physics, my thoughts may be worth something. If you ask me about this, I'm not sure my thoughts are worth anything. But as I said earlier, I think when we do introspection, when we imagine doing introspection and try to figure out what it is when we do and we're thinking, I think we I think we get it wrong. I'm pretty sure we get it wrong. Everything I've heard about the way the brain functions, it's so counterintuitive. For example, you have neurons which detect vertical lines, you have different neurons which detect lines at 45\u00b0. You have different neurons. I never imagined that there were whole circuits which were devoted to vertical lines. In my brain doesn't seem to be the way my brain works.",
          "chapter_name": "Emergent Phenomena and Introspection: A Complex Journey"
        },
        {
          "speaker": "Leonard Susskind",
          "speech": "My brain seems to work, but my finger up vertically , if I put it horizontally, or if I put it this way or that way, it seems to me it's the same the same circuits that uh it's not the way it works the way the brain is compartmentalized, seems to be very, very different than what I would have imagined if I were just doing psychological introspection about how things work. My conclusion is that we won't get it right that way. But how will we get it right ? I think maybe computer scientists will get it right eventually. I don't think anyone's near it. I don't even think they're thinking about it. But by computer eventually we will build machines perhaps which are complicated enough and partly engineered, partly evolved, maybe evolved by machine learning and so forth .",
          "chapter_name": "Emergent Phenomena and Introspection: A Complex Journey"
        },
        {
          "speaker": "Lex Fridman",
          "speech": "This machine learning is very interesting by machine learning . We will evolve systems and we may start to discover mechanisms that that have implications for how we think and for what this consciousness thing is all about. And we'll be able to do experiments on them and perhaps answer questions that we can't possibly answer by by introspection. So that's that's a really interesting point in many cases . If you look at even a string theory when you first think about a system, it seems really complicated like the human brain and through some basic reasoning and trying to discover fundamental low level behavior of the system. You find out that it's actually much simpler. You won have you.",
          "chapter_name": "Emergent Phenomena and Introspection: A Complex Journey"
        },
        {
          "speaker": "Leonard Susskind",
          "speech": "Is that generally the process. And to do you have that also hope for biological systems as well for all the kind of stuff were studying at the human level. Of course physics always begins by trying to find the simplest version of something and analyze it. Yeah, I mean there are lots of examples where physics has um taking very complicated systems, analyzed them and found simplicity in them. For sure . I said superconductors before it's an obvious one . Superconductor seems like monstrously complicated thing with all sorts of crazy electrical properties, magnetic properties and so forth. And when it finally is boiled down to its simplest elements, it's a very simple quantum mechanical phenomenon called spontaneous symmetry breaking and uh which we in other contexts we learned about. And we're very familiar with. So",
          "chapter_name": "Emergent Phenomena and Introspection: A Complex Journey"
        }
      ]
    },
    {
      "name": "Physics, AI, and the Dream of Unification",
      "content": [
        {
          "speaker": "Leonard Susskind",
          "speech": "yeah, I mean, yes, we do take complicated things, make them simple. But what we don't want to do is take things which are intrinsically complicated and fool ourselves into thinking that we can make them simple. We don't want to make I don't know who said this, but we don't want to make them simpler than they really are. Okay . Is the brain a thing which ultimately functions by some simple rules?",
          "chapter_name": "Physics, AI, and the Dream of Unification"
        },
        {
          "speaker": "Leonard Susskind",
          "speech": "Or is it just complicated in terms of artificial intelligence ? Nobody really knows what are the limits of our current approaches? You mentioned machine learning ? How do we create human level intelligence? It seems that there's a lot of very smart physicists who perhaps oversimplify the nature of intelligence and think of it as information processing and therefore there doesn't seem to be any theoretical reason why we can't artificially create human level or super human level intelligence. In fact, the reasoning goes , if you create human level intelligence the same approach, you just used to create human level intelligence should allow you to create super human level intelligence very easily exponentially. So what do you think that way of thinking that comes from physicists is all about? I wish I knew.",
          "chapter_name": "Physics, AI, and the Dream of Unification"
        },
        {
          "speaker": "Leonard Susskind",
          "speech": "But there's a particular reason why I wish I knew. I have a second job. I consult for google uh, not for google for google. X. I am the senior academic advisor to uh to a group of machine learning physicists. Uh that sounds crazy because I know nothing about the subject. I know very little about the subject. On the other hand, I'm good at giving advice. So I give them advice on things. Anyway, I see these young physicists who are approaching the machine learning problem.",
          "chapter_name": "Physics, AI, and the Dream of Unification"
        },
        {
          "speaker": "Leonard Susskind",
          "speech": "There is a there is a real machine learning problem namely why does it work as well as it does it. Nobody really seems to understand why it is capable of doing the kind of generalizations that it does and so forth. And There are three groups of people who have I thought about this. There are the engineers. The engineers are incredibly smart but they tend not to think as hard about why the thing is working as much as they do, how to use it. Obviously they provided a lot of data and it is they who demonstrated that machine learning can work much better than you have any right to expect.",
          "chapter_name": "Physics, AI, and the Dream of Unification"
        },
        {
          "speaker": "Leonard Susskind",
          "speech": "The machine learning systems are systems that the system is not too different than the kind of systems that physicists study? There's not all that much difference between quantum in the structure of mathematics Physically Yes , but in the structure of the mathematics between a 10cent network designed to describe a quantum system on the one hand and the kind of networks that are used in machine learning. So there are more and more, I think young physicists are being drawn to this field of machine learning. Some very very good ones.",
          "chapter_name": "Physics, AI, and the Dream of Unification"
        },
        {
          "speaker": "Leonard Susskind",
          "speech": "I work with a number of very good ones . Not on machine learning, but I'm having lunch on, having lunch right? I can tell you they are super smart. They don't seem to be so arrogant about their physics backgrounds that they think they can do things that nobody else can do. But the physics way of thinking I think will add will add great value to um we'll bring value to the machine learning. I believe it will and I think it already has at what time scale do you think predicting the future becomes useless and your long experience and being surprised that new discoveries Sometimes a day, sometimes 20 years. There are things which I thought we were very far from understanding which practically in a snap of the fingers or a blink of the eye suddenly uh became understood completely surprising to me.",
          "chapter_name": "Physics, AI, and the Dream of Unification"
        },
        {
          "speaker": "Leonard Susskind",
          "speech": "There are other things which I looked at and I said We're not going to understand these things for 500 years in particular quantum gravity. The scale for that was 20 years, 25 years And we understand a lot. We don't understand it completely now by any means but we I thought it was 500 years to make any progress. It turned out to be very, very far from that. It turned out to be more like 20 or 25 years from the time when I thought it was 500 years. So if we make can we jump around quantum gravity some basic ideas in physics.",
          "chapter_name": "Physics, AI, and the Dream of Unification"
        },
        {
          "speaker": "Leonard Susskind",
          "speech": "Yeah . What is the dream of string theory? Mathematically. What is the hope? Where does it come from? What problem is it trying to solve? I don't think the dream of string theory is any different than the dream of fundamental theoretical physics altogether.",
          "chapter_name": "Physics, AI, and the Dream of Unification"
        },
        {
          "speaker": "Leonard Susskind",
          "speech": "Understanding unified theory of everything. I I don't like thinking of string theory as a subject unto itself with people called string theorists who are the practitioners of this thing called string theory. I much prefer to think of them as theoretical physicists. Trying to answer deep fundamental questions about nature in particular gravity, in particular gravity and its connection with quantum mechanics. Um And who at the present time find string theory a useful tool rather than saying there's a subject called string theorist . I don't like being referred to as a string theorist but as a tool. Is it useful to think about our nature in multiple dimensions ?",
          "chapter_name": "Physics, AI, and the Dream of Unification"
        },
        {
          "speaker": "Leonard Susskind",
          "speech": "The strings vibrating. I believe it is useful. I'll tell you what the main use of it has been up to now. Well it has had a number of main uses originally. String theory was invented and I know that I was there. I was right at the spot where it was being invented literally. And it was being invented to understand hydrophones, hydrophones of sub nuclear particles , protons , neutrons, mesons and Mhm.",
          "chapter_name": "Physics, AI, and the Dream of Unification"
        },
        {
          "speaker": "Leonard Susskind",
          "speech": "At that time, the late 60s, early 70's it was clear from experiment that these particles called Hadrian's had could vibrate, could rotate, could do all the things that a little closed string can do. And uh it was and is a valid and correct theory of these Hadrian's . It's been experimentally tested and that is a done deal. Mhm. It had a second life as a theory of gravity.",
          "chapter_name": "Physics, AI, and the Dream of Unification"
        }
      ]
    },
    {
      "name": "Mathematical Rigor: Quantum Mechanics and Gravity Unification",
      "content": [
        {
          "speaker": "Leonard Susskind",
          "speech": "The same basic mathematics except on a very very much smaller distance scale. The objects of gravitation are 19 orders of magnitude smaller than a proton. But the same mathematics turned up the same mathematics turned up What has been its value. Its value is that it's mathematically rigorous in many ways. And enabled us to find to find mathematical structures which have both quantum mechanics and gravity with rigor. We can test out ideas. We can test out ideas. We can test them in the laboratory that the 19 orders of magnitude too small or things that we're interested in. But we can test them out mathematically and analyze their internal consistency. Bye now, 40 years ago, 35 years ago and so forth.",
          "chapter_name": "Mathematical Rigor: Quantum Mechanics and Gravity Unification"
        },
        {
          "speaker": "Lex Fridman",
          "speech": "People very, very much questioned the consistency between gravity and quantum mechanics. Stephen Hawking was very famous for it rightly so now nobody questions that consistency anymore. They don't because we have mathematically precise string theories which contain both gravity and quantum mechanics in a consistent way. So it's provided that that certainty that quantum mechanics and gravity can coexist. That's not a small thing. That's a huge thing. It's a huge thing to be proud. Einstein could not be appalled. I don't know, he didn't like quantum mechanics very much, but he would certainly be struck by it.",
          "chapter_name": "Mathematical Rigor: Quantum Mechanics and Gravity Unification"
        },
        {
          "speaker": "Leonard Susskind",
          "speech": "I think that maybe at this time its biggest contribution to physics in illustrating almost definitively that quantum mechanics and gravity are very closely related and not inconsistent with each other. Is there a possibility of something deeper more profound that still is consistent with string theory but is deeper that is to be found ? Well, you could ask the same thing that quantum mechanics, Is there something Exactly? Yeah, I think string theory is just an example of a quantum mechanical system that contains both gravitation and uh and quantum mechanics. So is there something underlying quantum mechanics? Perhaps something deterministic? Perhaps something deterministic . My friend Faraday Tufte, whose name, you may know, he's a very famous physicist Dutch, not as famous as it should be, but but hard to spell his name.",
          "chapter_name": "Mathematical Rigor: Quantum Mechanics and Gravity Unification"
        }
      ]
    },
    {
      "name": "The Emergence of Time and Free Will Puzzle",
      "content": [
        {
          "speaker": "Leonard Susskind",
          "speech": "It's hard to say his name. You know, it's easy to spell his name. Apostrophe is the only person I know his name begins with an apostrophe and he's one of my heroes in physics. And he's a little younger than me. But it's nevertheless one of my heroes. The tuft believes that there is some sub structure to the world which is classical in character.",
          "chapter_name": "The Emergence of Time and Free Will Puzzle"
        },
        {
          "speaker": "Leonard Susskind",
          "speech": "The deterministic and character which somehow by some mechanism that he has a hard time spelling out, emerges as quantum mechanics. I don't the way function is somehow emergent, the wave function and not just the wave function, but the whole milk and the whole thing that goes with quantum mechanics , uncertainty, entanglement, all these things are emergent. So, you think quantum mechanics is the bottom of the well, is is the uh here I think is here I think is where you have to be humble, here's where humility comes. I don't think anybody should say anything is at the bottom of the well at this time as I think we I think we can reasonably say, I can reasonably say when I look into the well, I can't see past quantum mechanics. I don't see any reason for that to be anything beyond quantum mechanics. I think a tough disasters. Very interesting in deep questions. I don't like his answers. Well, again, let me ask if we look at the deepest nature of reality with whether it's deterministic or when observed as probabilistic ?",
          "chapter_name": "The Emergence of Time and Free Will Puzzle"
        },
        {
          "speaker": "Leonard Susskind",
          "speech": "What does that mean for our human level of ideas of free will. Is there any connection whatsoever from this perception? Perhaps illusion of free will that we have and the fundamental nature of reality. The only thing I can say is I am I am puzzled by that as much as you are, the illusion of it. The illusion of consciousness, the illusion of free will. The illusion of self uh does that connect to ? How can a physical system do that ?",
          "chapter_name": "The Emergence of Time and Free Will Puzzle"
        },
        {
          "speaker": "Leonard Susskind",
          "speech": "And uh and I am as puzzled as anybody. There's echoes of it in the observer effect? Yeah. So do you understand what it means to be an observer? I understand it at a technical level. An observer is a system with enough degrees of freedom that it can record information and which can become entangled with the thing that is measuring. Entanglement is the key when a system which we call an apparatus or an observer, same thing interacts with the system that is observing, it doesn't just look at it, it becomes physically entangled of it. And it's that entanglement which we call an observation or measurement now, does that satisfy me personally, as an observer? Yes and no.",
          "chapter_name": "The Emergence of Time and Free Will Puzzle"
        },
        {
          "speaker": "Leonard Susskind",
          "speech": "I find it very satisfying that we have a mathematical representation of what it means. The observer system, you are observing stuff right now. The conscious level you think there's echoes of that kind of entanglement in our macro scale. Yes, Absolutely. For sure. We're entangled with quantum mechanically entangled with everything in this room. If we weren't and it was just well we wouldn't be observing it.",
          "chapter_name": "The Emergence of Time and Free Will Puzzle"
        },
        {
          "speaker": "Lex Fridman",
          "speech": "But on the other hand, you can ask do I really am I really comfortable with it and I'm uncomfortable with it in the same way that I can never get comfortable with five dimensions. My my brain isn't wired for it. Are you comfortable with four dimensions a little bit more? Because I can always imagine the fourth dimension is time. So the arrow of time, Are you comfortable with that arrow ? Do you think time is an emergent phenomenon or is it fundamental to nature? That is a big question in physics right now.",
          "chapter_name": "The Emergence of Time and Free Will Puzzle"
        },
        {
          "speaker": "Leonard Susskind",
          "speech": "All the physics that we do or at least that the people that I am comfortable with talking to, my my friends, my friends. Well, we all asked the same question that you just asked space, we have a pretty good idea is emergent and it emerges out of entanglement and other uh other things. Time always seems to be built into our equations as just what Newton pretty much would have thought Newton modified a little bit by Einstein would have called time and and mostly in our equations, it is not emergent. Time in physics is completely symmetric forward and mathematic. So, so you don't really need to think about the era of time for most physical phenomenon. Most microscopic phenomena. No, it's only when the phenomena involves systems which are big enough for thermodynamics to become important for entropy to become important for small, small system.",
          "chapter_name": "The Emergence of Time and Free Will Puzzle"
        },
        {
          "speaker": "Leonard Susskind",
          "speech": "Entropy is not a good concept. Entropy is something which which emerges out of large numbers? It's a probabilistic idea. It's a statistical idea and it's a thermodynamic idea. Thermodynamics requires lots and lots and lots of little sub structures. Okay, So it's not until you emerge at the thermodynamic level that there's an arrow of time. Do we understand it?",
          "chapter_name": "The Emergence of Time and Free Will Puzzle"
        }
      ]
    },
    {
      "name": "Reversing Time: Lab-Scale Time Travel?",
      "content": [
        {
          "speaker": "Leonard Susskind",
          "speech": "Yeah. I think I think we understand better than most people think they are. Most people say that. I think we understand it. Yeah, I think we understand it. It's a statistical idea.",
          "chapter_name": "Reversing Time: Lab-Scale Time Travel?"
        },
        {
          "speaker": "Leonard Susskind",
          "speech": "The you mean like second law of thermodynamics, entropy and so on. The fact of cards and you're flying in the air and you look what happens to it . It's random. We understand doesn't it doesn't go from random. The simple, it goes from simple to random. But do you think it ever breaks down?",
          "chapter_name": "Reversing Time: Lab-Scale Time Travel?"
        },
        {
          "speaker": "Leonard Susskind",
          "speech": "What I think you can do is in a laboratory setting, you can take a system which is somewhere intermediate between being small and being large uh and make it go backward. A thing which looks like it only wants to go forward because of statistical mechanical reasons. Because of the second law. You can very , very carefully manipulate it to make it run backward. I don't think you can take an egg humpty dumpty who fell on the floor and reverse that. But you can in a very controlled situation. You can take systems which appear to be evolving statistically toward randomness? Stop them reverse them and make them go back.",
          "chapter_name": "Reversing Time: Lab-Scale Time Travel?"
        },
        {
          "speaker": "Leonard Susskind",
          "speech": "What's the intuition behind that? How do, how do we do that? How do we reverse it? You're saying a closed system?",
          "chapter_name": "Reversing Time: Lab-Scale Time Travel?"
        },
        {
          "speaker": "Lex Fridman",
          "speech": "Yeah, pretty much closed system. Yes. Did you just say that time travel is possible? No, I didn't say time travel is possible. I said you can make a system go backward in time and you can make it go bad. You can make it reverse it steps, you can make it reverse its trajectory. Yeah. How do we do ?",
          "chapter_name": "Reversing Time: Lab-Scale Time Travel?"
        },
        {
          "speaker": "Leonard Susskind",
          "speech": "What's the intuition there ? Does it have? Is it just a fluke thing that we can do at a small scale in the lab that doesn't have what I'm saying is you can do it on a little bit better than a small scale. You can certainly do it with a simple small system. Small systems don't have any sense of the arrow of time. Adams. Adams, uh uh no sense of uh an arrow of time. They're completely reversible.",
          "chapter_name": "Reversing Time: Lab-Scale Time Travel?"
        },
        {
          "speaker": "Leonard Susskind",
          "speech": "It's only when you have, you know, the second law of thermodynamics is the law of large numbers. So you can break the law because it's not, you can break Germany's break it. But it's hard. It requires great care. The bigger the system is, the whole care, the more, the harder it is, you have to overcome what's called chaos. And that's hard. And it requires more and more precision for 10 particles. You might be able to do it with some effort for 100 particles. It's really hard for 1000 or a million particles forget it, but not for any fundamental reason. Just because it's technologically too hard to make the system go backward. So .",
          "chapter_name": "Reversing Time: Lab-Scale Time Travel?"
        },
        {
          "speaker": "Lex Fridman",
          "speech": "So no, no time travel for for engineering reasons. Uh No, no, no, no. What does time travel? Time travel? Time travel to the future? That's easy. Just close your eyes, Go to sleep and you wake up in the future. Yeah,",
          "chapter_name": "Reversing Time: Lab-Scale Time Travel?"
        }
      ]
    },
    {
      "name": "Reversing Time: Human Scale vs. Engineering Effort",
      "content": [
        {
          "speaker": "Leonard Susskind",
          "speech": "Yeah, good nap gets you there. Yeah, good nap gets you there. What happened in reversing? Going back and lost Germany? The going backward in time for anything. That's human scale is a very difficult engineering effort. I wouldn't call that time travel because it gets too too mixed up with what science fiction calls time travel. This is just the ability to reverse a system. You take the system and you reverse the direction of motion of every molecule in it.",
          "chapter_name": "Reversing Time: Human Scale vs. Engineering Effort"
        },
        {
          "speaker": "Lex Fridman",
          "speech": "That you can do it with one molecule. If you find a particle moving in a certain direction, let's not say a particle of baseball, you stop it dead and then you simply reverse its motion in principle, that's not too hard and it will go back along its trajectory in the backward direction. Just running the program backwards running the program backward. Okay , if you have two baseballs colliding well you can do it but you have to be very very careful to get it just right . uh 10 baseball's really, really tall.",
          "chapter_name": "Reversing Time: Human Scale vs. Engineering Effort"
        },
        {
          "speaker": "Leonard Susskind",
          "speech": "Or better yet tend 10 Billiard Balls on an Idealist Frictionless Billiard Table. Okay, so you start the balls all on the triangle, right ? And you whack. Um depending on the game you're playing either whack them where you're really careful, but but you're welcome and they go flying off in all possible directions. Try to reverse that, try to reverse that. Imagine trying to take every billiard balls, stopping it dead at some at some point and reversing its motion. So that was going in the opposite direction.",
          "chapter_name": "Reversing Time: Human Scale vs. Engineering Effort"
        },
        {
          "speaker": "Leonard Susskind",
          "speech": "If you did that with tremendous care, it would reassemble itself back into the triangle. Okay, that is a fact. And you can probably do it with two billion balls maybe with three billion balls, if you're really lucky. But what happens is as the system gets more and more complicated, you have to be more and more precise not to make the tiniest error because the tiniest areas will get magnified and you simply not be able to do the reversal. So yeah, you could do that, but I wouldn't call that time travel. Yeah, that's something else . But if you think think of it just made me think if we think the unrolling of state that's happening as a program if uh well look at the world.",
          "chapter_name": "Reversing Time: Human Scale vs. Engineering Effort"
        },
        {
          "speaker": "Leonard Susskind",
          "speech": "So the idea of looking at the world as a simulation as a computer, but it's not a computer, it's just a single program. A question arises . That might be useful. How how hard is it to have a computer that runs the universe? Okay, so there are mathematical universes mm that we know about . One of them is called anti decider space where we and it's quantum mechanics.",
          "chapter_name": "Reversing Time: Human Scale vs. Engineering Effort"
        },
        {
          "speaker": "Leonard Susskind",
          "speech": "Well, I think we could simulate it in a computer and a quantum computer . Classical computer, all you can do is solve its equations. You can't make it work like the real system. If we could build a quantum computer a big enough one, a robust enough one, we could probably simulate a universe. Uh a small version of an anti desiderio universe. Anti desiderio is a kind of cosmology. Okay, so I think we know how to do that.",
          "chapter_name": "Reversing Time: Human Scale vs. Engineering Effort"
        },
        {
          "speaker": "Leonard Susskind",
          "speech": "The trouble is the universe that we live in is not the anti de sitter geometry . It's the decent or geometry and we don't really understand its quantum mechanics at all. So at the present time I would say we wouldn't have the Vegas idea how to simulate a universe similar to our own . Yeah, we could we could we build in the laboratory a small version, a quantum mechanical version. Collection of quantum computers entangled in the and coupled together, which would reproduce the phenomena that go on in the universe. Even on a small scale.",
          "chapter_name": "Reversing Time: Human Scale vs. Engineering Effort"
        },
        {
          "speaker": "Leonard Susskind",
          "speech": "Yes. If it were anti disorder space, know if it's the sitter space, can you slightly describe the sitter space? And anti de sitter space. What are the geometric properties of They differ? They differ by the sign of a single constant called the cosmological constant. One of them is negatively curved .",
          "chapter_name": "Reversing Time: Human Scale vs. Engineering Effort"
        },
        {
          "speaker": "Leonard Susskind",
          "speech": "The other is positively curved. The anti de sitter space which is the negatively curved one you can think of as an isolated system in a box with reflecting walls. You can think of it as a system of quantum mechanical system isolated in an isolated environment. The sitter space is the one we really live in and that's the one that's exponentially expanding. Exponential expansion. Dark energy, whatever we want to call it. And we don't understand that mathematically.",
          "chapter_name": "Reversing Time: Human Scale vs. Engineering Effort"
        },
        {
          "speaker": "Leonard Susskind",
          "speech": "Do we understand? Not everybody would agree with me but I don't understand why they would agree with me. They definitely would agree with me that. I don't understand it. What about is there an understanding of the birth, the origin, the big bang.",
          "chapter_name": "Reversing Time: Human Scale vs. Engineering Effort"
        },
        {
          "speaker": "Leonard Susskind",
          "speech": "So there's one done with these theories. There are theories. My favorite is the one called eternal inflation. The Infiniti can be on both sides and one of the sides and none of the sides. So what uh eternal infinity. Okay infinity . On both sides. Oh boy. Yeah that's why is that your favorite because it's the most just mind blowing.",
          "chapter_name": "Reversing Time: Human Scale vs. Engineering Effort"
        },
        {
          "speaker": "Leonard Susskind",
          "speech": "No because we want a beginning . No. Why do we want a beginning? I practiced it was the beginning of course and practice. There was uh beginning. But could it have been um a random fluctuation in an otherwise infinite the time.",
          "chapter_name": "Reversing Time: Human Scale vs. Engineering Effort"
        },
        {
          "speaker": "Leonard Susskind",
          "speech": "Maybe in any case the the eternal inflation theory, I think if correctly understood would be infinite in both directions. How do you think about infinity ? Oh God. So uh okay, of course you can think about mathematically. I just finished this. I just finished this discussion with my friend Sergei brin. How do you think about infinity? I say? Well, Sergey brin is infinitely rich. Uh how do you",
          "chapter_name": "Reversing Time: Human Scale vs. Engineering Effort"
        }
      ]
    }
  ]
}