{
  "speakers": [
    "Lex Fridman",
    "Michael Stevens"
  ],
  "episode_name": "michael-stevens-vsauce",
  "chapters": [
    {
      "name": "Psychology's Precision: Unraveling Human Behavior",
      "content": [
        {
          "speaker": "Lex Fridman",
          "speech": "The following is a conversation with Michael Stevens, the creator of the Sauce, one of the most popular educational YouTube channels in the world with over 15 million subscribers and over 1.7 billion views. His videos often ask and answer questions that are both profound and entertaining spanning topics from physics to psychology. Popular questions include what if everyone jumped at once or what if the sun disappeared or why are things creepy or what if the earth stopped spinning As part of his channel? He created three seasons of mine field a series that explored human behavior. His curiosity and passion are contagious and inspiring to millions of people and so as an educator has impacted contribution to the world is truly immeasurable. This is the artificial intelligence podcast. If you enjoy it, subscribe on Youtube, get five stars on apple podcast supporter on patreon are simply conduct with me on twitter Alex Friedman spelled F R",
          "chapter_name": "Psychology's Precision: Unraveling Human Behavior"
        },
        {
          "speaker": "Lex Fridman",
          "speech": "I D M A N. I recently started doing ads at the end of the introduction, I'll do one or two minutes after introducing the episode and never any ads in the middle that break the flow of the conversation . I hope that works for you and doesn't hurt the listening experience. This show is presented by cash app, the number one finance app in the app store. I personally use cash out to send money to friends, but you can also use it to buy, sell and deposit Bitcoin in just seconds Cash app also has a new investing feature. You can buy fractions of a stock, say $1 worth no matter what the stock prices, brokerage services are provided by cash up investing. A subsidiary of square and member S. I. P. C. I'm excited to be working with cash out to support one of my favorite organizations called First, best known for their first robotics and lego competitions. They educate and inspire hundreds of thousands of students in over 110 countries and of a perfect rating and charity navigator, which means the donated money is used a maximum effectiveness when you get cash app from the app store, google play and use code and lex podcast, You'll get $10 in cash app will also donate $10 to first, which again is an organization that I've personally seen, inspire girls and boys to dream of engineering a better world. And now here's my conversation with Michael stevens.",
          "chapter_name": "Psychology's Precision: Unraveling Human Behavior"
        },
        {
          "speaker": "Lex Fridman",
          "speech": "One of your deeper interests is psychology understanding human behavior. You've pointed out how messy studying human behavior is and it's far from the scientific rigor of something like physics. For example. How do you think you can Take psychology from where it's been in the 20th century to something more like what the physicists , theoretical physicists are doing something precise, something rigorous. Well, we we could do it by finding the physical foundations of psychology right? If if all of our emotions and moods and feelings and behaviors are the result of mechanical behaviors of atoms and molecules in our brains. Then can we find correlations perhaps like chaos makes that really difficult And the uncertainty principle and all these things that we can't know the position and velocity of every single quantum state in a brain? Probably. But all right. I think that if we you can get to that point with psychology, then we can start to think about consciousness in a physical and and mathematical way.",
          "chapter_name": "Psychology's Precision: Unraveling Human Behavior"
        }
      ]
    },
    {
      "name": "The Cosmic Consciousness Conundrum",
      "content": [
        {
          "speaker": "Lex Fridman",
          "speech": "When we ask questions like, well, what is self reference? How can you think about yourself? Thinking, what are some mathematical structures that could bring that about? There's ideas of in terms of consciousness and breaking it down until physics, there's ideas of panpsychism where people believe that uh, whatever consciousness is is a fundamental part of reality, it's almost like a physics law. Do you think? What's your views on consciousness? Do you think it has this, this deep uh, part of reality or is it something that's deeply human and constructed by us humans? Uh start nice and light and easy, easy. I think I asked you today has actually proven answer, So just hypothesize so yeah, I mean, I should clarify this is all speculation and I'm not an expert in any of these topics and I'm not God, but I think that consciousness is probably um, something that can be fully explained within the laws of physics .",
          "chapter_name": "The Cosmic Consciousness Conundrum"
        },
        {
          "speaker": "Michael Stevens",
          "speech": "I think that our, you know , bodies and brains and, and the universe and at the quantum level is so rich and complex? I'd be surprised if we couldn't find a room for consciousness there. And why should we be conscious, why are we aware of ourselves? That is a very strange and interesting and important question. And I think for the next few 1000 years we're going to have to believe in answer is purely on faith. But my guess is that we will find that, you know, within the configuration space of possible arrangements of the universe.",
          "chapter_name": "The Cosmic Consciousness Conundrum"
        },
        {
          "speaker": "Lex Fridman",
          "speech": "There are some that contain memories of others literally um Julian barbour calls them time capsule states where you're like, yeah, not only do I have a scratch on my arm, but also this state of the universe also contains a memory in my head of being scratched by my cat three days ago. And for some reason those kinds of states of the universe are more plentiful or more likely when you say those states, the ones with that contain memories of its past or ones that contain memories of its past and have degrees of consciousness just the first part because I think the consciousness then emerges from the fact that a state of the universe that contains fragments or memories of other states is one where you're going to feel like there's time you're going to feel like yeah, things in that happened in the past. And I don't know what will happen in the future because these states don't contain information about the future. For some reason those kind of states are either more common, more plentiful or you can use the anthropic principle and just say, well, they're extremely rare, but until you are in one or if you are in one, then you can ask questions like you you're asking me on this podcast . Why questions? Yeah. It's like why are we conscious?",
          "chapter_name": "The Cosmic Consciousness Conundrum"
        },
        {
          "speaker": "Michael Stevens",
          "speech": "Well, because if we weren't, we wouldn't be asking why we were. You've kind of implied that you have a sense again, hypothesis theorizing that the universe is deterministic . What's your thoughts about free will? Do you think of the universe is deterministic? In a sense that it's unrolling in particular, like there's uh operating under a specific set of physical laws and when you have to set the initial conditions, it will enroll in the exact same way in our particular line of the universe every time. That is a very useful way to think about the universe. It's done as well.",
          "chapter_name": "The Cosmic Consciousness Conundrum"
        }
      ]
    },
    {
      "name": "The Gap Between Reality and Illusion: A Mind-Bending Debate",
      "content": [
        {
          "speaker": "Lex Fridman",
          "speech": "It's brought us to the moon, it's brought us to where we are today, right? I would not say that I believe in determinism in that kind of an absolute form or actually I just don't care. Maybe it's true, but I'm not going to live my life like it is what in your son's because you've studied kind of how we humans think of the world, What's in your view is the difference between our perception, like how we think the world is and reality. Do you think there's a huge gap there, Like we delude ourselves that the whole thing is an illusion? Just everything about human psychology, the way we see things and how things actually are, all the things you've studied, What's your sense? How big is the gap between reality? Well, again, purely speculative.",
          "chapter_name": "The Gap Between Reality and Illusion: A Mind-Bending Debate"
        },
        {
          "speaker": "Michael Stevens",
          "speech": "I think that we will never know the answer. We cannot know the answer. There is no experiment to find an answer to that question. Everything we experience is an event in our brain. When I look at a cat, I'm not even I can't prove that there's a cat there.",
          "chapter_name": "The Gap Between Reality and Illusion: A Mind-Bending Debate"
        },
        {
          "speaker": "Michael Stevens",
          "speech": "All I am experiencing is the perception of a cat inside my own brain. I am only a witness to the events of my mind. I think it is very useful to infer that if I witness the event of cat in my head, it's because I'm looking at a cat that is literally there and has its own feelings and motivations and should be pet and given food and water and love. I think that's the way you should live your life. But whether or not we live in a simulation on the brain in a vat, I don't know, do you care? I don't really well, I care because it's a fascinating question and it's a fantastic way to get people excited about all kinds of topics. Physics, psychology, consciousness, philosophy.",
          "chapter_name": "The Gap Between Reality and Illusion: A Mind-Bending Debate"
        },
        {
          "speaker": "Lex Fridman",
          "speech": "But at the end of the day, what would the difference be if you the cat needs to be fed at the end of the day, otherwise it'll be a dead cat, right? But if it's not even a real cat, then it's just like a video game cat and Right. So what's the difference between killing a digital cat in the video game because of neglect versus a real cat? It seems very different to us psychologically like I don't really feel bad about, oh my gosh , I forgot to feed my Tamagotchi, right? But I would feel terrible if I forgot to feed my actual cats. So can you just touch on the topic of simulation?",
          "chapter_name": "The Gap Between Reality and Illusion: A Mind-Bending Debate"
        },
        {
          "speaker": "Michael Stevens",
          "speech": "Do you find this thought experiment that we're living in a simulation useful inspiring a constructive in any kind of way? Do you think it's ridiculous? Do you think it could be true or is it just a useful thought experiment? I think it is extremely useful as a thought experiment because it makes sense to everyone. Especially as we see virtual reality and computer games getting more and more complex. You're not talking to an audience in like Newton's time where you're like imagine a clock that it has mechanics in it that are so complex that it can create love and everyone's like, no, but today you really start to feel, you know, man, at what point is this little robot friend of mine gonna be like someone, I don't want to cancel plans with?",
          "chapter_name": "The Gap Between Reality and Illusion: A Mind-Bending Debate"
        },
        {
          "speaker": "Lex Fridman",
          "speech": "And you know, And so it's a great the thought experiment of do we live in a simulation?",
          "chapter_name": "The Gap Between Reality and Illusion: A Mind-Bending Debate"
        }
      ]
    },
    {
      "name": "The Brain in a Vat Question: Exploring Deepest Questions with Lex Fridman",
      "content": [
        {
          "speaker": "Michael Stevens",
          "speech": "Am I a brain in a vat that is just being given electrical impulses from some nefarious other beings, so that I believe that I live on earth and that I have a body in all of this. And the fact that you can't prove it either way is a fantastic way to introduce people to some of the deepest questions. So you mentioned a little buddy that you would want to cancel an appointment with. So that's a lot of our conversations. That's when my research is artificial intelligence and I apologize, but you're such a fun person to ask these big questions with. Well, I hope I can give some answers that are interesting. Well, because because of you've sharpened your brain's ability to explore some of the most some of the questions that many scientists actually afraid of even touching, which is fascinating. I think you're in that sense, ultimately a great scientist through this process of sharpening your brain.",
          "chapter_name": "The Brain in a Vat Question: Exploring Deepest Questions with Lex Fridman"
        },
        {
          "speaker": "Lex Fridman",
          "speech": "Well, I don't know if I am a scientist, I think, you know, science is a way of knowing. And there are a lot of questions I investigate that are not scientific questions on on like mind field. We have definitely done scientific experiments and studies that had hypotheses and all of that, but, you know, not to be too like precious about what does the word science mean, but I think I would describe myself as curious and I hope that that curiosity is contagious. So to you, the scientific method is deeply connected to science because your curiosity took you to asking questions to me asking a good question, Even if you feel society feels that it's not a question within the reach of science. Currently to me asking the question is the biggest step of the scientific process.",
          "chapter_name": "The Brain in a Vat Question: Exploring Deepest Questions with Lex Fridman"
        },
        {
          "speaker": "Michael Stevens",
          "speech": "The scientific method is the second part. And that may be what traditionally is called science. But to me asking the questions being brave enough to ask the questions being curious and not constrained by what you're supposed to think is uh is just true. What it means to be a scientist. To me, it's certainly a huge part of what it means to be human. If I were to say you know what, I don't believe in forces.",
          "chapter_name": "The Brain in a Vat Question: Exploring Deepest Questions with Lex Fridman"
        },
        {
          "speaker": "Lex Fridman",
          "speech": "I think that when I push on a massive object , a ghost leaves my body and enters the object I'm pushing. And these ghosts happened to just get really lazy when they're around massive things and that's why F. Equals M. A . Oh and by the way the laziness of the ghost is in proportion to the mass of the object. So boom proved me wrong.",
          "chapter_name": "The Brain in a Vat Question: Exploring Deepest Questions with Lex Fridman"
        }
      ]
    },
    {
      "name": "Revolutionizing Science: Challenging Conventional Thinking",
      "content": [
        {
          "speaker": "Michael Stevens",
          "speech": "Every experiment. Well you can never find the ghost.",
          "chapter_name": "Revolutionizing Science: Challenging Conventional Thinking"
        },
        {
          "speaker": "Michael Stevens",
          "speech": "And so none of that theory is scientific. But once I start saying, can I see the ghost, why should there be a ghost? And if there aren't ghosts, what might I expect ? And I start to do different tests to see? Um Is this falsify a ble um are there things that should happen if there are ghosts through things that shouldn't happen? And do they, what do I observe now? I'm thinking scientifically, I don't think of science as, wow, a picture of a black hole.",
          "chapter_name": "Revolutionizing Science: Challenging Conventional Thinking"
        },
        {
          "speaker": "Michael Stevens",
          "speech": "That's just a photograph, that's an image, that's data. That's a sensory and perception. Experience. Science is how we got that and how we understand it and how we believe in it and how we reduce our uncertainty around what it means. But I would say I'm deeply within the scientific community and and sometimes disheartened by the elitism of the thinking, sort of not allowing yourself to think outside the box.",
          "chapter_name": "Revolutionizing Science: Challenging Conventional Thinking"
        },
        {
          "speaker": "Michael Stevens",
          "speech": "So allowing the possibility of going against the conventions of signs, I think is is uh beautiful part of some of the greatest scientists in history. I don't know, I'm impressed by scientists every day and uh revolutions in our knowledge of the world occur only under very special circumstances. It is very scary to challenge conventional thinking and and and risky because let's go back to elitism and ego, right? If you just say, you know what I believe in the spirits of my body and all forces are actually created by invisible creatures that transfer themselves between objects. If you ridicule every other theory and say that you're you're you're correct then ego gets involved and you just don't go anywhere. But the fundamentally the question of, well, what is a force um is incredibly important.",
          "chapter_name": "Revolutionizing Science: Challenging Conventional Thinking"
        },
        {
          "speaker": "Michael Stevens",
          "speech": "We need to have that conversation, but it needs to be done in this very political way of like let's be respectful of everyone and let's realize that we're all learning together and not shutting out other people. And so when you look at a lot of revolutionary ideas, um they were not accepted right away and you know Galileo had a couple of problems with the authorities and later thinkers day cart was like all right, look I kind of agree with Galileo but I'm gonna have to not say that I'll have to create and invent and write different things that keep me from being in trouble. But we still slowly made progress revolutions are difficult in all forms and certainly in science before we get to a eye on topic of revolutionary ideas. Let me ask on reddit A. M. A. You said that is the Earth Flat is one of the favorite questions you ever answered. Speaking of revolutionary ideas, so your video on that people should definitely watch is really fascinating. Can you elaborate why you enjoyed answering this question so much? Yeah,",
          "chapter_name": "Revolutionizing Science: Challenging Conventional Thinking"
        }
      ]
    },
    {
      "name": "Flat Earth Theories: Exploring the Edge of Science",
      "content": [
        {
          "speaker": "Michael Stevens",
          "speech": "well it's a long story. I remember A long time ago I was living in New York at the time, so it had to have been like 2009 or something. I visited the flat earth forums and this was before the flat earth theories became as sort of mainstream as they are, started to ask the dumb question forms online forms. Yeah, the flat earth society. I don't know if it's dot com or dot org, but I went there and I was reading, you know, their ideas and how they responded to typical criticisms of well, the Earth isn't flat because what about this? And I could not tell and I mentioned this in my video, I couldn't tell how many of these community members actually believed the earth was flat or we're just trolling. And I realized that the fascinating thing is how do we know anything and what makes for a good belief versus a maybe not so tenable or good belief. And so that's really what my video about Earth being flat is about.",
          "chapter_name": "Flat Earth Theories: Exploring the Edge of Science"
        },
        {
          "speaker": "Lex Fridman",
          "speech": "It's about, look, there are a lot of reasons uh the earth is probably not flat. Um but a flat Earth believer can respond to every single one of them, but it's all in an ad hoc way. And all of these, all their rebuttals aren't necessarily going to form a cohesive, non contradictory whole. And I believe that's the episode where I talk about Occam's razor and Newton's flaming laser sword. And then I say, well, you know what, wait a second, we know that space contracts as you move. And so to a particle moving near the speed of light towards earth, Earth would be flattened in the direction of that particles travel. So to them, Earth is flat, like we need to be, you know, really generous to even wild ideas because they're all thinking they're all the communication of ideas and what else can it mean to be a human? Yeah.",
          "chapter_name": "Flat Earth Theories: Exploring the Edge of Science"
        },
        {
          "speaker": "Michael Stevens",
          "speech": "And I think I'm a huge fan of the flat earth theory, quote unquote in the sense that to me feels harmless to explore some of the questions of what it means to believe something, what it means to explore the edge of science and so on. It's because it's a harm. It's to me nobody gets hurt whether the earth is flat around. Not literally, but I mean intellectually when we're just having a conversation that said again to elitism, uh I find that scientists roll their eyes way too fast on the flat earth, the kind of dismissal that I see to this even notion they haven't like sat down and say what are the arguments that are being proposed and this is why these arguments are correct. So you know, that should be something that scientists should always do even to the most sort of ideas that seem ridiculous. I like this is almost it's almost my test when I ask people what they think about flat earth theories to see how quickly they roll their eyes. Uh",
          "chapter_name": "Flat Earth Theories: Exploring the Edge of Science"
        }
      ]
    },
    {
      "name": "The Flat Earth Debate: Science, Doubt, and Thought Experiment",
      "content": [
        {
          "speaker": "Michael Stevens",
          "speech": "Well yeah, I mean let me go on record and say that the earth is not flat.",
          "chapter_name": "The Flat Earth Debate: Science, Doubt, and Thought Experiment"
        },
        {
          "speaker": "Michael Stevens",
          "speech": "It is a three dimensional spheroid. However, I don't know that and it has not been proven . Science doesn't prove anything. It just reduces uncertainty. Could the Earth actually be flat mm extremely unlikely. Extremely unlikely. And so it is a ridiculous notion if we care about how probable and certain our ideas might be.",
          "chapter_name": "The Flat Earth Debate: Science, Doubt, and Thought Experiment"
        },
        {
          "speaker": "Michael Stevens",
          "speech": "But I think it's incredibly important to talk about science in that way and to not resort to well it's true, it's true in the same way that a mathematical theorem is true. And I think we're kind of like being pretty pedantic about defining this stuff. But like sure I could take a rocket ship out and I could orbit Earth and look at it and it would look like a ball, right? But I still can't prove that I'm not living in a simulation that I'm not a brain in a vat that this isn't all an elaborate ruse created by some technologically advanced extraterrestrial civilization. So there's always some doubt and that's fine.",
          "chapter_name": "The Flat Earth Debate: Science, Doubt, and Thought Experiment"
        },
        {
          "speaker": "Michael Stevens",
          "speech": "That's exciting. And I think that kind of doubt practically speaking is useful when you start talking about quantum mechanics or string theory sort of it helps to me that kind of little adds a little spice into the thinking process of scientists. So I mean just I just as a thought experiment, your video kind of okay, say the earth is flat. What would the forces when you walk about this flat Earth feel like to the human. That's a really nice thought experiment to think about because what's really nice about it is that it's it's a funny thought experiment but you actually wind up accidentally learning a whole lot about gravity and about relativity and geometry and I think that's really the goal of what I'm doing. I'm not trying to convince people that the earth is round . I feel like you either believe that it is or you don't like that. You know how can I change that?",
          "chapter_name": "The Flat Earth Debate: Science, Doubt, and Thought Experiment"
        },
        {
          "speaker": "Lex Fridman",
          "speech": "What I can do is change how you think and how you are introduced to important concepts like well how does gravity operate? Oh, it's all about the center of mass of an object. So right on a sphere where all pulled towards the middle, essentially the central oid geometrically . But on a disk you're going to be pulled at a weird angle if you're out near the edge. And that stuff's fascinating . Yeah. And to me that's that was that that that particular video opened my eyes even more to what gravity is.",
          "chapter_name": "The Flat Earth Debate: Science, Doubt, and Thought Experiment"
        }
      ]
    },
    {
      "name": "Flat Earth Debunked: Unorthodox Thinkers & AI Potential",
      "content": [
        {
          "speaker": "Michael Stevens",
          "speech": "It's just a really nice visualization to love because you always imagine gravity with spheres with masses that are spheres and imagining gravity on masses that are not spherical, some some other shape. But here a plate, a flat object. It's really interesting . It makes you really kind of visualizing the third dimension away the force even if a disk, the size of Earth would be impossible. I think anything larger than like the moon basically needs to be a sphere because gravity will round it out. So you can't have a tea cup the size of jupiter , right?",
          "chapter_name": "Flat Earth Debunked: Unorthodox Thinkers & AI Potential"
        },
        {
          "speaker": "Michael Stevens",
          "speech": "There's a great book about a tea cup in the universe that I highly recommend. I don't remember the author, I forget her name, but it's a wonderful book. So, look it up. I think it's called Teacup in the Universe. Still linger on this point briefly, your videos are generally super people love them, right? If you look at the sort of number of likes versus dislikes , this this measure of Youtube, right, is incredible. And as do I, but this particular flat Earth video has more dislikes that than usual. What what are you on that topic in general?",
          "chapter_name": "Flat Earth Debunked: Unorthodox Thinkers & AI Potential"
        },
        {
          "speaker": "Lex Fridman",
          "speech": "What's your sense how big is the community? Not just who believes in flat Earth, but sort of the anti scientific community that naturally distrust scientists in a way that's um that's not an open minded way, like really just distressed scientists, like they're bought by some kinds of the kind of mechanism of the some kind of bigger system that's trying to manipulate human beings. What's your sense of the size of that community? You're one of the sort of great um educators in the world that educates people on the exciting power of science. So you're kind of up against this community? What's your sense of it? I I really have no idea.",
          "chapter_name": "Flat Earth Debunked: Unorthodox Thinkers & AI Potential"
        },
        {
          "speaker": "Michael Stevens",
          "speech": "I I haven't looked at the likes and dislikes on the flat Earth video. And so I would wonder if it has a greater percentage of dislikes than usual. Is that because of people disliking it because they, you know, think that it's a video about Earth being flat and they find that ridiculous and they dislike it without even really watching much. Um they wish that I was more like dismissive of other theories. Um I know there are a lot of response videos that kind of go through the episode and our pro flat Earth, but I don't know if there's a larger community of unorthodox thinkers today than there have been in the past and I just want to not lose them, I want them to keep listening and thinking and by calling them all, you know, idiots or something like that is no good because how idiotic are they? Really? I mean the earth isn't a sphere at all, like we know that it's an oblate spheroid and that in and of itself is really interesting",
          "chapter_name": "Flat Earth Debunked: Unorthodox Thinkers & AI Potential"
        },
        {
          "speaker": "Lex Fridman",
          "speech": "and I investigated that in which way is down where I'm like really down, does not point towards the center of the earth, It points in different direction depending on what's underneath you and what's above you and what's around you, the whole universe is, is tugging on me. And then you also show that gravity is non uniform across the globe. Like if you just get a thought experiment, if you build a bridge all the way in and um all the way across the Earth and then just knock out its pillars, What would happen to be, you describe how it would be like a very chaotic, unstable thing that's happening because gravity is non uniform throughout the earth? And small spaces, like the ones we work in, we can essentially assume that gravity is uniform, but it's not, it is weaker the further you are from the earth and it also um is going to be, it's radial lee pointed towards the middle of the earth. So a really large object will feel tidal forces because of that non uniform this. And we can take advantage of that with satellites, right gravitational induced torque. It's a great way to align your satellite without having to use fuel or any kind of , you know, engine.",
          "chapter_name": "Flat Earth Debunked: Unorthodox Thinkers & AI Potential"
        },
        {
          "speaker": "Lex Fridman",
          "speech": "So let's jump back to it, artificial intelligence. What's your thought of the state of where we are at currently with artificial intelligence And what do you think it takes to build human level or super human level intelligence? I don't know what intelligence means.",
          "chapter_name": "Flat Earth Debunked: Unorthodox Thinkers & AI Potential"
        }
      ]
    },
    {
      "name": "Intelligence, Natural Language Conversation, and Anthropomorphizing Machines",
      "content": [
        {
          "speaker": "Michael Stevens",
          "speech": "That's my biggest question at the moment. And it's I think because my instinct is always to go, well, what are the foundations here of our discussion?",
          "chapter_name": "Intelligence, Natural Language Conversation, and Anthropomorphizing Machines"
        },
        {
          "speaker": "Lex Fridman",
          "speech": "What does it mean to be intelligent? How do we measure the intelligence of an artificial machine or a program or something? Can we say that humans are intelligent? Because there's also a fascinating field of how do you measure human intelligence of course. But if we just take that for granted saying that whatever this fuzzy intelligence thing we're talking about, humans kind of have it, what would be a good test for you? So touring developed a test that's natural language conversation, Would that impress you a chat bot that you want to hang out and have a beer with, you know , for a bunch of hours or have dinner plans with? Is that a good test? Natural language conversation. Is there something else that would impress you Or is that also two different? I'm pretty much impressed by everything.",
          "chapter_name": "Intelligence, Natural Language Conversation, and Anthropomorphizing Machines"
        },
        {
          "speaker": "Michael Stevens",
          "speech": "But I think that if Roomba if there was a chat bot that was like incredibly, I don't know really had a personality and if I didn't see the turning test, right, like if I'm unable to tell that it's not another person. But then I was shown a bunch of wires and mechanical components and it was like that's actually what you're talking to. I don't know if I would feel that guilty, destroying it, I would feel guilty because clearly it's well made and it's a really cool thing. It's like destroying a really cool car or something, but I would not feel like I was a murderer. So yeah, at what point would I start to feel that way? And, and this is such a subjective psychological question, if you give it movement or if you have it act as though or perhaps really feel pain as I destroy it and scream and resist, then I feel that it's beautifully put and let's just say act like it's a pain.",
          "chapter_name": "Intelligence, Natural Language Conversation, and Anthropomorphizing Machines"
        },
        {
          "speaker": "Michael Stevens",
          "speech": "So if you just have a robot that not screens just like moans in pain. If you kick it that immediately just puts in a class that we humans. It becomes we anthropomorphize it almost immediately becomes human . That's psychology question as opposed to sort of a physics question . Right?",
          "chapter_name": "Intelligence, Natural Language Conversation, and Anthropomorphizing Machines"
        }
      ]
    },
    {
      "name": "AI, Existential Threats, and Babies: A Balance of Worry",
      "content": [
        {
          "speaker": "Lex Fridman",
          "speech": "I think that's a really good instinct to have.",
          "chapter_name": "AI, Existential Threats, and Babies: A Balance of Worry"
        },
        {
          "speaker": "Lex Fridman",
          "speech": "You know if the robot screams, screams and and and moans even if you don't believe that it has the mental experience, the quality of pain and suffering. I think it's still a good instinct to say, you know what? I'd rather not heard it. The problem is that instinct can get us in trouble because then robots can manipulate that and uh you know there's different kinds of robots as robots like the facebook and the Youtube algorithm that recommends the video and they can manipulate the same kind of way. Well let me ask you just to stick on artificial intelligence for a second . Do you have worries about existential threats from ai or existential threats from other technologies like nuclear weapons that could potentially destroy life on earth or damage it to a very significant degree? Yeah, of course I do.",
          "chapter_name": "AI, Existential Threats, and Babies: A Balance of Worry"
        },
        {
          "speaker": "Michael Stevens",
          "speech": "Especially the weapons that we create. There's all kinds of famous ways to think about this and one is that, wow, what if we don't see advanced alien civilizations because of the danger of uh huh technology. What if we reach a point and I think there's a channel 32 Geez I wish I remembered the name of the channel but he delves into this this kind of limit of maybe once you discover radio activity and its power, you've reached this important hurdle .",
          "chapter_name": "AI, Existential Threats, and Babies: A Balance of Worry"
        },
        {
          "speaker": "Michael Stevens",
          "speech": "And the reason that the skies are so empty is that no one's ever like managed to survive as a civilization once they have that destructive power and when it comes to a I I'm not really very worried because I think that there are plenty of other people that are already worried enough. And often times these worries are just they just get in the way of progress and there are questions that we should address later. And you know, I I think I talked about this in my interview with um the self driving autonomous vehicle guy as I think it was a bonus scene from the trolley problem episode and I'm like, wow, what should a car do it? Like this really weird contrived scenario happens where it has to like swerve and like save the driver but kill a kid . And he's like, well you know, what would a human do? And if we resist technological progress because we're worried about all of these little issues then it gets in the way and we shouldn't avoid those problems, but we shouldn't allow them to be stumbling blocks to advancement. So the you know, folks like Sam Harris and Elon musk are saying that we're not worried enough.",
          "chapter_name": "AI, Existential Threats, and Babies: A Balance of Worry"
        },
        {
          "speaker": "Michael Stevens",
          "speech": "So worry should not paralyze technological progress, but we're sort of marching technology is marching forward without the key scientists, the developing the technology worrying about the overnight having some effects that would be very detrimental to society. So to push back in your thought of the idea that there's enough people worrying about it. Elon musk says there's not enough people worrying about it. That's the kind of balance is uh, you know, it's like folks who really focused on nuclear deterrence are saying there's not enough people worried about nuclear deterrents, Right? So it's an interesting question of what is a good threshold of people to worry about these. And if it's too many people that are worried, you're right, it'll be like the press would over report on it and it'll be technological halt technological progress. It's not enough, then we can march straight ahead into that abyss that human beings might be destined for with the progress of technology.",
          "chapter_name": "AI, Existential Threats, and Babies: A Balance of Worry"
        },
        {
          "speaker": "Michael Stevens",
          "speech": "Yeah, I don't know what the right balance is of how many people should be worried and how worried should they be. But we're always worried about new technology. You know, we know that Plato was worried about the written word. We shouldn't teach people to write because then they won't use their minds to remember things. There have been concerns over technology and it's advancement since the beginning of recorded history. And so, you know, I think however these conversations are really important to have because again, we learn a lot about ourselves. If we're really scared of some kind of a I like coming into being that is conscious or whatever and and can self replicate.",
          "chapter_name": "AI, Existential Threats, and Babies: A Balance of Worry"
        },
        {
          "speaker": "Michael Stevens",
          "speech": "We already do that every day. It's called humans being born. They're not artificial. They're they're they're humans, but they're intelligent. And I don't want to live in a world where we're worried about babies being born. Because what if they become evil?",
          "chapter_name": "AI, Existential Threats, and Babies: A Balance of Worry"
        },
        {
          "speaker": "Lex Fridman",
          "speech": "What if they become mean people? What if they what if they're thieves? Maybe we should just like what not have babies born? Like maybe we shouldn't create a i it's like, you know, we we will want to have safeguards in place in the same way that we know, look, kid could be born that becomes some kind of evil person, but we have, um, loss, right? And it's possible that would advance the genetics in general, be able to , you know, it's a scary thought to say that, you know, this my child If born would be would have an 83% chance of being a psychopath , right? Like being able to if it's something genetic, if there's some sort of and what to use that information, what to do with that information is a difficult ethical. Yeah, I'd like to find an answer that isn't well, let's not have them live.",
          "chapter_name": "AI, Existential Threats, and Babies: A Balance of Worry"
        },
        {
          "speaker": "Michael Stevens",
          "speech": "You know, I'd like to find an answer that is, well, all human life is worthy. And if you have an 83% chance of becoming a psychopath, well, you still deserve dignity and you still deserve to be treated well and you still have rights at least at this part of the world, at least in America. There's a respect for individual life in that way. That's uh well to me. But again, I'm in this bubble is a beautiful thing.",
          "chapter_name": "AI, Existential Threats, and Babies: A Balance of Worry"
        },
        {
          "speaker": "Michael Stevens",
          "speech": "But there's other cultures where individual human life is not that important, where a society. So I was born in soviet union where the strength of nation and society together is more important than the any one particular individual. So it's an interesting also notion the stories we tell ourselves. I like the one where individuals matter, but it's unclear that that was what the future holds. Well.",
          "chapter_name": "AI, Existential Threats, and Babies: A Balance of Worry"
        }
      ]
    },
    {
      "name": "Elon Musk's Responsibility in Power and Fandom",
      "content": [
        {
          "speaker": "Michael Stevens",
          "speech": "Yeah, I mean let me even throw this out like what is artificial intelligence?",
          "chapter_name": "Elon Musk's Responsibility in Power and Fandom"
        },
        {
          "speaker": "Michael Stevens",
          "speech": "How can it be artificial? I really think that we get pretty obsessed and stuck on the idea that there is something that is a wild human, a pure human organism without technology. But I don't think that's a real thing. I think that humans and human technology are one organism. Look at my glasses. Okay, if an alien came down and saw me, would they necessarily know that this is an invention that I don't grow these organically from my body.",
          "chapter_name": "Elon Musk's Responsibility in Power and Fandom"
        },
        {
          "speaker": "Lex Fridman",
          "speech": "They wouldn't know that right away and the written word and spoons and cups. These are all pieces of technology. We are not alone as an organism. And so the technology we create, whether it be video games or artificial intelligence that can self replicate and hate us, it's actually all the same organism when you're in a car . Where do you end in the car began? It seems like a really easy question to answer.",
          "chapter_name": "Elon Musk's Responsibility in Power and Fandom"
        },
        {
          "speaker": "Michael Stevens",
          "speech": "But the more you think about it, the more you realize, wow, we are in this symbiotic relationship with our inventions and there are plenty of people who are worried about it and there should be. Um, but it's it's inevitable and I think that even just us think of ourselves as individual. Individual intelligence is maybe a silly notion because you know, it's much better to think of the entirety of human civilization, living all living organisms on earth as a single living organism as a single intelligent creature because you write everything is intertwined. Everything is deeply connected. So I mentioned you'll mask. Uh so you're a curious lover of science. What do you think of the efforts that Elon musk is doing with space exploration with electric vehicles? With autopilot sort of getting into the space of autonomous vehicles with boring under L. A. And neuralink trying to communicate brain. Machine interfaces communicate between machines and human brains? Well, it's really inspiring.",
          "chapter_name": "Elon Musk's Responsibility in Power and Fandom"
        },
        {
          "speaker": "Michael Stevens",
          "speech": "I mean look at the the fandom that he's a masked, it's it's not common for someone like that to have such a following. And so when you're a nerd. Yeah. So it's really, it's really exciting. But I also think that a lot of responsibility comes with that kind of power.",
          "chapter_name": "Elon Musk's Responsibility in Power and Fandom"
        },
        {
          "speaker": "Lex Fridman",
          "speech": "So like if I met him, I would love to hear how he feels about the responsibility he has when, when there are people who are such a fan of your ideas and your dreams and share them so closely with you. You have a lot of power and he didn't always have that. You know, he wasn't born as Elon musk. Well he was, but well, he was named that later. But the point is that I, I want to know the psychology of becoming a figure like him. Well, I don't even know how to phrase the question, right? But it's a question about what do you do when you're, you're, you're following your fans become so you know, large that it's almost bigger than you.",
          "chapter_name": "Elon Musk's Responsibility in Power and Fandom"
        },
        {
          "speaker": "Lex Fridman",
          "speech": "And how do you, how do you responsibly manage that? And maybe it doesn't worry him at all. And that's fine too. But I'd be really curious and I think there are a lot of people that go through this when they realize whoa, There are a lot of eyes on me. There are a lot of people who really take what I say very earnestly and take it to heart and will defend me and who, that's, that's um, that, that can be dangerous and, and um, you have to be responsible with it, both in terms of impact on society and psychologically for the individual. Just just the burden psychologically and onion. Yeah, yeah. How does he, how does he think about that part of his, his persona?",
          "chapter_name": "Elon Musk's Responsibility in Power and Fandom"
        }
      ]
    },
    {
      "name": "The Burden of Responsibility in Educating the World",
      "content": [
        {
          "speaker": "Michael Stevens",
          "speech": "Well let me throw that right back at you because in some ways you're just a funny guy that gotten a humongous following. A funny guy with a curiosity. Uh, you've got a huge following. How do you psychologically deal with the responsibility in many ways? You have a reach in many ways bigger than you on musk? What is your, what is the burden that you feel in educating? Being one of the biggest educators in the world where everybody's listening to you and actually everybody like the most of the world that uses Youtube for education material trust you as a source of good, strong scientific thinking. It's a burden. And I try to approach it with a lot of um humility and sharing, like I'm not out there doing a lot of scientific experiments. I am sharing the work of real scientists and I'm celebrating their work and the way that they think and the power of curiosity, but I want to make it clear at all times that like, look, you know, we don't know all the answers and I don't think we're ever going to reach a point where we're like, wow and there you go, that's the universe.",
          "chapter_name": "The Burden of Responsibility in Educating the World"
        },
        {
          "speaker": "Lex Fridman",
          "speech": "It's this equation, you plug in some conditions or whatever and you do the math and you know what's going to happen tomorrow. I don't think we're going to reach that point but I think that there is a tendency to sometimes believe in science and become elitist and become I don't know hard when in reality it should humble you and make you feel smaller. I think there's something very beautiful about feeling very, very small and very weak and to feel that you need other people. So I try to keep that in mind and say, look thanks for watching V sausage and I'm not the sauce you are when I start the episodes I say, hey the sauce, Michael here, the sauce and Michael are actually a different thing in my mind. I don't know if that's always clear but yeah,",
          "chapter_name": "The Burden of Responsibility in Educating the World"
        },
        {
          "speaker": "Michael Stevens",
          "speech": "I have to approach it that way because it's not about me. Yeah, so it's not even you're not feeling a responsibility. You're just sort of plugging into this big thing that is scientific exploration of our reality and your voice that represents a bunch but you're you're just plugging into this big V sauce ball that others, millions of others have plugged into you and I'm just hoping to encourage curiosity and responsible thinking and um an embracement of doubt and being okay with that. So next week talking to Crystal's Gaudreau, I'm not sure if you're familiar who he is but he's the VP of engineering. Head of the quote unquote youtube algorithm or the search and discoveries?",
          "chapter_name": "The Burden of Responsibility in Educating the World"
        },
        {
          "speaker": "Michael Stevens",
          "speech": "Let me ask first high level do you have do you have a question for him that if you can get an answer honest answer that you would ask but more generally, how do you think about the Youtube algorithm that drives some of the motivation behind you know some of the design decisions you make as you ask and answer some of the questions you do. How would you improve this algorithm in your mind in general? So it's just what would you ask him and outside of that, how would you like to see the algorithm improve? Well, I think of the algorithm as a mirror. It reflects what people put in and we don't always like what we see in that mirror from the individual mirror to the individual merits of the society. Both in the aggregate it's reflecting back what people on average want to watch and when you see things being recommended to you it's reflecting back what it thinks you want to see.",
          "chapter_name": "The Burden of Responsibility in Educating the World"
        },
        {
          "speaker": "Michael Stevens",
          "speech": "And specifically I would guess that it's not just what you want to see but what you will click on and what you will watch some of and stay on Youtube because of I don't think that this is all me guessing. But I don't think that youtube cares if you only watch like a second of the video. As long as the next thing you do is open another video. If you Close the app or close the site. That's a problem for them because they're not a subscription platform. They're not like, look, you're giving us $20 a month, no matter what. So who cares?",
          "chapter_name": "The Burden of Responsibility in Educating the World"
        },
        {
          "speaker": "Lex Fridman",
          "speech": "They need you to watch and spend time there and see ads.",
          "chapter_name": "The Burden of Responsibility in Educating the World"
        }
      ]
    },
    {
      "name": "Youtube Algorithm: Human Behavior Reflection",
      "content": [
        {
          "speaker": "Lex Fridman",
          "speech": "So one of things I'm curious about whether they do consider longer term sort of developed you, your longer term development as a human being, which I think ultimately it will make you feel better about using Youtube in the long term and allowing you to stick with it for longer because even if you feed the dopamine rush in the short term and you keep clicking on cat videos, the eventually you sort of wake up like from a drug and say I need to quit this. So I wonder how much they're trying to optimize for the long term because when I look at the, you know, your videos aren't exactly sort of no offense, but they're not the most clickable. They're both the most clickable. And I feel I watched the entire thing and I feel a better human after I watched it. Right? So like they're not just optimizing for the click ability because this, I hope so. My thought is how do you think of it? And does it affect your own content? Like how deep you go, how profound you explore the directions and so on. I've been really lucky in that I don't worry too much about the algorithm.",
          "chapter_name": "Youtube Algorithm: Human Behavior Reflection"
        },
        {
          "speaker": "Michael Stevens",
          "speech": "I mean look at my thumbnails, I don't really go to wild with them. And with minefield where I'm in partnership with Youtube on the thumbnails, I'm often like, let's pull this back , let's be mysterious. Usually I'm just trying to do what everyone else is not doing. So if everyone's doing crazy Photoshop kind of thumbnails, I'm like what if the thumbnails just a line and what if the title is just a word? And I, I kind of feel like all of the the sauce channels have cultivated an audience that expects that. And so they would rather jake make a video that's just called stains than one called I explored stains, shocking. But there are other audiences out there that want that.",
          "chapter_name": "Youtube Algorithm: Human Behavior Reflection"
        },
        {
          "speaker": "Michael Stevens",
          "speech": "And you know, I think most people kind of want what you see the algorithm favoring which is mainstream, traditional celebrity and news kind of information. I mean that's what makes Youtube really different than other streaming platforms. No one's like what's going on in the world will open up netflix to find out. But you do open up twitter to find that out. You open up facebook, you can open up Youtube because you'll see that the trending videos are like what happened amongst the traditional, mainstream people in different industries and that's what's being shown and it's it's not necessarily Youtube saying we want that to be what you see. It's that that's what people click on when they see Ariana grande, you know, reads a love letter from her high school sweetheart.",
          "chapter_name": "Youtube Algorithm: Human Behavior Reflection"
        },
        {
          "speaker": "Michael Stevens",
          "speech": "They're like, I want to see that. And when they see a video from me that's got some lines in math and it's called law and causes, they're like, well, I mean I'm just on the bus like I don't have time to dive into a whole lesson. So you know, before you get super mad at Youtube , you should say really they're just reflecting back human behavior. Is there something you would improve about the algorithm?",
          "chapter_name": "Youtube Algorithm: Human Behavior Reflection"
        }
      ]
    },
    {
      "name": "Youtube's Black Box: The Future of Educational Content",
      "content": [
        {
          "speaker": "Michael Stevens",
          "speech": "Knowing of course that as far as we are concerned, the black box, so we don't know how it works, right? And I don't think that even anyone at Youtube really knows what it's doing. They know what they've tweaked. But then it learns, I think that it learns",
          "chapter_name": "Youtube's Black Box: The Future of Educational Content"
        },
        {
          "speaker": "Michael Stevens",
          "speech": "and it decides how to behave and sometimes their Youtube employees are left going, I don't know, maybe we should change the value of how much it you no worries about watch time and maybe it should worry more about something, I don't know. But I mean, I would like to see, I don't know what they're doing and not doing? Well, is there a conversation that you think they should be having just internally, whether they're having or not. Is there something should they be thinking about the long term future should they be thinking about educational content And uh, whether that's educating about what just happened in the world today news or educational content , like what you're providing, which is asking big sort of timeless questions about how the way the world works Well, it's interesting what, what should they think about because it's called Youtube, not our tube and that's why I think they have so many phenomenal educational creators.",
          "chapter_name": "Youtube's Black Box: The Future of Educational Content"
        },
        {
          "speaker": "Michael Stevens",
          "speech": "You don't have shows like three blue one brown or physics girl or looking glass universe or up and atom or brain scoop or um, I mean I could go on and on. They aren't on amazon prime and netflix and, and they don't have commission shows from those platforms. It's all organically happening because there are people out there that want to share their passion for learning, that want to share their curiosity. And Youtube could, you know, promote those kinds of shows more. But like first of all they probably wouldn't get as many clicks and Youtube needs to make sure that the average user is always clicking and staying on the site. They could still promote it more for the good of society.",
          "chapter_name": "Youtube's Black Box: The Future of Educational Content"
        },
        {
          "speaker": "Michael Stevens",
          "speech": "But then we're making some really weird claims about what's good for society because I think that cat videos are also an incredibly important part of what it means to be a human. I mentioned this quote before from, you know, you know about, look, I've seen a cat like estimate distances and calculated jump, you know, more often than I've seen a cat cry and so things that, that play with our emotions and make us feel, things can be cheesy and can feel cheap, but like man, that's very human. And so even the dumbest vlog is still so important that I don't think it, I have a better claim to take its spot than it has to have that spot. So it puts a mirror to us, the beautiful parts, the ugly parts, the shallow parts, the deep parts, you're right. What I would like to see is, you know, I, I miss the days when engaging with content on youtube helped push it into my subscribers timelines.",
          "chapter_name": "Youtube's Black Box: The Future of Educational Content"
        },
        {
          "speaker": "Michael Stevens",
          "speech": "It used to be that when I liked a video safe from veritas iem it would show up in the feed On the front page of the app or the website of my subscribers and I knew that if I liked a video I could send it 100,000 views or more that no longer is true. But I think that was a good user experience when I subscribe to someone when I'm following them, I want to see more of what they like. I want them to also curate the feed for me and I think that twitter and facebook are doing that and also some ways that are kind of annoying, but I would like that to happen more and I think we would see communities being stronger on youtube if it was that way instead of youtube going well technically Michael like this very tasty um video, but people are way more likely to click on carpool karaoke. So I don't even care who they are. Just give them that, not say anything against carpool karaoke. That is an extremely important part of our society. What it means to be human on earth, you know? But I'll say it sucks.",
          "chapter_name": "Youtube's Black Box: The Future of Educational Content"
        },
        {
          "speaker": "Michael Stevens",
          "speech": "But, but a lot of people would disagree with you and they should be able to see as much of that as they want. And I mean, even people who don't think they like it should still be really aware of it because it's such an important thing and such an influential thing. But yeah, I just wish that like new channels I discovered that I subscribe to. I wish that my subscribers found out about that because especially in the education community, a rising tide floats all boats. If you watch a video from number file, you're just more likely to want to watch an episode from me whether it be on vessels one or ding, it's not, it's not competitive in the way that traditional tv was where it's like, well if you tune into that show, it means you're not watching mine because they both are at the same time. So helping each other out through collaborations takes a lot of work . But just through engaging commenting on their videos, liking their videos, subscribing to them, whatever that I would love to see become easier and more powerful. So a quick and impossibly deep question. Last question about mortality. You've spoken about death is an interesting topic. Do you",
          "chapter_name": "Youtube's Black Box: The Future of Educational Content"
        }
      ]
    }
  ]
}