{
  "speakers": [
    "Lex Fridman",
    "Michio Kaku"
  ],
  "episode_name": "michio-kaku-future-of-humans-aliens-space-travel-physics",
  "chapters": [
    {
      "name": "Contacting Aliens: Our Galactic Future?",
      "content": [
        {
          "speaker": "Lex Fridman",
          "speech": "the following is a conversation with Mitchell cockle. He's a theoretical physicist, futurist and professor at the City college of new york. He's the author of many fascinating books that explore the nature of our reality and the future of our civilization. They include Einstein's cosmos physics of the Impossible future of the mind, parallel worlds and his latest, the future of humanity terraforming mars interstellar travel , immortality and our destiny beyond earth. I think it's beautiful and important when a scientific mind can fearlessly explore through conversation subjects just outside of our understanding that to me is where artificial intelligence is today. Just outside of our understanding, a place we have to reach for if we're to uncover the mysteries of the human mind and build human level and super human level ai systems that transform our world for the better. This is the artificial intelligence podcast. If you enjoy it, subscribe on Youtube, give it five stars in Itunes, supported on Patreon are simply connect with me on twitter elects Friedman, spelled F R I D M A N. And now here's my conversation with Mauricio cockle.",
          "chapter_name": "Contacting Aliens: Our Galactic Future?"
        },
        {
          "speaker": "Lex Fridman",
          "speech": "You've mentioned that we just might make contact with aliens or at least hear from them within this century. Can you elaborate on your intuition behind that optimism? Well, this is pure speculation of course, of course. But given the fact that we've already identified 4000 exoplanets orbiting other stars and we have a census of the Milky Way Galaxy for the first time. We know that on average, every single star on average as a planet going around it and about 1/5 or so of them have earth sized planets going around them. So just do the math we're talking about out of 100 billion stars in the Milky Way galaxy. We're talking about billions of potential earth sized planets. And to believe that we're the only one is I think rather ridiculous given the odds. And how many Galaxies are there within sight of the Hubble space telescope? There are about 100 billion Galaxies . So do the math.",
          "chapter_name": "Contacting Aliens: Our Galactic Future?"
        },
        {
          "speaker": "Michio Kaku",
          "speech": "How many stars are there in the visible universe? 100 billion Galaxies, times 100 billion stars per galaxy. We're talking about a number beyond human imagination and to believe that we're the only ones I think is is rather ridiculous. So you've talked about different types of type 01234 and five. Even of the Kardashian scale um of the different kind of civilizations. Do you, what do you think it takes if it is indeed a ridiculous notion that we're alone in the universe?",
          "chapter_name": "Contacting Aliens: Our Galactic Future?"
        },
        {
          "speaker": "Michio Kaku",
          "speech": "What do you think it takes to reach out first to reach out through communication and connect? Well, first of all, we have to understand the level of sophistication of an alien life form . If we make contact with them, I think in this century will probably pick up signals, signals from an extraterrestrial civilization will pick up their I love lucy and their leave it to beaver just ordinary day to day transmissions that they emit. And the first thing we want to do is to a decipher their language of course, but be figure out at what level they are advanced on the cargo ship scale. I'm a physicist. We rank things by two Parameters. Energy and information. That's how we rank black holes.",
          "chapter_name": "Contacting Aliens: Our Galactic Future?"
        },
        {
          "speaker": "Michio Kaku",
          "speech": "That's how we rank stars. That's how we rank civilizations in outer space. So a type one civilization is capable of harnessing planetary power. They control the weather. For example, earthquakes, volcanoes, they can modify the chorus of geologic events, Sort of like Flash Gordon or Buck Rogers. Type two would be stellar .",
          "chapter_name": "Contacting Aliens: Our Galactic Future?"
        },
        {
          "speaker": "Michio Kaku",
          "speech": "They play with stars, entire stars. They use the entire energy output of a star sort of like star trek. The federation of planets have colonized the nearby stars . So a type two would be somewhat similar to star trek. Type three would be galactic, they roam the galactic space lanes and type three would be like star wars, a galactic civilization. Then one day I was giving this talk in London at the planetarium there and the little boy comes up to me and he says, Professor, you're wrong, You're wrong. This type four. And I told them, look kid there are planets, stars, and Galaxies, that's it folks.",
          "chapter_name": "Contacting Aliens: Our Galactic Future?"
        },
        {
          "speaker": "Michio Kaku",
          "speech": "And he kept persisting and saying, no, there's time for the power of the continuum . And I thought about it for a moment and I said to myself, is there an extra galactic source of energy. The continuum of star trek. And the answer is yes, There could be a Type four and that's dark energy. We now know that 73% of the energy of the universe is dark energy. Dark matter represents maybe 23% or so and we only represents 4%. We're the oddballs.",
          "chapter_name": "Contacting Aliens: Our Galactic Future?"
        },
        {
          "speaker": "Michio Kaku",
          "speech": "And so you begin to realize that yeah,",
          "chapter_name": "Contacting Aliens: Our Galactic Future?"
        }
      ]
    },
    {
      "name": "The Multiverse: A Symphony of String",
      "content": [
        {
          "speaker": "Michio Kaku",
          "speech": "they could be tight for Maybe even type five, The Type four you're saying being able to harness sort of like dark energy, something that permeates the entire universe. So be able to plug into the entire entire universe is a source of energy. That's right. And dark energy is the energy of the Big bang.",
          "chapter_name": "The Multiverse: A Symphony of String"
        },
        {
          "speaker": "Michio Kaku",
          "speech": "It's why the Galaxies are being pushed apart. It's the energy of nothing. The more nothing you have, the more dark energy that's repulsive. And so the acceleration of the universe is accelerating because the more you have, the more you can have and that of course is by definition an exponential curve, it's called the decider expansion. And that's the current state of the universe. And then type five, would that be, would that be able to uh seek energy source is somehow outside of our universe ? And how crazy is that idea? Yeah , Time five will be the multiverse multiverse.",
          "chapter_name": "The Multiverse: A Symphony of String"
        },
        {
          "speaker": "Michio Kaku",
          "speech": "I'm a quantum physicist and we quantum physicists don't believe that the big Bang happened once that would violate the Heisenberg uncertainty principle. And that means that there could be multiple banks happening all the time, even as we speak today, universes are being created and that fits the data, uh the inflationary universe is a quantum theory . So there's a certain finite probability that universes are being created all the time. And for me this is actually rather aesthetically pleasing because you know, I was raised as a presbyterian, but my parents were Buddhists and there's two diametrically opposed ideas about the universe. In buddhism, there's only Nirvana, there's no beginning , there's no end, there's only timelessness, but in Christianity there is the instant when God said, let there be light! In other words , an instant of creation. So I've had these two mutually exclusive ideas in my head and I now realize that it's possible to meld them into a single theory.",
          "chapter_name": "The Multiverse: A Symphony of String"
        },
        {
          "speaker": "Michio Kaku",
          "speech": "Either the universe had a beginning or it didn't right wrong. You see our universe at the beginning, our universe had an instant where somebody might have said , let there be light. But there are other bubble universes out there in a bubble bath of universes. And that means that these universes are expanding Into a dimension beyond our three dimensional comprehension. In other words, hyperspace, in other words, 11 dimensional hyperspace. So Nirvana Would be this timeless, 11 dimensional hyperspace where big bangs are happening all the time. So we can now combine two mutually exclusive theories of creation and Stephen Hawking for example, even in his last book, even said that this is an argument against the existence of God, he said there is no God because there was not enough time for God to create the universe because the Big bang happened in an instant of time.",
          "chapter_name": "The Multiverse: A Symphony of String"
        },
        {
          "speaker": "Michio Kaku",
          "speech": "Therefore there was no time available for him to create the universe. But you see the multiverse idea means that there was a time before time and there multiple times. Each bubble has its own time. And so it means that there could actually be a universe before the beginning of our universe. So if you think of a bubble bath when two bubbles collide, well, when two bubbles vision to create a baby bubble, that's called the Big bang, so the big bang is nothing but the collision of universes or the budding of universes . This is a beautiful picture. Are incredibly mysterious existence. So is that humbling to you, exciting the idea of multiverses. I don't even know how to even begin .",
          "chapter_name": "The Multiverse: A Symphony of String"
        },
        {
          "speaker": "Michio Kaku",
          "speech": "Well, you're exciting for me because what I do for a living is string theory. That's my day job. I get paid by the city of new york to work on string theory. And you see string theory is a multiverse theory. So people say, first of all, what is string theory? String theory simply says that all the particles we see in nature, the electron, the proton corks, what have you are nothing but vibrations on a musical string , on a tiny tiny little string. You know, J robert.",
          "chapter_name": "The Multiverse: A Symphony of String"
        },
        {
          "speaker": "Lex Fridman",
          "speech": "Oppenheimer, the creator of the atomic bomb was so frustrated in the 19 fifties, with all these subatomic particles being created in our atom smashers. That he announced. He announced one day that the Nobel Prize in Physics should go to the physicist who does not discover a new particle that year. Well, today we think there's nothing but musical notes on these tiny little vibrating strings. So what is physics? Physics is the harmonies you can write on vibrating strings? What is Chemistry? Chemistry is the melodies you can play on these strings? What is the universe?",
          "chapter_name": "The Multiverse: A Symphony of String"
        },
        {
          "speaker": "Michio Kaku",
          "speech": "The universe is a symphony of strings. And then what is the mind of God? That Albert Einstein so eloquently wrote about for the last 30 years of his life, the mind of God Would be cosmic music resonating through 11 dimensional hyperspace. So beautifully put, what do you think is the mind of Einstein's God? Do you think there's a Why that we could untangled from this from this universe of strings?",
          "chapter_name": "The Multiverse: A Symphony of String"
        },
        {
          "speaker": "Michio Kaku",
          "speech": "Why are we here? What is the meaning of it all? Well, steven Weinberg, winner of the Nobel Prize once said that the more we learn about the universe, the more we learned that it's pointless. Well, I don't know , I don't profess to understand the great secrets of the universe. However, let me say two things about what the giants of physics have said about this question. Einstein believed in two types of God.",
          "chapter_name": "The Multiverse: A Symphony of String"
        }
      ]
    },
    {
      "name": "The Cosmos, Religion, and Ethics: Kaku and Lex's Discussion",
      "content": [
        {
          "speaker": "Michio Kaku",
          "speech": "One was the God of the bible. The personal God the God that answers prayers walks on water, performs miracles. Smite the Philistines, that's the personal god that he didn't believe in. He believed in the God of Spinoza , the God of order, simplicity. Harmony, Beauty. The universe could have been ugly.",
          "chapter_name": "The Cosmos, Religion, and Ethics: Kaku and Lex's Discussion"
        },
        {
          "speaker": "Michio Kaku",
          "speech": "The universe could have been messy. Random, but it's gorgeous. You relies on a single sheet of paper, we can write down all the known laws of the universe. It's amazing. On one sheet of paper, Einstein's equation is one inch long.",
          "chapter_name": "The Cosmos, Religion, and Ethics: Kaku and Lex's Discussion"
        },
        {
          "speaker": "Lex Fridman",
          "speech": "String theory is a lot longer and towards the standard Model. But you could put all these equations on one sheet of paper, it didn't have to be that way. It could have been messy. And so Einstein thought of himself as a young boy entering this huge library for the first time, being overwhelmed by the simplicity, elegance and beauty of this library. But all he could do was read the first page Of the 1st vol well, that library is the universe, with all sorts of mysterious magical things that we have yet to find. And then Galileo was asked about this Galileo said that the purpose of science, the purpose of science is to determine how the heavens go the purpose of religion is to determine how to go to heaven. So in other words sciences about natural law and religion is about ethics, how to be a good person, how to go to heaven. As long as we keep these two things apart, we're in great shape, the problem occurs when people from the natural sciences begin to pontificate about ethics and people from religion begin to pontificate about natural law. That's where we get into big trouble.",
          "chapter_name": "The Cosmos, Religion, and Ethics: Kaku and Lex's Discussion"
        },
        {
          "speaker": "Michio Kaku",
          "speech": "You think they're fundamentally distinct morality and ethics and our our idea of what is right and what is wrong. That's something that's outside the reach of string theory in physics, That's right . If you talk to a squirrel about what is right and what is wrong, there's no reference frame for a squirrel and realize that aliens from outer space, if they ever come visit us, they'll try to talk to us like we talk to squirrels in the forest. But eventually we get bored talking to the squirrels because they don't talk back to us. Same thing with aliens from outer space and they come down to Earth. They'll be curious about us to a degree, but after a while they just get bored because we have nothing to offer them. So our sense of right and wrong, What does that mean?",
          "chapter_name": "The Cosmos, Religion, and Ethics: Kaku and Lex's Discussion"
        },
        {
          "speaker": "Michio Kaku",
          "speech": "Compared to a squirrels sense of right and wrong. Now, we of course do have an ethics that keeps civilizations in line enriches our life and makes civilization possible. And I think that's a good thing, but it's not mandated by a law of physics. So if aliens do alien species were to make contact, forgive me for staying on aliens for a bit longer. Do you think they're more likely to be friendly to befriend us or to destroy us?",
          "chapter_name": "The Cosmos, Religion, and Ethics: Kaku and Lex's Discussion"
        },
        {
          "speaker": "Michio Kaku",
          "speech": "Well , I think for the most part they will pretty much ignore us if you're deer in the forest, who do you fear the most ? Do fear the hunter with his gigantic 16 gauge shotgun? Or do you fear the guy with the briefcase and glasses? Well, the guy with the briefcase could be a developer about to basically flatten the entire forest, destroying your livelihood. So instinctively you may be afraid of the hunter. But actually the problem with Deers in the forest is that they should fear developers because developers look at deer as simply getting in the way. I mean in war of the worlds by H .",
          "chapter_name": "The Cosmos, Religion, and Ethics: Kaku and Lex's Discussion"
        },
        {
          "speaker": "Michio Kaku",
          "speech": "G. Wells, the aliens did not hate us. If you read the book, the aliens did not have evil intentions toward him. Homo sapiens No, we were in the way. So I think we have to realize that alien civilizations may view as quite differently than in science fiction novels. However, I personally believe and I cannot prove any of this. I personally believe that they're probably going to be peaceful because there's nothing that they want from our world. I mean, what are they going to take it? What are they going to take us for? Gold ?",
          "chapter_name": "The Cosmos, Religion, and Ethics: Kaku and Lex's Discussion"
        },
        {
          "speaker": "Michio Kaku",
          "speech": "No, gold is a useless metal. For the most part it's silver. I mean it's gold, golden color, but that only affects Homo sapiens, squirrels don't care about gold. And so gold is rather useless element . Rare earths may be platinum based elements. Rare earth for the electronics . Yeah, maybe.",
          "chapter_name": "The Cosmos, Religion, and Ethics: Kaku and Lex's Discussion"
        },
        {
          "speaker": "Michio Kaku",
          "speech": "But other than that we have nothing to offer them. I mean think about it for a moment. People love Shakespeare and they love the arts and poetry. But outside of the earth they mean nothing, absolutely nothing. I mean when I write down an equation in string theory, I would hope that on the other side of the galaxy there's an alien writing down that very same equation in different notation. But that alien on the other side of the galaxy Shakespeare poetry Hemingway it would mean nothing to him or her or it when you think about entities that's out there? Extraterrestrial.",
          "chapter_name": "The Cosmos, Religion, and Ethics: Kaku and Lex's Discussion"
        },
        {
          "speaker": "Michio Kaku",
          "speech": "Do you think they would naturally look something that even is recognizable to us as his life or can it would they be radically different? Well, how did we become intelligent basically. Three things made us intelligent. One is our eyesight, stereo eyesight. We have the eyes of a hunter, stereo vision. So we lock in on targets and and who is smarter .",
          "chapter_name": "The Cosmos, Religion, and Ethics: Kaku and Lex's Discussion"
        },
        {
          "speaker": "Michio Kaku",
          "speech": "Predator or prey predators are smarter than prey. They have their eyes to the front of their face like lions, tigers, while rabbits have eyes to the side of their face. Why is that hunters have to zero in on the target. They have to know how to ambush. They have to know how to hide camouflage, sneak up stealth deceit that takes a lot of intelligence, rabbits. All they have to do is run. So that's the first criterion, stereo eyesight of some sort 2nd is the thumb.",
          "chapter_name": "The Cosmos, Religion, and Ethics: Kaku and Lex's Discussion"
        },
        {
          "speaker": "Michio Kaku",
          "speech": "The opposable thumb of some sort could be a claw or tentacle . So hand eye coordination. Hand eye coordination is the way we manipulate the environment. And then three language. Because you know, mama bear never tells baby bear to avoid the human hunter bears just learned by themselves. They never hand out information from one generation to the next. So these are the three basic ingredients of intelligence.",
          "chapter_name": "The Cosmos, Religion, and Ethics: Kaku and Lex's Discussion"
        },
        {
          "speaker": "Michio Kaku",
          "speech": "I site of some sort an opposable thumb or tentacle or a claw of some sort and language. Now ask yourself a simple question How many animals have all 3? Just us.",
          "chapter_name": "The Cosmos, Religion, and Ethics: Kaku and Lex's Discussion"
        }
      ]
    },
    {
      "name": "Meeting Alien Life: Intelligence, Predators, and Merging with Robots",
      "content": [
        {
          "speaker": "Michio Kaku",
          "speech": "It's just us. I mean They're primates, they have a language .",
          "chapter_name": "Meeting Alien Life: Intelligence, Predators, and Merging with Robots"
        },
        {
          "speaker": "Michio Kaku",
          "speech": "Yeah, they may get up to maybe 20 words , but a baby learns a word a day, several words a day a baby learns. And a typical adult knows about almost 5000 words. While the maximum number of words that you can teach a gorilla in any language, including their own languages. About 20 or so. And so we see the difference in intelligence. So when we meet aliens from outer space, chances are they will have been descended from predators of some sort, they'll have some way to manipulate the environment and communicate their knowledge to the next generation. That's it folks.",
          "chapter_name": "Meeting Alien Life: Intelligence, Predators, and Merging with Robots"
        },
        {
          "speaker": "Lex Fridman",
          "speech": "So functionally that would have, that would be similar. That would we would be able to recognize them Well, not necessarily because I think even with homo sapiens, we are eventually going to perhaps become part of cybernetic and genetically enhanced . Already, robots are getting smarter and smarter right now, robots have the intelligence of a cockroach. But in the coming years are robots will be as smart as a mouse, then maybe as smart as a rabbit, if we're lucky, maybe as smart as a cat or a dog. And by the end of the century, who knows? For sure our robots will be probably as smart as a monkey . Now at that point, of course they could be dangerous. You see monkeys are self aware, They know they are monkeys. They may have a different agenda than us . While dogs, dogs are confused. You see dogs think that we are a dog that were the top dog, they're the underdog, that's why they whimper and follow us and like us all the time were the top dog, Monkeys have no illusion at all.",
          "chapter_name": "Meeting Alien Life: Intelligence, Predators, and Merging with Robots"
        },
        {
          "speaker": "Michio Kaku",
          "speech": "They know we are not monkeys. And so I think that in the future will have to put a chip in their brain to shut them off once our robots have murderous thoughts. But that's in 100 years . In 200 years the robots will be smart enough to remove that, feel safe chip in their brain and then watch out at that point, I think rather than compete with our robots, we should merge with them, we should become part cybernetic. So I think when we meet alien life from out of space, they may be genetically and and uh cybernetic lee enhanced genetically and cybernetic lee enhanced, wow. So Let's talk about that full range in the near term and 200 years from now.",
          "chapter_name": "Meeting Alien Life: Intelligence, Predators, and Merging with Robots"
        },
        {
          "speaker": "Michio Kaku",
          "speech": "How promising in the near term in your view is brain machine interfaces. So starting to allow computers to talk directly to the brain's Elon musk is working on that with neural link and there's other companies working on this idea. Do you see promise there? Do you see hope for near term impact? Well, every technology has pluses and minuses already.",
          "chapter_name": "Meeting Alien Life: Intelligence, Predators, and Merging with Robots"
        }
      ]
    },
    {
      "name": "Brain Net: Future of the Mind & Internet",
      "content": [
        {
          "speaker": "Michio Kaku",
          "speech": "We can record memories. I have a book the future of the mind or I detail some of these breakthroughs. We can now record simple memories of mice and send these memories on the internet. Eventually we're going to do this with primates at Wake Forest University and also in Los Angeles. And then after that we'll have a memory ship for Alzheimer's patients. We'll test it out in Alzheimer's patients. Because of course when Alzheimer's patients lose their memory, they wander, they create all sorts of havoc wandering around oblivious to their surroundings and they'll have a chip, they'll push the button and memories memories will come flooding into the hippocampus and the chip telling them where they live and who they are. And so memory chip is definitely in the cards and I think this will eventually affect human civilization. What is the future of the internet?",
          "chapter_name": "Brain Net: Future of the Mind & Internet"
        },
        {
          "speaker": "Michio Kaku",
          "speech": "The future of the internet is brain net bring. It is when we send emotions feelings sensations on the internet and we will telepathically communicate with other humans this way this is going to affect everything. Look at entertainment. Remember the silent movies, charlie Chaplin was very famous during the era of silent movies, but when the talkies came in, nobody wanted to see charlie Chaplin anymore because he never talked in the movies.",
          "chapter_name": "Brain Net: Future of the Mind & Internet"
        },
        {
          "speaker": "Michio Kaku",
          "speech": "And so a whole generation of actors lost their job and a new series of actors came in. Next we're going to have the movies replaced by Rain Net because in the future people will say who wants to see a screen with images that's it sound and image that's called the movies, our entertainment industry, this multibillion dollar industry is based on screens with moving images and sound. But what happens when emotions, feelings, sensations, memories can be conveyed on the internet, it's going to change everything . Human relations will change because you'll be able to empathize and feel the suffering of other people will be able to communicate telepathically and uh this is this is coming, you describe brain net in the future of the mind. This is an interesting concept. Do you think uh you mentioned entertainment, but what kind of effect would it have on our personal relationships. Hopefully it will deepen it. You realize that for most of human history for over 90% of human history, We only knew maybe 20 , 100 people. That's it folks.",
          "chapter_name": "Brain Net: Future of the Mind & Internet"
        },
        {
          "speaker": "Michio Kaku",
          "speech": "That was your tribe. That was everybody you knew in the universe. Was only maybe 50 or a 100 with the coming of towns. Of course it expanded to a few 1000 with the coming of the telephone. All of a sudden you could reach thousands of people with the telephone and now with the internet, you can reach the entire population of the planet earth. And so I think this is a normal progression and you you think that kind of sort of connection to the rest of the world and then adding sensations like being able to share telepathically emotions and so on. That would just further deepen our connection to our fellow humans. That's right.",
          "chapter_name": "Brain Net: Future of the Mind & Internet"
        },
        {
          "speaker": "Michio Kaku",
          "speech": "In fact, I disagree with many scientists on this question. Most scientists would say that technology is neutral, A double edged sword, one sword, one side of the sword can cut against people. The other side of the sword can cut against ignorance and disease. I disagree. I think technology does have a moral direction. Look at the internet, the internet spreads knowledge awareness and that creates empowerment.",
          "chapter_name": "Brain Net: Future of the Mind & Internet"
        },
        {
          "speaker": "Michio Kaku",
          "speech": "People act on knowledge when they begin to realize that they don't have to live that way. They don't have to suffer under a dictatorship . That there are other ways of living under freedom. Then they begin to take things, take power and that spreads democracy and democracies do not war with other democracies. I'm a scientist. I believe in data. So let's take a sheet of paper and write down every single war you had to learn since you were in elementary school, every single war.",
          "chapter_name": "Brain Net: Future of the Mind & Internet"
        },
        {
          "speaker": "Michio Kaku",
          "speech": "Hundreds of them . Kings, queens, emperors, dictators. All these wars were between kings, queens, emperors and dictators. Never between two major democracies. And so I think with the spread of this technology and which would accelerate with the coming of brain net , it means that, well, we will still have wars.",
          "chapter_name": "Brain Net: Future of the Mind & Internet"
        },
        {
          "speaker": "Michio Kaku",
          "speech": "Wars of course, is politics by other means, but there'll be less intense and less frequent. Do you have worries of longer term existential risk from technology from ai So, I think that's a wonderful vision of a future where war is a distant memory. But now there's another agent , there's there's there's somebody else that's able to create conflict that's able to create harm. Ai systems. Do you have worry about such A. I. Systems? Well, yes, that is an existential risk.",
          "chapter_name": "Brain Net: Future of the Mind & Internet"
        },
        {
          "speaker": "Michio Kaku",
          "speech": "But again, I think an existential risk not for this century. I think our grandkids are going to have to confront this question as robots gradually approach the intelligence of a dog , a cat, and finally, that of a monkey. However, I think we will digitize ourselves as well. Not only are we going to merge with our technology will also digitize our personality, our memories, our feelings. You realize you did during the middle ages , there was something called dualism.",
          "chapter_name": "Brain Net: Future of the Mind & Internet"
        },
        {
          "speaker": "Michio Kaku",
          "speech": "Dualism entered. The soul was separate from the body when the body died, the soul went to heaven. That's dualism. Then in the 20th century neuroscience came in and said bah humbug . Every time we look at the brain it's just neurons. That's it folks. Period end of story bunch of neurons firing.",
          "chapter_name": "Brain Net: Future of the Mind & Internet"
        }
      ]
    },
    {
      "name": "Digital Immortality: The Future of Human Digitization",
      "content": [
        {
          "speaker": "Michio Kaku",
          "speech": "Now we're going back to dualism now we realize that we can digitize human memories, feelings, sensations and create a digital copy of ourselves and that's called the connecting project. Billions of dollars are now being spent to do not just the genome project of sequencing the genes of our body, but the connect um project which is to map the entire connections of the human brain . And even before then, already in Silicon Valley today, at this very moment you can contact Silicon Valley companies that are willing to digitize your relatives because some people want to talk to their parents.",
          "chapter_name": "Digital Immortality: The Future of Human Digitization"
        },
        {
          "speaker": "Michio Kaku",
          "speech": "There are unresolved issues with their parents and one day yes. Berms will digitize people and you'll be able to talk to them a reasonable facsimile we live. We leave a digital trail . Our ancestors did not. Our ancestors were lucky if they had one line, just one line in a church book saying the date they were baptized and the date they died. That's it.",
          "chapter_name": "Digital Immortality: The Future of Human Digitization"
        },
        {
          "speaker": "Michio Kaku",
          "speech": "That was their entire digital memory. I mean their entire digital existence, summarized in just a few letters of the alphabet, whole life. Now we digitize everything every time you sneeze, you digitize it , you put it on the internet. And so I think that we are going to digitize ourselves and give us digital immortality. Will not only have biologic genetic immortality of some sort, but also digital immortality. And what are we going to do with it? I think we should send it into outer space if you digitize the human brain and put it on a laser beam and shoot it to the moon, you're on the moon in one second.",
          "chapter_name": "Digital Immortality: The Future of Human Digitization"
        },
        {
          "speaker": "Michio Kaku",
          "speech": "Shoot it to Mars, you're on Mars in 20 minutes, shoot it to Pluto, you're on Pluto in eight hours. Think about it for a moment, you can have breakfast in New York and for a morning snack, vacation on the moon. Then zap your way to MArs by noontime journey to the asteroid belt in the afternoon and they come back for dinner in new york at night, all in a day's work at the speed of light. Now, this means that you don't need booster rockets, you don't need weightlessness problems. You don't need to worry about meteorites and what's on the moon On the moon. There is a mainframe that downloads your laser beams information.",
          "chapter_name": "Digital Immortality: The Future of Human Digitization"
        },
        {
          "speaker": "Michio Kaku",
          "speech": "And where does it download the information into an avatar. What does it avatar look like? Anything you want to think about it for a moment, you could be superman superwoman on the moon. On mars traveling throughout the universe at the speed of light downloading your personality into any vehicle you want. Now let me stick my neck out so far.",
          "chapter_name": "Digital Immortality: The Future of Human Digitization"
        }
      ]
    },
    {
      "name": "Immortality, AI, and the Fountain of Youth",
      "content": [
        {
          "speaker": "Michio Kaku",
          "speech": "Everything I've been saying is well within the laws of physics, well within the laws of physics now, let me go outside the laws of physics. Here we go.",
          "chapter_name": "Immortality, AI, and the Fountain of Youth"
        },
        {
          "speaker": "Michio Kaku",
          "speech": "I think this already exists. I think outside the Earth there could be a superhighway, a laser highway of laser porting with billions of souls of aliens zapping their way across the galaxy. Now let me ask you a question, Are we smart enough to determine whether such a thing exists or not? No. This could exist right outside the orbit of the planet Earth and we're too stupid in our technology to even prove it or disprove it.",
          "chapter_name": "Immortality, AI, and the Fountain of Youth"
        },
        {
          "speaker": "Michio Kaku",
          "speech": "We would need the aliens on this laser superhighway to help us out, just to send us a human interpret herbal signal. I mean it ultimately boils down to the language of communication, but that's an exciting possibility that actually the sky is filled with aliens could already be here and we're just so oblivious that were too stupid to know it . They don't have to be an alien form with a little green men. They could be in any form. They want an avatar of their creation. Well, in fact, they could very well be didn't even look like us Exactly. We'd never know.",
          "chapter_name": "Immortality, AI, and the Fountain of Youth"
        },
        {
          "speaker": "Michio Kaku",
          "speech": "one of us could be an alien, you know, in the zoo. Did you know that we sometimes have zookeepers that imitate animals. We create a fake animal and we put it in so that the animal is not afraid of this fake animal. And of course these animals brains that brain is about as big as a walnut. They accept these dummies as if they were real . So an alien civilization in outer space would say,",
          "chapter_name": "Immortality, AI, and the Fountain of Youth"
        },
        {
          "speaker": "Lex Fridman",
          "speech": "oh yeah, human brains are so tiny, we could put a dummy on their world and avatar and they'd never know it. That would be an entertaining thing to watch from the alien perspective. So you kind of implied that with the digital form of our being but also biologically. Do you think one day technology will allow individual human beings to become immortal ? Besides just through the ability to digitize our essence? Yeah, I think that artificial intelligence will give us the key to genetic immortality.",
          "chapter_name": "Immortality, AI, and the Fountain of Youth"
        },
        {
          "speaker": "Michio Kaku",
          "speech": "You see in the coming decades, everyone's gonna have their gene sequence. We'll have billions of genomes of old people, billions of genomes of young people. And what are we gonna do with it? We're gonna run it through an ai machine which has pattern recognition to look for the age jeans. In other words, the fountain of youth that emperors kings and queens lusted ever over The Fountain of Youth will be found by artificial intelligence, artificial intelligence will identify where these age genes are located. First of all, what is aging, we now know what aging is aging is the build up of errors.",
          "chapter_name": "Immortality, AI, and the Fountain of Youth"
        },
        {
          "speaker": "Lex Fridman",
          "speech": "That's all aging is the build up of genetic errors. This means that cells eventually become slower, sluggish, the only person essence and they die. In fact, that's why we die. We die because of the build up of mistakes in our genome and our cellular activity. But you see in the future we'll be able to fix those genes with CRISPR type technologies and perhaps even live forever. So let me ask you a question. Where does aging take place in a car?",
          "chapter_name": "Immortality, AI, and the Fountain of Youth"
        },
        {
          "speaker": "Michio Kaku",
          "speech": "Given a car? Where does aging take place? Wow , it's obvious the engine, Right . A that's where you have a lot of moving parts be that's where you have combustion . Well, where in the cell do we have combustion the mitochondria ? We now know where aging takes place. And if we cure many of the mistakes that build up in the mitochondria of the cell, we could become immortal. Let me ask you, if you yourself could become immortal, would you damn straight now? I think about it for a while because of course it the terms, it depends on how you become immortal. You know, there's a famous myth of Tetanus.",
          "chapter_name": "Immortality, AI, and the Fountain of Youth"
        },
        {
          "speaker": "Michio Kaku",
          "speech": "It turns out that years ago in the greek mythology, there was the saga of Tetanus and Arora. Arora was the goddess of the dawn and she fell in love with immortal. A human called Tiffany's. And so Arora begged beg Zeus to grant her the gift of immortality to give to her lover. So Zeus took pity on Arora and made tetanus immortal. But you c Arora made a mistake, A huge mistake.",
          "chapter_name": "Immortality, AI, and the Fountain of Youth"
        },
        {
          "speaker": "Michio Kaku",
          "speech": "She asked for immortality, but she forgot to ask for eternal youth. So poor Tetanus got older and older and older every year decrepit a bag of bones. But he could never die, never die. Quality of life is important.",
          "chapter_name": "Immortality, AI, and the Fountain of Youth"
        }
      ]
    },
    {
      "name": "The Mortal Immortal: A Kaku Reflection",
      "content": [
        {
          "speaker": "Michio Kaku",
          "speech": "So I think a mortality is a great idea as long as you also have immortal youth as well. Now I personally believe and I cannot prove this, but I personally believe that our grandkids may have the option of reaching the age of 30 and then stopping. They may like being age 30 because you have wisdom, you have all the benefits of age and maturity and you still live forever with a healthy body. Our descendants may like being 30 for several centuries . Is there an aspect of human existence that is meaningful only because we're immortal?",
          "chapter_name": "The Mortal Immortal: A Kaku Reflection"
        },
        {
          "speaker": "Michio Kaku",
          "speech": "Well, every waking moment, we don't think about it this way. But every waking moment actually we are aware of our death and our mortality think about it for a moment when you go to college, you realize that you are in a period of time where soon you will reach middle age and have a career and after that you'll retire and then you'll die. And so even as a youth, even as a child without even thinking about it, you are aware of your own death because it sets limits to your lifespan. I got to graduate from high school, I got to graduate from college. Why? Because you're going to die because unless you graduate from high school, unless you graduate from college, you're not going to enter old age with enough money to retire and then die. And so yeah, people think about it unconsciously because it affects every aspect of your being, the fact that you go to high school college, get married, have kids Mr clark a clock ticking even without your permission, it gives a sense of urgency . Do you do you yourself ? I mean there's so much excitement and passion in the way you talk about physics and we talk about technology in the future. Do yourself meditate on your own mortality.",
          "chapter_name": "The Mortal Immortal: A Kaku Reflection"
        },
        {
          "speaker": "Michio Kaku",
          "speech": "Do you think about this clock that's ticking? Well, I try not to because it then begins to affect your behavior, you begin to alter your behavior to to match your expectation of when you're going to die. So let's talk about youth and then let's talk about death. Okay, when I interview scientists on radio, I often ask them what made the difference, How old were you, what changed your life? And they always say more or less the same thing, you know, these are Nobel prize winners directors of major laboratories, very distinguished scientists, they always say When I was 10 , When I was 10, something happened, it was a visit to the planetarium, it was a telescope for steven Weinberg winner of the Nobel prize, it was the chemistry kit for Heinz Pagels, it was a visit to the planetarium for is it or Robbie? It was a book, What the planets for Albert Einstein , it was a compass. Something happened.",
          "chapter_name": "The Mortal Immortal: A Kaku Reflection"
        },
        {
          "speaker": "Michio Kaku",
          "speech": "Which gives them this existential shock. Because you see before the age of 10, everything is Mommy and Daddy. Mommy and Dad, that's your universe. Mommy and Daddy. Around the age of 10, you begin to wonder what's beyond mommy and daddy and that's when you have this epiphany when you realize, oh my God, there's a universe out there, a universal discovery and that sensation stays with you for the rest of your life. You still remember that shock that you felt gazing at the universe and then you hit the greatest destroyer of scientists known to science. The greatest destroyer of scientists known to science is junior high school. When you hit junior high school folks, it's all over, it's all over because in junior high school people say, hey, stupid, I mean you like that nerdy stuff and your friends shun you all of a sudden people think you're a weirdo and scientists made boring, you know, Richard feynman the Nobel prize winner When he was a child, his father would take him into the forest and the father would teach them everything about birds why they're shaped the way they are their wings, the coloration, the shape of their beak, everything about birds.",
          "chapter_name": "The Mortal Immortal: A Kaku Reflection"
        },
        {
          "speaker": "Michio Kaku",
          "speech": "So one day a bully comes up to the future Nobel prize winner and says, Hey Dick, what's the name of that bird over there? Well, he didn't know he knew everything about that bird except his name. So he said, I don't know. And then the bully said, what's the matter, Dick, you stupid or something? And then in that instant he got it, he got it. He realized that for most people, science is giving names to birds.",
          "chapter_name": "The Mortal Immortal: A Kaku Reflection"
        }
      ]
    },
    {
      "name": "Unifying the Universe: String Theory's Quest",
      "content": [
        {
          "speaker": "Michio Kaku",
          "speech": "That's what science is. You know, lots of names of obscure things. Hey people say you're smart, you're smart, you know all the names of the dinosaurs, you know all the names of the plants. No, that's not science at all. Science is about principles, concepts. Physical pictures. That's what science is all about . My favorite quote from Einstein is that unless you can explain the theory to a child, the theory is probably worthless, meaning that all great theories are not big words. All great theories are simple concepts. Principles. Basic physical pictures, relativity is all about clocks, meter sticks, rocket ships and locomotives.",
          "chapter_name": "Unifying the Universe: String Theory's Quest"
        },
        {
          "speaker": "Michio Kaku",
          "speech": "Newton's laws of gravity are all about balls and spinning wheels and things like that. That's what physics and science is all about, Not memorizing things and that stays with you for the rest of your life . So even in old age, I've noticed that these scientists when they sit back, they still remember, they still remember that flush, that flush of excitement they felt with that first telescope, that first moment when they encountered the universe that keeps them going. That keeps them going by the way. I should point out that when I was eight, something happened to me as well When I was eight years old.",
          "chapter_name": "Unifying the Universe: String Theory's Quest"
        },
        {
          "speaker": "Michio Kaku",
          "speech": "It was in all the papers that a great scientist had just died. And they put a picture of his desk on the front page. That's it. Just a simple picture of the front page of the newspapers, of his desk. That desk had a book on it which was opened and the caption said more or less, this is the unfinished manuscript from the Greatest Scientists of our time. So I said to myself, well, why couldn't he finish it?",
          "chapter_name": "Unifying the Universe: String Theory's Quest"
        },
        {
          "speaker": "Michio Kaku",
          "speech": "What's so hard then? You can't finish it. If you're a great scientist, it's a homework problem. Right? You go home, you solve it or you ask your mom, why couldn't you solve it? So, to me, this was a murder mystery.",
          "chapter_name": "Unifying the Universe: String Theory's Quest"
        },
        {
          "speaker": "Michio Kaku",
          "speech": "This was greater than any adventure story. I had to know why the Greatest Scientists of our Time couldn't finish something. And then over the years I found out the guy had a name Albert Einstein and that book was the theory of everything. It was unfinished. Well, today I can read that book. I can see all the dead ends and false starts that he made and I began to realize that he lost his way because he didn't have a physical picture to guide him on the third try on the first try. He talked about clocks and lightning bolts and meter sticks and that gave us special relativity which gave us the atomic bomb. The second great picture was gravity with balls rolling on curved surfaces and that gave us the big bang creation of the universe. Black holes on the third try. He missed it.",
          "chapter_name": "Unifying the Universe: String Theory's Quest"
        },
        {
          "speaker": "Michio Kaku",
          "speech": "He had no picture at all to guide him. In fact as a quote I have where he said I'm still looking, I'm still looking for that picture. He never found it. Well today we think that picture is string theory. The string theory can unify gravity and this mysterious thing that I stein didn't like which is quantum mechanics? I couldn't couldn't quite pin down and make sense of that's right. Mother nature has two hands, the left hand and right hand.",
          "chapter_name": "Unifying the Universe: String Theory's Quest"
        },
        {
          "speaker": "Lex Fridman",
          "speech": "The left hand is a theory of the small. The right hand is a theory of the big. The theory of the small is the quantum theory, the theory of atoms and quarks. The theory of the big is relativity. The theory of black holes. Big bangs.",
          "chapter_name": "Unifying the Universe: String Theory's Quest"
        },
        {
          "speaker": "Lex Fridman",
          "speech": "The problem is the left hand does not talk to the right hand. They hate each other. The left hand is based on discrete particles. The right hand is based on fluid smooth surfaces . How do you put these two things together into a single theory? They hate each other. The greatest minds of our time. The greatest minds of our time worked on this problem and failed today. The only one, the only theory that has survived every challenge so far is string theory.",
          "chapter_name": "Unifying the Universe: String Theory's Quest"
        },
        {
          "speaker": "Michio Kaku",
          "speech": "That doesn't mean string theory is correct . It could very well be wrong, but right now is the only game in town. Some people come up to me and say, Professor, I don't believe in the string theory. Give me an alternative and I tell them there is none get used to it. It's the best theory we got. It's the only theory we have. It's the only theory we have. Do you see, you know, the strings kind of inspire a view as did atoms and particles and quirks, but especially strings inspire view of the universe.",
          "chapter_name": "Unifying the Universe: String Theory's Quest"
        },
        {
          "speaker": "Lex Fridman",
          "speech": "Uh, as a kind of information processing system as a, as a computer of sorts. Do you see the universe in this way? No. Some people think in fact the whole universe is a computer of some sort and they believe that perhaps everything therefore is a simulation. I don't think so. I don't think that there is a super video game where we are nothing but puppets dancing on the screen and somebody hit the play button. And here we are talking about simulations. No. Even Newtonian mechanics says that the weather, The simple weather is so complicated with trillions upon trillions of atoms that it cannot be simulated in a finite amount of time.",
          "chapter_name": "Unifying the Universe: String Theory's Quest"
        }
      ]
    },
    {
      "name": "Is Our Universe a Simulation?",
      "content": [
        {
          "speaker": "Michio Kaku",
          "speech": "In other words, the smallest object which can describe the weather and simulate the weather is the weather itself. The smallest object that can simulate a human is the human itself. And if you had quantum mechanics, it becomes almost impossible to simulate it with a conventional computer. Is Quantum mechanics deals with all possible universes, parallel universes, a multiverse of universes. And so the calculation just spirals out of control.",
          "chapter_name": "Is Our Universe a Simulation?"
        },
        {
          "speaker": "Michio Kaku",
          "speech": "Now they're at so far, there's only one way where you might be able to argue that the universe is a simulation and this is still being debated by quantum physicist . It turns out that if you throw the encyclopedia into a black hole, the information is not lost. Eventually it winds up on the surface of the black hole. Now the surface of the what I call is finite. In fact, you can calculate the maximum amount of information you can store in a black hole. It's a finite number. It's a calculable number, believe it or not. Now, if the universe were made out of black holes which is the maximum universe, you can conceive of each universe. Each black hole has a finite amount of information, therefore ergo that ergo the total amount of information in the universe is finite. This is mind boggling this.",
          "chapter_name": "Is Our Universe a Simulation?"
        },
        {
          "speaker": "Michio Kaku",
          "speech": "I consider mind boggling that all possible universes are countable and all possible universes can be summarized in a number, a number. You can write on a sheet of paper , all possible universes and it's a finite number. Now, it's huge. It's a number of beyond human imagination. It's the number of based on what is called the plank length, but it's a number. And so if a computer could ever simulate that number, then it would the universe would be a simulation. So theoretically, because it's because the amount of information is finite there, well, there necessarily must be able to exist. The computer is just from an engineering perspective, may be impossible to build. Yes. So no computer , it can build the universe capable of simulating the entire universe except the universe itself.",
          "chapter_name": "Is Our Universe a Simulation?"
        },
        {
          "speaker": "Michio Kaku",
          "speech": "So that's your intuition that our universe is very efficient. And so there's no shortcuts right to two reasons why I believe the universe is not a simulation. First, the calculation all numbers are just incredible. No finite uh turing machine can simulate the universe. And second, why would any super intelligent being simulate humans? If you think about it?",
          "chapter_name": "Is Our Universe a Simulation?"
        }
      ]
    },
    {
      "name": "Life's Accidental Origins: Simulating Human Civilization?",
      "content": [
        {
          "speaker": "Michio Kaku",
          "speech": "Most humans are kind of stupid.",
          "chapter_name": "Life's Accidental Origins: Simulating Human Civilization?"
        },
        {
          "speaker": "Michio Kaku",
          "speech": "I mean, we do all sorts of crazy, stupid things. Right? And we call it art. We call it humor. We call it human civilization . So why should an advanced civilization go through all that effort just to simulate uh saturday night live? Well, that's a funny idea.",
          "chapter_name": "Life's Accidental Origins: Simulating Human Civilization?"
        },
        {
          "speaker": "Michio Kaku",
          "speech": "But it's also do you think it's possible that the act of creation cannot anticipate humans, You simply set the initial conditions and set a bunch of physical laws and just for the fun of it, see what happens. You launch the thing. So you're not necessarily simulating everything. You're not simulating every little bit in the same in the sense that you could predict what's going to happen. But you set the initial conditions, set the laws and see what kind of fun stuff happens. Well, some in some sense that's how life got started. Uh in the 19 fifties Stanley uh what is called the miller experiment, he put a bunch of hydrogen gas, methane, toxic gasses with liquid and a spark in a small glass beaker.",
          "chapter_name": "Life's Accidental Origins: Simulating Human Civilization?"
        },
        {
          "speaker": "Lex Fridman",
          "speech": "And then he just walked away for a few weeks. Came back a few weeks later and bingo out of nothing in chaos came amino acids . If he had left it there for a few years, you might have gotten protein protein molecules for free. That's prob probably how life got started as a accident. And if he had left it there for perhaps a few millionaires D. N. A. Might have formed in that beaker. And so we think that yeah. DNA Life all that could have been an accident if you wait long enough. And remember our universe is roughly 13.8 billion years old. That's plenty of time for lots of random things to happen . Including life itself. Ah",
          "chapter_name": "Life's Accidental Origins: Simulating Human Civilization?"
        },
        {
          "speaker": "Michio Kaku",
          "speech": "Yeah we could be just a beautiful little random moment. Uh And there's could be you know, the infant number of those throughout the history of the universe. Many, many creatures like us . We perhaps are not the epitome of what the universe was created for. Thank God. Let's hope not. Just look around. Yeah, look at your left, your right. What do you think the first human will step foot on mars?",
          "chapter_name": "Life's Accidental Origins: Simulating Human Civilization?"
        },
        {
          "speaker": "Michio Kaku",
          "speech": "I think it's a good chance in 2030s that we will be on Mars. In fact, there's no physics reason why we can't do it. It's an engineering problem . It's a very difficult and dangerous engineering problem, but it is an engineering problem. And in my book, future of humanity, I even speculate beyond that that by the end of the century, we'll probably have the first starships. The first starships will not look like the enterprise at all. There'll probably be small computer chips that are fired by laser beams with parachutes. And um like what Stephen Hawking advocated the breakthrough star shot program could send chips chips to the nearby stars, traveling at 20% the speed of light Reaching Alpha Centauri in about 20 years time. Beyond that, we should have fusion power. Fusion power is, in some sense, one of the ultimate",
          "chapter_name": "Life's Accidental Origins: Simulating Human Civilization?"
        }
      ]
    }
  ]
}