{
  "speakers": [
    "Lex Fridman"
  ],
  "episode_name": "new-name-lex-fridman-podcast",
  "chapters": [
    {
      "name": "The Lex Fridman Podcast: Beyond AI, Beyond Limits",
      "content": [
        {
          "speaker": "Lex Fridman",
          "speech": "I've been hosting this podcast called artificial intelligence for over two years now . I decided to change the name to just lex Friedman podcast for several reasons. First that's what most people call it anyway.",
          "chapter_name": "The Lex Fridman Podcast: Beyond AI, Beyond Limits"
        },
        {
          "speaker": "Lex Fridman",
          "speech": "Second, I've already been interviewing physicists, historians, philosophers, mathematicians, writers, athletes switching away from AI and the name gives me the freedom to do that a little bit more.",
          "chapter_name": "The Lex Fridman Podcast: Beyond AI, Beyond Limits"
        },
        {
          "speaker": "Lex Fridman",
          "speech": "I still want to talk to the top researchers in artificial intelligence and sci and tech in general, but also people who inspire me and have had a big impact on my life outside of science and tech. Third most practically I've found that guests even slightly outside the field of AI like neuroscience, neurobiology, physics, chemistry, math have been intimidated by the name AI So going with a silly generic name, my name just seems easier. Hopefully you see that I try hard to make the guests the start of the show not to take myself too seriously or seriously at all and always ask the simplest possible questions in hopes of arriving at something fundamental and even beautiful even if it makes me look like an idiot which I very often am rss feed is still the same.",
          "chapter_name": "The Lex Fridman Podcast: Beyond AI, Beyond Limits"
        },
        {
          "speaker": "Lex Fridman",
          "speech": "Everything is still the same if you enjoy this thing, share it with others, your kind words as before as always and your love has been fueled for me for which I am forever grateful",
          "chapter_name": "The Lex Fridman Podcast: Beyond AI, Beyond Limits"
        }
      ]
    }
  ]
}