{
  "speakers": [
    "Lex Fridman",
    "Pamela McCorduck"
  ],
  "episode_name": "pamela-mccorduck-machines-who-think-and-the-early-days-of",
  "chapters": [
    {
      "name": "AI Dreams: Connecting Myths, Legends, and Early Pioneer",
      "content": [
        {
          "speaker": "Lex Fridman",
          "speech": "The following is a conversation with Pamela McCormick. She's an author who has written on the history and the philosophical significance of artificial intelligence. Her books include machines who think in 1979, The 5th Generation in 1983 with Ed Feigenbaum, who is considered to be the father of expert systems, the edge of chaos, they features of women and many more books. I came across her work in an unusual way by stumbling in a quote from machines who think that is something like artificial intelligence began with the ancient wish to forge the gods. That was a beautiful way to draw a connecting line between our societal relationship with AI from the grounded day to day science, math and engineering. Two popular stories in science fiction and myths of automatons that go back for centuries Through her literary work, she has spent a lot of time with the seminal figures of artificial intelligence, including the founding fathers of Ai from the 1956 Dartmouth Summer Workshop where the field was launched. I reached out to Pamela for conversation in hopes of getting a sense what those early days were like and how their dreams continue to reverberate to the work of our community today. I often don't know where the conversation may take us, but I jump in and see having no constraints, rules or goals is a wonderful way to discover new ideas. This is the artificial intelligence podcast.",
          "chapter_name": "AI Dreams: Connecting Myths, Legends, and Early Pioneer"
        },
        {
          "speaker": "Lex Fridman",
          "speech": "If you enjoy it. Subscribe on Youtube, give it five stars on itunes, supported on patreon are simply connect with me on twitter, a lex Friedman spelled F R I D M A N And now here's my conversation with Pamela McCormick 1979 Yearbook machines who think was published in it. You interview some of the early Ai pioneers and explore the idea that hey, I was born not out of maybe math and computer science, but out of myth and legend. So uh tell me if you could , the story of how you first arrived at the book, the journey of beginning to write it. I had been a novelist, I'd published two novels and I was sitting Under the portal at Stanford one day, the house we were renting for the summer",
          "chapter_name": "AI Dreams: Connecting Myths, Legends, and Early Pioneer"
        },
        {
          "speaker": "Pamela McCorduck",
          "speech": "and I thought I should write a novel about these weird people in Ai I know. And then I thought, I don't write a novel, right, a history simple. Just go around, you know, interview them. Splice it together. Voila instant book. Ha ha ha! It was much harder than that.",
          "chapter_name": "AI Dreams: Connecting Myths, Legends, and Early Pioneer"
        }
      ]
    },
    {
      "name": "AI Dreams: The Pioneers' Persuasion",
      "content": [
        {
          "speaker": "Pamela McCorduck",
          "speech": "But nobody else was doing it. And so I thought this is a great opportunity. And there were people who john McCarthy for example, thought it was a nutty idea. There were much, you know, the field had not evolved yet so on. And he had some mathematical thing. He thought I should write instead. And I said, no, john I am not a woman in search of a project.",
          "chapter_name": "AI Dreams: The Pioneers' Persuasion"
        },
        {
          "speaker": "Pamela McCorduck",
          "speech": "I'm this is what I want to do. I hope you'll cooperate. And he said, oh mutter mutter, well, okay, it's your, your time. It was the pitch for the, I mean such a young field at that point. How do you write a personal history of a field that's so young? I said, this is wonderful. The founders of the field are alive and kicking and able to talk about what they're doing.",
          "chapter_name": "AI Dreams: The Pioneers' Persuasion"
        },
        {
          "speaker": "Pamela McCorduck",
          "speech": "Did they sound or feel like founders at the time that they know that they have been found that they have founded something, they knew what they were doing was very important, very what they, what I now see in retrospect is that they were at the height of their research careers and it's humbling to me that they took time out from all the things that they had to do as a consequence of being there and to talk to this woman who said, I think I'm going to write a book about, you know, it was amazing, just amazing. So who, who stands out to you? Uh, Maybe looking 63 years ago, the Dartmouth Conference, the So Marvin Minsky was there McCarthy, was there Claude Shannon Allen, Newell, Herb Simon, some of the folks you mentioned uh then there's other characters, right? Um one of your co authors, uh he wasn't at Dartmouth, he was not dharma, but I mean he was, I think an undergraduate and uh and of course joe draw, I mean all of these are players are not dark with them, but in that era. Right. Uh it seems you and so on. So who are the characters if you could paint a picture that stand out to you or memory , those people you interviewed and maybe not people that were just in the in the atmosphere the atmosphere.",
          "chapter_name": "AI Dreams: The Pioneers' Persuasion"
        },
        {
          "speaker": "Pamela McCorduck",
          "speech": "Uh of course the four founding fathers were extraordinary guys. They really were who are the founding fathers? Allen Newell, Herbert, Simon Marvin, Minsky, john McCarthy. They were the four who were not only at the Dartmouth conference, but Newell and Simon arrived there with a working program called the Logic theorist. Everybody else had great ideas about how they might do it, but they weren't going to do it yet. Um And you mentioned joe Traub, my husband , I was immersed in a I before I met joe because I had been Ed Feigenbaum is assistant at Stanford.",
          "chapter_name": "AI Dreams: The Pioneers' Persuasion"
        },
        {
          "speaker": "Pamela McCorduck",
          "speech": "And before that I had worked on a book by edited by Feigenbaum and julien Feldman called computers. And thought it was the first text book of readings of AI and they only did it because they were trying to teach ai to people at Berkeley. And there was nothing, you know, you'd have to send them to this journal and that journal, this was not the internet where you could go look at an article. So I was fascinated from the get go by a I was an english major Yeah, what did I know?",
          "chapter_name": "AI Dreams: The Pioneers' Persuasion"
        },
        {
          "speaker": "Lex Fridman",
          "speech": "And yet I was fascinated and that's why you saw that historical, that literary background, which I I think is very much a part of the continuum of ai that the A I grew out of that same impulse. Yeah. That traditional what what was what drew you to ai how did you even think of it back back then? What was the possibilities, the dreams, What was interesting to you ? Uh The idea of intelligence outside the human cranium . This was a phenomenal idea. And even when I finished machines who think I didn't know if they were going to succeed.",
          "chapter_name": "AI Dreams: The Pioneers' Persuasion"
        },
        {
          "speaker": "Pamela McCorduck",
          "speech": "In fact, the final chapter is very wishy washy, frankly. Uh I'll succeed the field did. Yes. It was there the idea that a I began with the wish to forge the God. So the spiritual component that we crave to create this other think greater than ourselves for those guys, I don't think so. Newell and Simon were cognitive psychologists. What they wanted was to simulate aspects of human intelligence and they found they could do it on the computer. Minsky, I just thought it was a really cool thing to do.",
          "chapter_name": "AI Dreams: The Pioneers' Persuasion"
        },
        {
          "speaker": "Pamela McCorduck",
          "speech": "Likewise. McCarthy McCarthy had got the idea 1949 when he was a caltech student and he listened to somebody's lecture. It's in my book , I forget who it was. Uh and he thought, oh that would be fun to do, how do we do that? And he took a very mathematical approach . Uh Minsky was hybrid and Newell and Simon were very much cognitive psychology. How can we simulate various things about , about human cognition.",
          "chapter_name": "AI Dreams: The Pioneers' Persuasion"
        },
        {
          "speaker": "Lex Fridman",
          "speech": "What happened over the many years is of course our definition of intelligence expanded tremendously these days, biologists are comfortable talking about the intelligence of sell the intelligence of the brain . Uh not just human brain, but the intelligence of any kind of brain. Uh safely pause. I mean An octopus is really intelligent by any man. We wouldn't have thought of that in the 60s , even the 70s. So all these things have worked in and I did hear one behavioral uh primatologist frans de WAal say aI taught us the questions to ask.",
          "chapter_name": "AI Dreams: The Pioneers' Persuasion"
        },
        {
          "speaker": "Pamela McCorduck",
          "speech": "Yeah, this is what happens right? It's uh when you try to build it is when you start to actually ask questions if it puts a mirror to ourselves. Right? So you were they're in the middle of it seems like not many people were asking the questions that you were just trying to look at this field the way you were.",
          "chapter_name": "AI Dreams: The Pioneers' Persuasion"
        }
      ]
    },
    {
      "name": "The Roots of AI: Homer's Robots and Babbage's Dream",
      "content": [
        {
          "speaker": "Pamela McCorduck",
          "speech": "I was so low.",
          "chapter_name": "The Roots of AI: Homer's Robots and Babbage's Dream"
        },
        {
          "speaker": "Pamela McCorduck",
          "speech": "I when I went to get funding for this because I needed somebody to transcribe the interviews and I need to travel expenses. I went to every thing you could think of the NSF the DARPA. Uh Yeah, there was an Air Force place that doled out money and each of them said, well that was that was very interesting. That's a very interesting idea. Uh But we'll think about it . And the National Science Foundation actually said to me in plain english, hey you're only a writer you're not a historian of science. And I said yeah that's true. But you know the historians of science will be crawling all over this field. I'm writing for the general audience. So I thought and they still wouldn't budge. I finally got a private grant without knowing who it was from from Ed Friedkin at M. I.",
          "chapter_name": "The Roots of AI: Homer's Robots and Babbage's Dream"
        },
        {
          "speaker": "Pamela McCorduck",
          "speech": "T. He had he was a wealthy man and he liked what he called crackpot ideas and he considered this a crackpot crackpot idea and he was willing to support it. I am ever grateful. Let me say that you know some would say that a history of science approach to ai or even just a history or anything like the book that you've written hasn't been written since. But any I don't maybe I'm not familiar but it's certainly not many if we think about bigger than just these couple of decades . A few decades. What what are the roots of Ai?",
          "chapter_name": "The Roots of AI: Homer's Robots and Babbage's Dream"
        },
        {
          "speaker": "Pamela McCorduck",
          "speech": "Oh they go back so far. Yes of course there's all the legendary stuff the Golem and The early robots of the 20th century. But they go back much further than that. If you read Homer, Homer has robots in the Iliad and a classical scholar was pointing out to me just a few months ago. Well you said you just read the odyssey. The odyssey is full of robots. It is. I said yeah how do you think judicious ship from place one place to another.",
          "chapter_name": "The Roots of AI: Homer's Robots and Babbage's Dream"
        },
        {
          "speaker": "Pamela McCorduck",
          "speech": "He doesn't have the crew people to do that. The crewman. Uh Yeah, it's magic. It's robots. Oh I thought how interesting. Uh so we've had this notion of a I for a long time.",
          "chapter_name": "The Roots of AI: Homer's Robots and Babbage's Dream"
        },
        {
          "speaker": "Pamela McCorduck",
          "speech": "And then toward the end of the 19th century, the beginning of the 20th century, there were scientists who actually tried to make this happen some way or another. Not successfully, they didn't have the technology for it. And of course Babbage in the 1850s and 60 he saw that what he was building was capable of uh intelligent behavior. And he when he ran out of funding the british government finally said that's enough. He and lady lovely decided oh well why don't we make, why don't we play the ponies with this?",
          "chapter_name": "The Roots of AI: Homer's Robots and Babbage's Dream"
        },
        {
          "speaker": "Lex Fridman",
          "speech": "He had other ideas for raising money to but if we actually reach back once again , I think people don't actually really know that robots do appear. And ideas of robots, You talk about the Hellenic and the break points of view . Yes. Can you tell me about each. I defined it this way. The Hellenic point of view is robots are great. You know their party help, they help this guy have Festus, this God Hephaestus in his forge, I presume he made them to help him. Uh and so on and so forth. And and they welcome the whole idea of robots. The break view has to do with I think it's the second commandment thou shalt not make any graven image .",
          "chapter_name": "The Roots of AI: Homer's Robots and Babbage's Dream"
        },
        {
          "speaker": "Lex Fridman",
          "speech": "In other words, you better not start imitating humans because that's just forbidden. It's the second commandment and a lot of the reaction to artificial intelligence has been uh a sense that this is this is somehow wicked, This is somehow blasphemous. We shouldn't be going there now, you can say yeah, but they're going to be some downsides and I say yes, there are, but blasphemy is not one of them . You know, there is a kind of fear that feels to be almost primal uh is their religious roots to that, because so much of our society has religious roots. And so there is a feeling of, like you said, blasphemy of creating the other of creating something , you know, uh doesn't have to be artificial intelligence is creating life in general. It's the Frankenstein idea .",
          "chapter_name": "The Roots of AI: Homer's Robots and Babbage's Dream"
        },
        {
          "speaker": "Pamela McCorduck",
          "speech": "Here's the annotated Frankenstein on my coffee table, it's a tremendous novel. It really is just beautifully perceptive. Yes, we do fear this and we have good reason to fear it.",
          "chapter_name": "The Roots of AI: Homer's Robots and Babbage's Dream"
        }
      ]
    },
    {
      "name": "The Psychology of AI Fears: Mortality, Bias, and Control",
      "content": [
        {
          "speaker": "Lex Fridman",
          "speech": "But because it can get out of hand, maybe you can speak to that fear that the psychology, if you thought about it. You know, there's a practical set of fears concerns in the short term, you can think if if we actually think about artificial intelligence systems , you can think about bias of discrimination in algorithms are you you can um think about uh their social networks have algorithms that recommend the content. You see there by these algorithms control the behavior of the masses. There's these concerns. But to me it feels like the fear that people have is deeper than that.",
          "chapter_name": "The Psychology of AI Fears: Mortality, Bias, and Control"
        },
        {
          "speaker": "Pamela McCorduck",
          "speech": "So have you thought about the psychology of it? I think in a superficial way I have there is this notion that if we produce a machine that can think it will out think us and therefore replace us. I guess that's a that's a primal fear of almost almost kind of uh a kind of mortality. So around the time you said you work with it's stanford with Ed Feigenbaum . So let's look at that one person throughout his history. Clearly key person, one of the many in the history of I how has he changed in general, around him? How stanford changed in the last how many years are we talking about here since 65 6, 65. So maybe it doesn't have to be about him. It could be bigger. But because he was a key person in expert systems for example, how is that?",
          "chapter_name": "The Psychology of AI Fears: Mortality, Bias, and Control"
        },
        {
          "speaker": "Pamela McCorduck",
          "speech": "How are these folks who you've interviewed In the 70s 79 changed through the decades ? Mm In Ed's case. I know him well . We are dear friends. We see each other every month or so. He told me that when machines who think first came out, he really thought all the front matter was kind of bologna?",
          "chapter_name": "The Psychology of AI Fears: Mortality, Bias, and Control"
        },
        {
          "speaker": "Pamela McCorduck",
          "speech": "Mm And 10 years later he said, no, I see what you're getting at. Yes. This is an impulse that has been, this has been a human impulse for thousands of years to create something outside the human cranium that has intelligence. Uh I think it's very hard when you're down at the algorithmic level and you're just trying to make something work which is hard enough. Just step back and think of the big picture. It reminds me of when I was in santa fe, I knew a lot of archaeologists which was a hobby of mine. And I would say , yeah,",
          "chapter_name": "The Psychology of AI Fears: Mortality, Bias, and Control"
        },
        {
          "speaker": "Pamela McCorduck",
          "speech": "yeah , well you can look at the shards and say , oh this came from this tribe and this came from this trade route and so on . But what about the big picture? And a very distinguished archaeologist said to me, they don't think that way, you know, they're trying to match the shard to the to where it came from. That's where did this corn remainder of this corn come from ? Was it grown here? Was it grown elsewhere? And I think this is part of the ai any scientific field.",
          "chapter_name": "The Psychology of AI Fears: Mortality, Bias, and Control"
        },
        {
          "speaker": "Pamela McCorduck",
          "speech": "Uh you're so busy doing the hard work and it is hard work that you don't step back and say, well now let's talk about the, you know the picture meaning of all this. Yes. So none of the even Minsky and McCarthy, they owe those guys did.",
          "chapter_name": "The Psychology of AI Fears: Mortality, Bias, and Control"
        }
      ]
    },
    {
      "name": "AI: The Literary Problem and Human Solace",
      "content": [
        {
          "speaker": "Pamela McCorduck",
          "speech": "Yeah, the founding fathers did early on or pretty early on that they had but in a different way from how I looked at it. The two cognitive psychologists, Newell and Simon, they wanted to imagine reforming cognitive psychology so that we would really, really understand the brain. Minsky was more speculative and john McCarthy saw it as I think I'm doing, doing him right by this.",
          "chapter_name": "AI: The Literary Problem and Human Solace"
        },
        {
          "speaker": "Pamela McCorduck",
          "speech": "He really saw it as a great boon for human beings to have this technology. And that was reason enough to do it. And he had wonderful, wonderful fables about how if you do the mathematics, you will see that these things are really good for human beings. And if you had a technological objection, he had an answer, a technological answer, but here's how we could get over that and then blah blah blah blah. And one of his favorite things was what he called the literary problem, which of course he presented to me several times that is everything in literature.",
          "chapter_name": "AI: The Literary Problem and Human Solace"
        },
        {
          "speaker": "Lex Fridman",
          "speech": "There are conventions in literature . One of the conventions is that you have uh a villain and a hero and the hero in most literature is human and the villain in most literature is a machine. And he said that's just not the way it's going to be, but that's the way we're used to it. So when we tell stories about ai it's always with this paradigm, I thought yeah, he's right. You know, looking back the classics are you are certainly the machines trying to overthrow the humans.",
          "chapter_name": "AI: The Literary Problem and Human Solace"
        },
        {
          "speaker": "Lex Fridman",
          "speech": "Frankenstein is different Frankenstein is a creature, he never he never has a name. Frankenstein of course is the guy who created him, the human dr Frankenstein. This creature wants to be loved, wants to be accepted. And it is only when Frankenstein turns his head in fact runs the other way and the creature is without love that he becomes the monster that he later becomes. So who's the villain in Frankenstein? It's unclear , right? So it is unclear. Yeah.",
          "chapter_name": "AI: The Literary Problem and Human Solace"
        },
        {
          "speaker": "Pamela McCorduck",
          "speech": "It's really the people who drive him by driving him away, they bring out the worst. That's right. They give him no human solace and uh he is driven away. You're right. Uh He becomes at one point the friend of a blind man and they he serves this blind man and they become very friendly.",
          "chapter_name": "AI: The Literary Problem and Human Solace"
        },
        {
          "speaker": "Pamela McCorduck",
          "speech": "But when the sighted people of the blind man's family commit ah you got a monster here . So it's it's very didactic in its way. And what I didn't know is that mary Shelley and Percy Shelley were great readers of the literature surrounding abolition in the United States, the abolition of slavery and they picked that up wholesale um you know, you are making monsters of these people because you won't give them the respect and love that they deserve . Do you have if we get philosophical for a second, do you worry that once we create machines that are a little bit more intelligent. Let's look at Roomba that vacuums cleaner, that that this darker part of human nature where we abuse uh the other the somebody who's different will come out I don't worry about it. I could imagine it happening. Uh But I think that what ai has to offer the human race will be so attractive that yeah people will be won over. So you have looked deep into these people have deep conversations and it's interesting to get a sense of stories of the way they were thinking and the way it was changed the way your own thinking about Ai has changed. So you mentioned McCarthy is um what about the years of cmu Carnegie Mellon with joe And was sure joe was not in a I he was in algorithmic complexity.",
          "chapter_name": "AI: The Literary Problem and Human Solace"
        },
        {
          "speaker": "Pamela McCorduck",
          "speech": "Was there always a line between ai and computer science for example is a i it's own place of outcasts. It was that the feeling there was a kind of outcast period for AI for instance in 1970 for the new field was hardly 10 years old . The new field of computer science was asked by the National Science Foundation I believe. But it may have been the National academies. I can't remember uh to you know tell us tell our your fellow scientists where computer science is and what it means and they wanted to leave out a I Uh huh and they only agreed to put it in because Don Knuth said hey this is important. You can't just leave that out.",
          "chapter_name": "AI: The Literary Problem and Human Solace"
        },
        {
          "speaker": "Pamela McCorduck",
          "speech": "Really. Don. Don Kennedy. Yes I talked to mrs e joseph out of all the people. Yes. But you see an Ai person couldn't have made that argument.",
          "chapter_name": "AI: The Literary Problem and Human Solace"
        },
        {
          "speaker": "Pamela McCorduck",
          "speech": "He wouldn't have been believed but can youth was believed. Yes. So joe crow worked on the real stuff, joe was working on algorithmic complexity but he would say in plain english again and again the smartest people I know are in a I really? Oh yes, no question. Anyway joe I love these guys. What happened was that I guess it was as I started to write machines who think Herb Simon and I became very close friends.",
          "chapter_name": "AI: The Literary Problem and Human Solace"
        },
        {
          "speaker": "Pamela McCorduck",
          "speech": "He would walk past our house on Northumberland Street every day after work and I would just be putting my cover on my typewriter and I would lean out the door and say her, would you like a sherry? And her almost always would like a sherry. So he'd stop in and we talked for an hour, two hours . My journal says we talked this afternoon for three hours. What was in his mind at the time ? If in terms of the ai side of things.",
          "chapter_name": "AI: The Literary Problem and Human Solace"
        },
        {
          "speaker": "Lex Fridman",
          "speech": "Uh we didn't talk too much about ai we talked about other things in life. We we both love literature and Herb had read Proust in the original french twice all the way through. I can't read it in english and translation. So we talked about literature. We talked about languages, we talked about music because he loved music. We talked about art because he was he was actually enough of a painter that he had to give it up because he was afraid it was interfering with his research and so on . So no, it was really just chat chat, but it was very warm.",
          "chapter_name": "AI: The Literary Problem and Human Solace"
        },
        {
          "speaker": "Lex Fridman",
          "speech": "So one summer I said to her, you know my students have all the really interesting conversations. I was teaching at the University of Pittsburgh then in the english department. You know, they get to talk about the meaning of life and that kind of thing. And what do I have? I have university meetings where we talk about the photocopying budget and you know, whether the course on romantic poetry should be one semester or two. So her laughed.",
          "chapter_name": "AI: The Literary Problem and Human Solace"
        },
        {
          "speaker": "Pamela McCorduck",
          "speech": "He said, yes, I know what you mean, he said, but you know you could do something about that Dot was his wife Dot and I used to have a salon at the university of Chicago every sunday night.",
          "chapter_name": "AI: The Literary Problem and Human Solace"
        }
      ]
    },
    {
      "name": "AI Winter: Basic Research, Hype, and the Fault of Researcher",
      "content": [
        {
          "speaker": "Pamela McCorduck",
          "speech": "And we would have essentially an open house and people knew it wasn't for sure . A small talk. It was really for some the topic of uh depth, he said, but my advice would be that you choose the topic ahead of time. Fine. I said so the following we we exchanged mail over the summer that was us post in those days because you didn't have personal email and um we I decided I would organize it and there would be eight of us Allen Newell and his wife, Herb Simon and his wife Dorothy.",
          "chapter_name": "AI Winter: Basic Research, Hype, and the Fault of Researcher"
        },
        {
          "speaker": "Lex Fridman",
          "speech": "Um there was a novelist in town a man named Mark Harris. He had just just arrived and his wife, josephine Mark was most famous then for a novel called Bang the Drum Slowly, which was about baseball And Joe and Me So eight people. And we met monthly and we we just sank our teeth into really hard topics and it was great fun. How have your own views around artificial intelligence changed and through the process of writing machines who think and afterwards the ripple effects. I was a little skeptical that this whole thing would work out.",
          "chapter_name": "AI Winter: Basic Research, Hype, and the Fault of Researcher"
        },
        {
          "speaker": "Pamela McCorduck",
          "speech": "It didn't matter to me, it was so audacious, the whole thing being a I a I generally and in some ways uh yeah, it hasn't worked out the way I expected so far. That is to say there is this wonderful lot of apps, thanks to deep learning and so on. But those are algorithmic and in the part of symbolic processing there is very little yet , yes. And that's the field that lies waiting for industrial industrious graduate students. Maybe you can tell me some figures that popped up in your life in the 80s with expert systems or there was the symbolic ai possibilities of what's you know that what most people think of as a i if you dream of the possibilities ai is really expert system and those hit a few walls and those challenges there. And I think yes, they will re emerge again with some new breakthroughs and so on. But what did that feel like? Both the possibility and the winter that followed the slow down.",
          "chapter_name": "AI Winter: Basic Research, Hype, and the Fault of Researcher"
        },
        {
          "speaker": "Pamela McCorduck",
          "speech": "You know, this whole thing about ai winter is to me a crock , it's no winters Because I look at the basic research that was being done in the 80s , which is supposed to be my God, it was really important. It was laying down things that nobody had thought about before. But it was basic research, you couldn't monetize it. Hence the winter . That's the winter. You know, research scientific research goes and fits and starts.",
          "chapter_name": "AI Winter: Basic Research, Hype, and the Fault of Researcher"
        },
        {
          "speaker": "Lex Fridman",
          "speech": "It isn't this nice smooth. Oh, this follows, this follows this. No, it just doesn't work that way. But the interesting thing, the way winters happen, it's never the fault of the researchers . It's the it's the some source of hype over promising. Well, no, let me take that back. Sometimes it is the fault of the researchers.",
          "chapter_name": "AI Winter: Basic Research, Hype, and the Fault of Researcher"
        },
        {
          "speaker": "Pamela McCorduck",
          "speech": "Sometimes certain researchers might over promise the possibilities. They themselves believe that we're just a few years away, sort of just recently talked to Elon musk and he believes he'll have an autonomous vehicle will have autonomous vehicles in a year and he believes it a year, a year. Yeah. Have mass deployment Of for the record, this is 2019 right now says he's talking 2020 to do the impossible. You really have to believe it . Mhm. And I think what's going to happen when you believe it because there's a lot of really brilliant people around him is some good stuff will come out of it.",
          "chapter_name": "AI Winter: Basic Research, Hype, and the Fault of Researcher"
        }
      ]
    },
    {
      "name": "AI Winter vs. Science March: A Tale of Funding and Progre",
      "content": [
        {
          "speaker": "Lex Fridman",
          "speech": "Some unexpected, brilliant breakthroughs will come out of it when you really believe it, when you work that hard. But I believe that and I believe autonomous vehicles will come. I just don't believe it will be in a year I wish, but nevertheless, there is a lot of vehicles is a good example. There's a feeling many companies have promised by 2021 by 2022 for GMM basically every single automotive companies promise they'll have autonomous vehicles. So that kind of over promise is what leads to the winter because we'll come to those dates.",
          "chapter_name": "AI Winter vs. Science March: A Tale of Funding and Progre"
        },
        {
          "speaker": "Pamela McCorduck",
          "speech": "There won't be autonomous vehicles and it will be a feeling, Well, wait a minute if we took your word at that time, that means we just spent billions of dollars had made no money and there's a counter response to where everybody gives up on it sort of intellectually at every level. The hope just dies and all that's left is a few basic researchers. So you're uncomfortable with some aspects of this. This idea. Well, it's, it's a difference between science and commerce.",
          "chapter_name": "AI Winter vs. Science March: A Tale of Funding and Progre"
        },
        {
          "speaker": "Pamela McCorduck",
          "speech": "So you think science prevail, science goes on the way it does. It was science can really be killed by not getting proper funding or timely funding. Um, I think great Britain was a perfect example of that. The Light Hill report in remember the year, essentially said there's no use great Britain putting any money into this , it's going nowhere . And this was all about social factions in great Britain. Uh Edinburgh hated Cambridge, and Cambridge hated Manchester and somebody else can write that story.",
          "chapter_name": "AI Winter vs. Science March: A Tale of Funding and Progre"
        },
        {
          "speaker": "Lex Fridman",
          "speech": "Uh but it really did have a hard effect on research there now. They've come roaring back with deepmind, but that's one guy and his visionaries around him, but just push on that . It's kind of interesting. You have this dislike of the idea of an AI winter. The where's that ? Where's that coming from? Where were you? Oh , because I just don't think it's true .",
          "chapter_name": "AI Winter vs. Science March: A Tale of Funding and Progre"
        },
        {
          "speaker": "Pamela McCorduck",
          "speech": "There was a particular period of time. It's a romantic notion certainly. Yeah. Well no , I admire science perhaps more than I admire commerce, Commerce is fine. Hey, you know, we all got to live, but uh science has a much longer view than commerce and continues almost regardless not it can't continue totally regardless, but it almost regardless of what's available and what's not much monetize mobile and what's not. So the winter is just something that happens on the commerce side and the science marches, that's a beautifully um optimistic, inspire much. I agree with you.",
          "chapter_name": "AI Winter vs. Science March: A Tale of Funding and Progre"
        },
        {
          "speaker": "Pamela McCorduck",
          "speech": "I think if we look at the key people that work in ai, they're working key scientists most disciplines. They continue working out of the love for science, no matter you can always scrape up some funding to stay alive and they continue working diligently but there certainly is a huge amount of funding now and there's a concern on the Ai side and deep learning there's a concern that we might with over promising hit another slowdown and funding which does affect the number of students, you know, that kind of thing. No, it doesn't. So the kind of ideas you have the machines who think did you continue that curiosity throw through the decades that followed? Yes , I did. And what what was your view?",
          "chapter_name": "AI Winter vs. Science March: A Tale of Funding and Progre"
        },
        {
          "speaker": "Pamela McCorduck",
          "speech": "Historical view of how Ai community evolved the conversations about it, The the work as it persisted the same way from its birth. No of course not. Like it's just we were just talking the symbolic ai really kind of dried up all became algorithmic. I remember a young Ai student telling me what he was doing and I had been away from the field long enough. I gotten involved with the complexity of the santa fe institute. I thought algorithms Yeah, they're in the service of but they're not the main event.",
          "chapter_name": "AI Winter vs. Science March: A Tale of Funding and Progre"
        },
        {
          "speaker": "Pamela McCorduck",
          "speech": "No, they became the main event that surprised me . Uh huh. And we all know the downside of this.",
          "chapter_name": "AI Winter vs. Science March: A Tale of Funding and Progre"
        }
      ]
    },
    {
      "name": "Edge of Chaos: Complexity, AI, and Personal Journey",
      "content": [
        {
          "speaker": "Pamela McCorduck",
          "speech": "We all know that if you're using an algorithm to make decisions based on a gazillion human decisions baked into it. Our all the mistakes that humans make, the bigotries, the shortsightedness, so on and so on. So you mentioned Santa fe institute. Yeah. So you've written the novel edge of chaos, but it's inspired by the ideas of complexity or a lot of which have been extensively explored at the santa fe institute.",
          "chapter_name": "Edge of Chaos: Complexity, AI, and Personal Journey"
        },
        {
          "speaker": "Lex Fridman",
          "speech": "It's a I mean, it's it's another fascinating topic , just sort of emergent complexity from chaos. Nobody knows how it happens really, but it seems to wear all the interesting stuff does happen. So , how the first, not your novel, but just complexity in general in the work of santa fe fit into the bigger puzzle of the history of Ai or maybe even your personal journey through that. one of the last projects I did concerning ai in particular was looking at the work of Peril Cohen the painter. And Harold was deeply involved with ai He was a painter 1st. And and what his project, Aaron, which was a lifelong project did was reflect his own cognitive processes. Okay, Harold and I, even though I wrote a book about it, we had a lot of friction between us and I went, I thought this is it, you know, the book died, it was published and fell into a ditch. Uh this is it, I'm finished, it's time for me to do something different by chance. This was a sabbatical year from my husband and we spent two months at the santa fe institute in two months at caltech and then the spring semester in Munich Germany, okay, those two months at the santa fe institute were so restorative for me and I began to the institute was very small then uh it was in some kind of office complex on old santa fe trail. Everybody kept their door open so you could crack your head on a problem.",
          "chapter_name": "Edge of Chaos: Complexity, AI, and Personal Journey"
        },
        {
          "speaker": "Lex Fridman",
          "speech": "And if you finally didn't get it, you could walk in to see Stuart kauffman or um any number of people and say, I don't get this, can you explain? And one of the people that I, I was talking to about complex adaptive systems was Murray gellman. And I told Murray what Harold Cohen had done and I said, you know, this sounds to me like a complex adaptive system. He said, yeah, it is. Well what do you know, heralds? Aaron had all these kissing cousins all over the world, in science and in economics and so on and so forth. I was so relieved.",
          "chapter_name": "Edge of Chaos: Complexity, AI, and Personal Journey"
        },
        {
          "speaker": "Lex Fridman",
          "speech": "I thought, okay, your instincts are okay , you're doing the right thing. Uh, I didn't have the vocabulary and that was one of the things that the santa fe institute gave me .",
          "chapter_name": "Edge of Chaos: Complexity, AI, and Personal Journey"
        }
      ]
    },
    {
      "name": "Brave Writer: Exploring AI's Transformative Potential",
      "content": [
        {
          "speaker": "Pamela McCorduck",
          "speech": "If I could have rewritten that book. No , we had just come out, I couldn't rewrite it. I would have had a vocabulary to explain what Aaron was doing. Okay, So I got really interested in uh what was going on at the institute. The people were again bright and funny and willing to explain anything to this amateur George cowan who was then the head of the institute said he thought it might be a nice idea if I wrote a book about the institute and I thought about it. And I had my eye on some other project, God knows what.",
          "chapter_name": "Brave Writer: Exploring AI's Transformative Potential"
        },
        {
          "speaker": "Lex Fridman",
          "speech": "And I said, I'm sorry George. Yeah, I'd really love to do it. But you know, just not going to work for me at this moment. He said, oh , too bad. I think it would make an interesting book. Well, he was right",
          "chapter_name": "Brave Writer: Exploring AI's Transformative Potential"
        },
        {
          "speaker": "Lex Fridman",
          "speech": "and I was wrong. I wish I'd done it. But that's interesting. I hadn't thought about that. That that was a road not taken that I wish I had taken. Well, you know what, that's just on that.",
          "chapter_name": "Brave Writer: Exploring AI's Transformative Potential"
        },
        {
          "speaker": "Pamela McCorduck",
          "speech": "On that point . It's quite brave for you as a as a as a writer as um as sort of coming from the world of literature , the literary thinking, historical thing. I mean, just from that world and bravely talking to quite, I assume, large egos in uh in uh ai or in complexity and so on. How'd you do it? Like, where did you, I mean, I suppose they could be intimidated view as well because it's two different worlds. I never picked up that anybody was intimidated by me, but how are you brave enough? Where did you find the guts to just dumb dumb luck? I mean, this is an interesting rock to turn over.",
          "chapter_name": "Brave Writer: Exploring AI's Transformative Potential"
        },
        {
          "speaker": "Lex Fridman",
          "speech": "I'm going to write a book about and, you know, people have enough patients with writers if they think they're going to end up in a book that they let you flail around and so on as well. But they also look if the writer has, there's like if there's a sparkle in their eye, if they get it. Yeah, sure. When were you at the santa fe institute? Uh the time I'm talking about is 1990 yeah, 1990 90 91 92. But we then, because joe was an external faculty member, we're in santa fe every summer, we bought a house there and I didn't have that much to do with the institute anymore.",
          "chapter_name": "Brave Writer: Exploring AI's Transformative Potential"
        },
        {
          "speaker": "Lex Fridman",
          "speech": "I was writing my novels, I was doing whatever I was doing, but I loved the institute and I loved they again, the audacity of the ideas that really appeals to me. I think that there there is this feeling much like in great, great institutes of neuroscience for example, that it's they're they're in it for the long game of understanding something fundamental about reality in nature and that's really exciting. So if we start not to look a little bit more recently, how, you know, ai is really popular today, how is this world? You mentioned the algorithmic, but in general is the spirit of the people, the kind of conversations you hear through the grapevine and so on . Is that different than the routes that you remember the same kind of excitement, the same kind of, this is really going to make a difference in the world and it will, it has, You know, a lot of folks, especially young, 20 years old or something, they think we've just found something especially here, we're going to change the world tomorrow on a time scale. Do you have a sense of what of the time scale at which breakthroughs in ai happened? I really don't.",
          "chapter_name": "Brave Writer: Exploring AI's Transformative Potential"
        }
      ]
    },
    {
      "name": "The Future of AI: Friend or Foe?",
      "content": [
        {
          "speaker": "Pamela McCorduck",
          "speech": "Because look at deep learning that was a Geoffrey Hinton came up with the algorithm in 86. Mhm. But it took all these years with the technology to be good enough to actually be, be applicable. So no, I can't predict that at all. I can't I wouldn't even try. Well, let me ask you to, not to try to predict, but to speak to the, You know, I'm sure in the 60s as it continues now there's people that think, let's call , it we can call it this fun toward the singularity when there's a phase shift, there's some profound feeling where we're all really surprised by what's able to be achieved.",
          "chapter_name": "The Future of AI: Friend or Foe?"
        },
        {
          "speaker": "Lex Fridman",
          "speech": "I'm sure those dreams are there. I remember reading quotes in the 60s and those 15, you'd how have your own views maybe if you look back about the timeline of a singularity changed? Well, um I'm not a big fan of the singularity as Ray Kurzweil has presented it. How would you define the Ray Kurzweil sort of, how how do you think of singularity in the skin, if I understand Kurzweil's view, it's sort of , there's going to be this moment when machines are smarter than humans and game game over. However the game over is. I mean do they put us on a reservation, do they, etcetera etcetera.",
          "chapter_name": "The Future of AI: Friend or Foe?"
        },
        {
          "speaker": "Pamela McCorduck",
          "speech": "And first of all, machines are smarter than humans in some ways all over the place. And they have been since adding machines were invented. So it's not it's not going to come like some great edible crossroads. You know where they meet each other and our offspring. Oedipus says your dad, it's just not going to happen. Yeah.",
          "chapter_name": "The Future of AI: Friend or Foe?"
        },
        {
          "speaker": "Pamela McCorduck",
          "speech": "So it's already game over with calculators, right? Uh They're already out do much better uh basic arithmetic than us. But you know, there's a human like intelligence and it's not the ones that destroy us. But you know somebody that you can have as a as a friend, you can have deep connections with that kind of passing the turing test and beyond those kinds of ideas. Have you dreamt of those ? Yes, yes.",
          "chapter_name": "The Future of AI: Friend or Foe?"
        },
        {
          "speaker": "Pamela McCorduck",
          "speech": "Those possibilities. In a book I wrote with Ed Feigenbaum . There's a little story called the geriatric robot and how I came up with the geriatric robot is a story in itself. But here's here's what the geriatric robot does. It doesn't just clean you up and feed you and will you out into the sun. It's great advantages. It listens, It says tell me again about the great coup of 73. Tell me again about how awful or how wonderful your grandchildren are and so on and so forth. And it isn't hanging around to inherit your money, it isn't hanging around because it can't get any other job, this is his job and so on and so forth. Well, hey, I would love something like that .",
          "chapter_name": "The Future of AI: Friend or Foe?"
        },
        {
          "speaker": "Pamela McCorduck",
          "speech": "Yeah, I mean for me that deeply excites me. So I think there's a lot of us like you got to know it was a joke. I dreamed it up because I needed to talk to college students and I needed to give them some idea of what a I might be. And they were rolling in the aisles as I elaborated, elaborated, elaborated uh when it went into the book, they took my hide off in the new york review of books. This is just what we have thought about these people in ai they're inhuman. Come on , get over it.",
          "chapter_name": "The Future of AI: Friend or Foe?"
        },
        {
          "speaker": "Lex Fridman",
          "speech": "Don't you think that's a good thing for the world that ai could potentially I do. Absolutely. And furthermore, I want, you know, I'm pushing 80 now by the time I need help like that . I also wanted to roll itself in a corner and shut the funk up. Let me let me linger on that point. Do you really though? Yeah, I do. Here's what you wanted to push back a little bit a little but I have watched my friends go through the whole issue around having help in the house and some of them have been very lucky and had fabulous help and some of them have had people in the house who want to keep the television going on all day, who want to talk on their phones all day?",
          "chapter_name": "The Future of AI: Friend or Foe?"
        }
      ]
    },
    {
      "name": "AI Assistants: Human Connection vs. Perfection",
      "content": [
        {
          "speaker": "Pamela McCorduck",
          "speech": "No, so basically just roll yourself in the corner. Unfortunately as humans, when we're assistance, we we care, we're still, even when we're assisting others, we care about ourselves more.",
          "chapter_name": "AI Assistants: Human Connection vs. Perfection"
        },
        {
          "speaker": "Pamela McCorduck",
          "speech": "And so you create more frustration and robot ai assistant can really optimize the experience for you. I was just speaking to the point, you actually bring up a very, very, very good point. But I was speaking to the fact that as humans are a little complicated, that we don't necessarily want a perfect servant. I don't maybe you disagree with that, but there's a, I think uh there's a push and pull with humans a little attention. A little mystery that of course that's really difficult for you to get right. But I do sense especially in today with social media, that people are getting more and more lonely, even young folks and sometimes especially young folks that loneliness , there's a longing for connection and a I can help alleviate some of that loneliness. Some just somebody who listens like in person, um, that's so we speak, so, so, so, so to speak.",
          "chapter_name": "AI Assistants: Human Connection vs. Perfection"
        },
        {
          "speaker": "Pamela McCorduck",
          "speech": "Yeah, so to speak. Yeah , that to me is really exciting. But so if we look at that, that level of intelligence, which is exceptionally difficult to achieve actually as the singularity or whatever. That's the human level bar that people have dreamt of that to touring dreamt of it. Uh He had a date timeline. Do you have how of your own timeline evolved on? I don't I don't even think about it. You don't even think just this field has been so full of surprises for me. You're just taking in and see fundamental. Yeah.",
          "chapter_name": "AI Assistants: Human Connection vs. Perfection"
        },
        {
          "speaker": "Pamela McCorduck",
          "speech": "I just can't. Maybe that's because I've been around the field long enough to think , you know, don't don't go that way. Herb Simon was terrible about making these predictions of when this and that would happen. And he was a sensible guy. His quotes are he often used right? As uh Yeah.",
          "chapter_name": "AI Assistants: Human Connection vs. Perfection"
        },
        {
          "speaker": "Pamela McCorduck",
          "speech": "Do you have concerns about ai the existential threats that many people like Elon musk and uh Sam Harris and others that are thinking about that takes up a half a chapter in my book. I call it the male gaze. Well, you hear me out, The male gaze is actually a term from film criticism and I'm blocking on the woman's who dreamed this up. But she pointed out how most movies were made from the male point of view that women were objects , not subjects they didn't have any uh agency and so on and so forth. So when Elon and his pals Hawking and so on. Ok. Ai is going to eat our lunch and our dinner and our midnight snack too. I thought what? And I said to edify confound. Ah",
          "chapter_name": "AI Assistants: Human Connection vs. Perfection"
        }
      ]
    }
  ]
}