{
  "speakers": [
    "Lex Fridman",
    "Peter Norvig"
  ],
  "episode_name": "peter-norvig-artificial-intelligence-a-modern-approach",
  "chapters": [
    {
      "name": "AI Ethics: Balancing Fairness and Bias in Decision Making",
      "content": [
        {
          "speaker": "Lex Fridman",
          "speech": "the following is a conversation with Peter Nordvig . He's the director of research google and the co author with Stuart russell of the book artificial intelligence and modern approach that educated and inspired a whole generation of researchers, including myself, to get into the field of artificial intelligence. This is the artificial intelligence podcast . If you enjoy it, subscribe on Youtube, give five stars in itunes, support on Patreon are simply connect with me on twitter. Elex Friedman spelled F R I D M A N. And now here's my conversation with Peter Narvik. Most researchers in the AI community including myself own all three editions, red, green and blue of the artificial intelligence, a modern approach, a field defining textbook. As many people are aware that you wrote with Stuart Russell. How is the book changed and how have you changed in relation to it?",
          "chapter_name": "AI Ethics: Balancing Fairness and Bias in Decision Making"
        },
        {
          "speaker": "Lex Fridman",
          "speech": "From the first edition to the second to the third and now , fourth edition, as you work on it. So it's been a lot of years, a lot of changes. One of the things changing from the first to maybe the second or third was just the rise of computing power . Right? So I think in the in the first edition we said uh here's predicate logic, but that only goes so far because pretty soon you have millions of short little Medicaid expressions and they couldn't possibly fit in memory.",
          "chapter_name": "AI Ethics: Balancing Fairness and Bias in Decision Making"
        },
        {
          "speaker": "Peter Norvig",
          "speech": "Uh so we're going to use first order logic. That's more concise. And then we quickly realized, oh, Predicate logic is pretty nice because there are really fast sat solvers and other things. And look there's only millions of expressions and that fits easily into memory or maybe even billions fit into memory now. So that was a change of the type of technology we needed just because the hardware expanded even to the second editions. And resource constraints from loosened significantly second. And that Was early 2000's 2nd edition. Right?",
          "chapter_name": "AI Ethics: Balancing Fairness and Bias in Decision Making"
        },
        {
          "speaker": "Peter Norvig",
          "speech": "So 95 was the first and then uh 2000 2001 or so. And then moving on from there, I think we're starting to see that again with the GPU s and then uh more specific type of machinery like the TP us and you're seeing custom a six and so on uh for deep learning. So we're seeing another advance in terms of the hardware. Then I think another thing that we especially notice this time around is in all three of the first editions, we kind of said, well we're gonna find a i as maximizing expected utility and you tell me your utility function. And now we've got 27 chapters were the cool techniques for how to optimize that. I think in this edition we're saying more, you know what maybe that optimization part is the easy part and the hard part is deciding what is my utility function, what do I want. And if I'm a collection of agents or society, what do we want as a whole.",
          "chapter_name": "AI Ethics: Balancing Fairness and Bias in Decision Making"
        },
        {
          "speaker": "Peter Norvig",
          "speech": "So you touch that topic in this edition, you get a little bit more into utility. Yeah, that's really interesting on a technical level or almost pushing the philosophical, I guess it is philosophical. Right? So we we've always had a philosophy chapter which which I was glad that we were supporting. And now it's less kind of the uh you know, chinese room type argument and more of these ethical and societal type issues. So we get into uh the issues of fairness and bias and uh and just the issue of aggregating utilities. So how do you encode human values into a utility function?",
          "chapter_name": "AI Ethics: Balancing Fairness and Bias in Decision Making"
        },
        {
          "speaker": "Peter Norvig",
          "speech": "Is this something that you can do purely through data in a learned way? Or is there some systematic Obviously there's no good answers yet there's just beginnings to this uh even opening majority. So there is no one answer. Yes. There are techniques to try to learn that.",
          "chapter_name": "AI Ethics: Balancing Fairness and Bias in Decision Making"
        },
        {
          "speaker": "Peter Norvig",
          "speech": "So we talk about inverse reinforcement learning, right? So reinforcement learning uh you take some actions, you get some rewards and you figure out what actions you should take. An inverse reinforcement learning, you observe somebody taking actions and you figure out well this must be what they were trying to do if they did this action. It must be because they wanted. Of course there's restrictions to that. Right? So lots of people take actions that are self destructive or their sub optimal in certain ways.",
          "chapter_name": "AI Ethics: Balancing Fairness and Bias in Decision Making"
        },
        {
          "speaker": "Peter Norvig",
          "speech": "So you don't want to learn that you wanna somehow learn the perfect actions rather than the ones they actually take. So so that's a challenge for that field than another big part of it is just kind of theoretical of saying what can we accomplish? And so you look at like this this work on the programs to uh predict recidivism and decide uh who should get parole or who should get bail or whatever. Uh and how are you going to evaluate that? And one of the big issues is fairness across protected classes. Protected classes being things like sex and race and so on. And uh so two things you want is you want to say, Well if I get a score of say uh six out of 10, Then I want that to mean the same whether no matter what race I'm on, right?",
          "chapter_name": "AI Ethics: Balancing Fairness and Bias in Decision Making"
        },
        {
          "speaker": "Peter Norvig",
          "speech": "So I want to have a 60% chance of uh re occurring regardless. Uh huh. And the makers of the uh one of the makers of a commercial program to do that says that's what we're trying to optimize. And look, we achieved that we've we've reached that kind of balance. And then on the other side, you also want to say uh well, if it makes mistakes, I want that to effect both sides of the protected class equally. And it turns out they don't do that, right? So they're twice as likely to make a mistake that would harm a black person over a white person. So that seems unfair. So you'd like to say, well, I want to achieve both those goals.",
          "chapter_name": "AI Ethics: Balancing Fairness and Bias in Decision Making"
        },
        {
          "speaker": "Peter Norvig",
          "speech": "And then turns out you do the analysis and it's theoretically impossible to achieve both those goals. So you have to trade them off one against the other. So that analysis is really helpful to know what you can aim for and how much you can get that. You can't have everything. But the analysis certainly can't tell you where should we make that trade off point?",
          "chapter_name": "AI Ethics: Balancing Fairness and Bias in Decision Making"
        }
      ]
    },
    {
      "name": "AI's Impact on Society: Balancing Bias and Enjoyment",
      "content": [
        {
          "speaker": "Lex Fridman",
          "speech": "But there are less than we can as humans deliberate where that trade off should be. At least we now we're arguing in an informed way, we're not asking for something impossible.",
          "chapter_name": "AI's Impact on Society: Balancing Bias and Enjoyment"
        },
        {
          "speaker": "Lex Fridman",
          "speech": "We're saying here's where we are and and here's what we aim for. And uh, this strategy is better than that strategy. So that's, I would argue is a really powerful and really important first step. But it's a doable one sort of removing undesirable degrees of bias in uh, in systems in terms of protected classes. And then there's something I listen to your commencement speech or there's some fuzzier things like you mentioned angry birds. You want, do you want to create systems that feed the dopamine enjoyment that feed that optimized for you?",
          "chapter_name": "AI's Impact on Society: Balancing Bias and Enjoyment"
        },
        {
          "speaker": "Peter Norvig",
          "speech": "Returning to the system, enjoying the moment of playing the game of getting likes or whatever. This kind of thing or some kind of long term improvement is are you even thinking about that? That that's really going to the philosophical area. I think that's a really important issue to certainly thinking about that , I don't think about that as a as an ai issue as much, but as you say, you know, the point is , we've built this society in this infrastructure where we say we have a marketplace for attention and uh, we've decided as a society that we like, things that are free and so we want all apps on our phone to be free, uh, that means they're all competing for your attention and then eventually they make some money some way through ads or in game sales or whatever, but they can only win by defeating all the other apps by in stealing your attention. And we built a marketplace where it seems like they're working against you rather than working with you. And I'd like to find a way where we can change the playing field. So, you feel more like, well, these things are on my side, yes, there have, let me have some fun in the short term, but they're also helping me in the long term, rather than competing against me. And those aren't necessarily conflicting objectives, there just uh, the incentives, the direct current incentives , as we try to figure out this whole new world seemed to be on uh, the easier part of that, which is feeding the dope immune the rush.",
          "chapter_name": "AI's Impact on Society: Balancing Bias and Enjoyment"
        },
        {
          "speaker": "Peter Norvig",
          "speech": "But So maybe take a quick step back uh, at the beginning of the artificial intelligence and modern approach book of writing. So here you are in the 90s, when you first uh sat down with Stewart to write the book to cover an entire field, which is one of the only books has successfully done that for you and actually in a lot of other computer science fields , you know, it's a different, it's a huge undertaking. So it must have been quite daunting, what was that process, like did you envision that you would be trying to cover the entire field? Was there a systematic approach to it? That was more step by step? How how did it feel ? So, I guess it came about, you know, go to lunch with the other AI faculty at Berkeley and we'd say uh you know, the field is changing, seems like the current books are a little bit behind nobody's come out with a new book recently, we should do that.",
          "chapter_name": "AI's Impact on Society: Balancing Bias and Enjoyment"
        }
      ]
    },
    {
      "name": "AI's Evolution: From Boolean to Probability, Machine Learning, and Data.",
      "content": [
        {
          "speaker": "Peter Norvig",
          "speech": "And everybody said, yeah, yeah, that's a great thing to do. And we never did anything. And then I ended up heading off to industry, I went to Sun labs, so I thought, well that's the end of my possible academic publishing career. But I met Stuart again at a conference like a year later and said, you know, that book , we're always talking about you guys must be half done with it by now, Right. And he said, well we keep talking, we never do anything. So I said well, you know, we should do it, and I think the reason is that we all felt it was a time where the field was changing And that was in two ways.",
          "chapter_name": "AI's Evolution: From Boolean to Probability, Machine Learning, and Data."
        },
        {
          "speaker": "Peter Norvig",
          "speech": "So you know, the good old fashioned ai was based primarily on boolean logic and you had a few tricks to deal with uncertainty and it was based primarily on knowledge engineering, that the way you got something done as you went out and interviewed an expert and you wrote down by hand everything they knew. And we saw in 95 that the field was changing in in two ways . One we're moving more towards probability rather than Boolean logic and we're moving more towards machine learning rather than knowledge engineering. Uh and the other books hadn't caught that way if they were still in the uh more in the in the old school, although certainly they had part of that on the way. But we said if we start now completely taking that point of view, we can have a different kind of book and we were able to put that together. And uh what was literally the process, if you remember, Did you start writing a chapter, did you outline?",
          "chapter_name": "AI's Evolution: From Boolean to Probability, Machine Learning, and Data."
        },
        {
          "speaker": "Peter Norvig",
          "speech": "Yeah, I guess I guess we did an outline and then we sort of assigned chapters to each person at the time, I had moved to boston and Stewart was in Berkeley. So basically uh we did it uh over the internet and uh you know, that that wasn't the same as doing it today, it meant uh you know uh dial up lines and Tell Netting in and uh you know, you you tell Netted into one shell and you type cat file name and you hoped it was captured at the other end and certainly you're not sending images and figures back and forth. Right, right. That didn't work. But, you know, did you anticipate where the field would go From that day?",
          "chapter_name": "AI's Evolution: From Boolean to Probability, Machine Learning, and Data."
        },
        {
          "speaker": "Lex Fridman",
          "speech": "From, from the 90s? Did you see the growth into learning based methods into data, juror methods that followed in the future decades? We certainly thought that learning was important. I guess we we missed it as being as important as it as it is today. We missed this idea of big data, we missed that uh, idea of deep learning hadn't been invented yet. We could have taken the book from a complete uh, machine learning point of view. Right from the start, we chose to do it more from the point of view of we're going to first develop different types of representations and we're going to talk about different types of environments of uh is it fully observable?",
          "chapter_name": "AI's Evolution: From Boolean to Probability, Machine Learning, and Data."
        },
        {
          "speaker": "Peter Norvig",
          "speech": "Or partially observable? And is it deterministic or stochastic and so on? And we made it more complex along those axes rather than focusing on the machine learning access first, do you think, you know, there's some sense in which the deep learning craze is extremely successful for particular set of problems. And, you know, eventually it's going to in the general case hit challenges. So in terms of the difference between perception systems and robots that have to act in the world do you think we're going to return to a i modern approach type breadth in addition five and six in uh in future decades. Do you think that deploying will take its place as a chapter in this bigger is in this bigger view of Ai? Yeah,",
          "chapter_name": "AI's Evolution: From Boolean to Probability, Machine Learning, and Data."
        }
      ]
    },
    {
      "name": "Deep Learning's Role in AI's Future: Symbolic Systems, Explanations, and Trust",
      "content": [
        {
          "speaker": "Lex Fridman",
          "speech": "I think we don't know yet how it's all going to play out. So uh in the new edition, uh we have a chapter on Deep Learning. Uh we got Ian Goodfellow to be the guest author for that chapter. So he he said he could condense his whole deep learning book into one chapter. I think he did a great job. We were also encouraged that he, you know, we gave him the old neural net chapter and said uh modernize that and he said, you know, half of that was okay, that certainly there's lots of new things that have been developed, but some of the core was still the same. So I think we'll gain a better understanding of what you can do there.",
          "chapter_name": "Deep Learning's Role in AI's Future: Symbolic Systems, Explanations, and Trust"
        },
        {
          "speaker": "Peter Norvig",
          "speech": "I think we'll need to incorporate all the things we can do with the other technologies. Right, So deep learning started out, convolutional networks and uh very close to perception uh has since moved to be uh to be able to do more with actions and some degree of longer term planning. Uh but we need to do a better job with representation than reasoning and uh one shot learning and so on and well I think we don't know yet how that's going to play out. So do you think looking at the Some success but certainly uh eventual demise the partial demise of experts to symbolic systems in the 80s.",
          "chapter_name": "Deep Learning's Role in AI's Future: Symbolic Systems, Explanations, and Trust"
        },
        {
          "speaker": "Peter Norvig",
          "speech": "Do you think there is kernels of wisdom and the work that was done there with logic and reasoning and so on that will rise again in your view. So certainly I think the idea of representation and reasoning is crucial that uh you know sometimes you just don't have enough data about the world to learn de novo. Uh So you've got to have uh some idea of representation whether that was programmed in our told or whatever and then be able to take steps of reasoning. I think the problem with uh you know the good old fashioned ai was one. We tried to base everything on these symbols that were atomic and that's great if you're like trying to define the properties of a triangle because they have necessary and sufficient conditions but things in the real world don't Real world is messy and doesn't have sharp edges and atomic symbols do. So that was a poor match.",
          "chapter_name": "Deep Learning's Role in AI's Future: Symbolic Systems, Explanations, and Trust"
        },
        {
          "speaker": "Lex Fridman",
          "speech": "And then the other aspect was that the reasoning was universal and applied anywhere which in some sense is good but it also means there's no guidance as to where to apply . So you you know you started getting these paradoxes like uh well if I have a mountain and I remove one grain of sand then it's still a mountain and but if I do that repeatedly at some point it's not right and with logic you know there's nothing to stop you from applying things uh repeatedly. Uh but maybe with something like deep learning and I don't really know what the right name for it is. We could separate out those ideas. So one we could say uh you know uh mountain isn't just an atomic notion, it's some sort of something like a word embedding that has a uh more complex representation. And secondly we could somehow learn. Yeah there's this rule that you can remove one grain of sand and you can do that a bunch of times",
          "chapter_name": "Deep Learning's Role in AI's Future: Symbolic Systems, Explanations, and Trust"
        },
        {
          "speaker": "Peter Norvig",
          "speech": "but you can't do it uh near infinite amount of times. But on the other hand when you're doing induction on the integer sure then it's fine to do it an infinite number of times. And if we could somehow we have to learn when these strategies are applicable rather than having the strategies be completely neutral and available everywhere. Any time, you know, networks, anytime you learn from data form representation from data an automated way, it's not very explainable as to or it's not introspective to us humans in terms of how this neural network sees the world. Where why does it succeed so brilliantly on so many in so many cases and fail so miserably in surprising ways and small. So what do you think this is uh the future.",
          "chapter_name": "Deep Learning's Role in AI's Future: Symbolic Systems, Explanations, and Trust"
        },
        {
          "speaker": "Peter Norvig",
          "speech": "There can simply more data, better data, more organized day to solve that problem Or is there elements of symbolic systems that need to be brought in which are a little bit more explainable? So I prefer to talk about trust and validation and verification rather than just about explain ability. And then I think explanations are one tool that you use towards those goals. And I think it is important issue that we don't want to use these systems unless we trust them and we want to understand where they work and where they don't work and in an explanation can be part of that. Right? So apply for a loan and I get denied.",
          "chapter_name": "Deep Learning's Role in AI's Future: Symbolic Systems, Explanations, and Trust"
        },
        {
          "speaker": "Peter Norvig",
          "speech": "I want some explanation of why. And uh you have uh in europe we have the G. D. P. R. That says you're required to be able to get that. But on the other hand, an explanation alone is not enough, right? So you know, we were used to dealing with people and with organizations and corporations and so on and they can give you an explanation and you have no guarantee that that explanation relates to reality, right ? So the bank can tell me why you didn't get the loan because you didn't have enough collateral and that may be true or it may be true that they just didn't like my religion or or something else . Uh I can't tell from the explanation. And that's, that's true, whether the decision was made by computer or by a person. So I want more, I do want to have the explanations and I want to be able to have a conversation to go back and forth and said, well, you gave this explanation, But what about this?",
          "chapter_name": "Deep Learning's Role in AI's Future: Symbolic Systems, Explanations, and Trust"
        },
        {
          "speaker": "Peter Norvig",
          "speech": "And what would have happened if this had happened and what I need to change that? So, I think a conversation is a better way to think about it than just an explanation as a single output. Uh, and I think we need testing of various kinds. Right?",
          "chapter_name": "Deep Learning's Role in AI's Future: Symbolic Systems, Explanations, and Trust"
        }
      ]
    },
    {
      "name": "Adversarial Images: AI's Blind Spot?",
      "content": [
        {
          "speaker": "Peter Norvig",
          "speech": "So in order to know was the decision really based on my collateral or was it based on my religion or skin color or whatever. I can't tell if I'm only looking at my case, but if I look across all the cases, then I can detect the pattern. Right.",
          "chapter_name": "Adversarial Images: AI's Blind Spot?"
        },
        {
          "speaker": "Peter Norvig",
          "speech": "Right. So you want to have that kind of capability ? You want to have these adversarial testing? Right? So we thought we were doing pretty good at object recognition and images.",
          "chapter_name": "Adversarial Images: AI's Blind Spot?"
        },
        {
          "speaker": "Peter Norvig",
          "speech": "They said, look, we're at sort of pretty close to human level performance on image in that and so on. Uh, and then you start seeing these adversarial images and you say, wait a minute. That part is nothing like human performance. We can mess with it really easily. You can mess with it really easily. Right ?",
          "chapter_name": "Adversarial Images: AI's Blind Spot?"
        },
        {
          "speaker": "Lex Fridman",
          "speech": "And yeah, you can do that to humans too. Right? So in a different way, perhaps humans don't know what color the dress was. And so they're vulnerable to certain attacks that are different than the attacks on the on the machines. But you know, the tax machines are so striking . Uh they really change the way you think about what we've done, right? And the way I think about it is I think part of the problem is we're seduced by our low dimensional metaphors, right? So, you know , you like that.",
          "chapter_name": "Adversarial Images: AI's Blind Spot?"
        },
        {
          "speaker": "Peter Norvig",
          "speech": "You look in a textbook and you say, okay, now we've mapped out the space and you know, cat is here and dog is here and maybe there's a tiny little spot in the middle where you can't tell the difference. But mostly we've got it all covered. And if you believe that metaphor, uh then you say, well we're nearly there. And uh you know, there's only gonna be a couple of adversarial images , but I think that's the wrong metaphor. And what you should really say, it's it's not a two D flat space that we've got mostly covered, it's a million dimension space. And cat is this string that goes out in this crazy path.",
          "chapter_name": "Adversarial Images: AI's Blind Spot?"
        },
        {
          "speaker": "Peter Norvig",
          "speech": "And if you step a little bit off the path in any direction, you're in nowhere land and you don't know what's going to happen. And so I think that's where we are. And now we've got to deal with that. So it wasn't so much an explanation, but it wasn't an understanding of what the models are and what they're doing. And now we can start exploring how do you fix that? Yeah, validating their boston's of the system so on.",
          "chapter_name": "Adversarial Images: AI's Blind Spot?"
        },
        {
          "speaker": "Peter Norvig",
          "speech": "But take you back to the this uh this word trust. Do you think we're a little too hard on our robots in terms of the standards we apply? So you know of uh there's a dance, there's a there's a there's a dance and nonverbal and verbal communication between humans. You know, if we apply the same kind of standard in terms of humans, you know, we trust each other pretty quickly. Uh you know , you and I haven't met before and there's some degree of trust, right that nothing's gonna go crazy wrong and yet to ai when we look at ai systems were we seem to approach whose skepticism always, always. And it's like they have to prove through a lot of hard work that they're even worthy of even inkling of our trust. What do you what do you think about that?",
          "chapter_name": "Adversarial Images: AI's Blind Spot?"
        }
      ]
    },
    {
      "name": "Breaking the Gap: AI, Education, and Human Trust",
      "content": [
        {
          "speaker": "Peter Norvig",
          "speech": "How do we break that very close that gap? I think that's right. I think that's a big issue. Uh Just listening, my friend uh Mark Moffett is a naturalist and he says uh the most amazing thing about humans is that you can walk into a coffee shop or a busy street in a city and there's lots of people around you that you've never met before and you don't kill each other? He says chimpanzees cannot do that, right. If the chimpanzees in a situation where here's some that aren't from my tribe, bad things happen, especially in a coffee shop. There's delicious food around, you know? Yeah.",
          "chapter_name": "Breaking the Gap: AI, Education, and Human Trust"
        },
        {
          "speaker": "Peter Norvig",
          "speech": "But but we humans have figured that out, right. Uh, and, you know, for the most part, we still go to war, we still do terrible things. But for the most part, we've learned to trust each other and and live together, so that's going to be important for our our Ai systems as well. And also, I think a lot of the emphasis is on a I but in many cases, uh as part of the technology, but isn't really the main thing. So a lot of of what we've seen is more due to communications technology than ai ai technology. Yeah, you want to make these good decisions.",
          "chapter_name": "Breaking the Gap: AI, Education, and Human Trust"
        },
        {
          "speaker": "Peter Norvig",
          "speech": "But the reason we're able to have any kind of system at all is we've got the communications so that we're collecting the data and so that we can reach lots of people around the world, I think that's a bigger change that we're dealing with. Speaking of reaching a lot of people around the world on the side of education, you've uh, one of the many things in terms of education you've done, you've taught the intruder artificial intelligence course that signed up 260,000 students is one of the first successful example of, and massive of moocs massive open online course. What did you learn from that experience? What do you think is the future of moocs of education online? It was great fun doing it, particularly being right at the start, just because it was exciting and new, but it also meant that we had less competition. Right? So one of the things you hear about, well, the problem with books is the completion rates are so low, so there must be a failure.",
          "chapter_name": "Breaking the Gap: AI, Education, and Human Trust"
        },
        {
          "speaker": "Lex Fridman",
          "speech": "And I gotta admit, I'm a prime contributor, right? I probably started 50 different courses that I haven't finished, but I got exactly what I wanted out of them because I had never intended to finish them. I just wanted to dabble in a little bit either to see the topic matter or just to see the pedagogy of how are they doing this class. So I guess the main thing I learned is when I came in, I thought the challenge was information saying if I'm just take the stuff I want you to know and I'm very clear and explain it well then my job is done and good things are gonna happen. Uh, and then doing the course I learned. Well, yeah , you got to have the information. But really the motivation is the most important thing that uh, if students don't stick with it, it doesn't matter how good the content is.",
          "chapter_name": "Breaking the Gap: AI, Education, and Human Trust"
        },
        {
          "speaker": "Peter Norvig",
          "speech": "Uh, and I think being one of the first classes, we were helped by uh sort of exterior motivation. So we tried to do a good job of making it enticing and setting up uh ways for, you know, the community to work with each other to make it more motivating, but really a lot of it was, hey, this is a new thing and I'm really excited to be part of a new thing, and so the students brought their own motivation and so I think this is great because there's lots of people around the world who have never had this before, you know, uh would never have the opportunity to go to stanford and take a class or go to MIT or go to one of the other schools, but now we can bring that to them and if they bring their own motivation, uh they can be successful in a way they couldn't before, but that's really just the top tier people that are ready to do that, the rest of the people uh just don't see or you don't have the motivation and don't see how, if they push through and we're able to do it what advantage that would get them. So I think we got a long way to go before we're able to do that and I think it will be some of it is based on technology, but more of it's based on the idea of community, you got to actually get people together, some of them getting together can be done online. I think some of it really has to be done in person to be able to, in order to build that type of community and trust, you know, there's an intentional mechanism that we've developed a short attention span, especially younger people because sort of short and short videos online. Uh, there's a, whatever the, the way the brain is, is developing now with people that have grown up with the internet, they have quite a short attention span. So, and I would say I had the same when I was growing up to probably for different reasons, so I probably wouldn't have learned as much as I have if I wasn't forced to sit in a physical classroom, sort of bored, sometimes falling asleep, what sort of forcing myself through that process to sometimes extremely difficult computer science courses.",
          "chapter_name": "Breaking the Gap: AI, Education, and Human Trust"
        },
        {
          "speaker": "Lex Fridman",
          "speech": "What's the difference in your view between in person education experience, which you, first of all yourself had and you yourself taught and online education and how do we close that gap if it's even possible? Yeah, so I think there's two issues.",
          "chapter_name": "Breaking the Gap: AI, Education, and Human Trust"
        }
      ]
    },
    {
      "name": "The Future of Online Education: Stanford, MIT, and Beyond",
      "content": [
        {
          "speaker": "Lex Fridman",
          "speech": "One is whether it's in person or online, so it's sort of the physical location and then the other is kind of the affiliation, right? So you stuck with it in part because you were in the classroom and you saw everybody else was suffering the same way you were, uh but also because you were enrolled, you had paid tuition sort of, everybody was expecting you to stick with it. Society parents because peers and so those are two separate things? I mean, you could certainly imagine I pay a huge amount of tuition and everybody signed up and says, yes, you're doing this. Uh but then I'm in my room and my classmates are, are in different rooms, right? We could have things set up that way.",
          "chapter_name": "The Future of Online Education: Stanford, MIT, and Beyond"
        },
        {
          "speaker": "Peter Norvig",
          "speech": "Uh, so it's not just the online versus offline. I think what's more important is the commitment that you've made, and certainly it is important to have that kind of informal. Uh you know, I meet people outside of class. We talked together because we're all in it together. I think that's a really important both in keeping your motivation and also that's where some of the most important learning goes on. So you want to have that maybe especially now we start getting into higher bandwidths and augmented reality and virtual reality. You might be able to get that without being in the same physical place . Do you think it's possible?",
          "chapter_name": "The Future of Online Education: Stanford, MIT, and Beyond"
        },
        {
          "speaker": "Peter Norvig",
          "speech": "We'll see a course at stanford for example, that for students enrolled students is only online in the near future who are literally sort of, it's part of the curriculum and there is no, Yeah, so you're starting to see that, I know Georgia tech has a masters that's done that way. Oftentimes it's sort of, they're creeping in in terms of Master's program or sort of, uh further education considering the constraints of students and so on. But I mean literally, is it possible that we just, you know, stanford mit Berkeley, all these places go online only in uh in the next few decades. Yeah, probably not because, you know, they've got a big commitment to physical campus. Sure, there's a momentum that's both financial and culturally right. And and then there are certain things that's just hard to do virtually. Right.",
          "chapter_name": "The Future of Online Education: Stanford, MIT, and Beyond"
        },
        {
          "speaker": "Peter Norvig",
          "speech": "So, you know, we're in a field where uh if you have your own computer and your own paper and so on, you can do the work anywhere. Uh but if you're in a biology lab or something, you know , you don't have all the right stuff at home. Right. So our field programming, you've also done a lot of, you've done a lot of programming yourself In uh 2001, you wrote a great article about programming called teach yourself programming in 10 years, sort of, response to all the books that say teach yourself programming 21 days. So, if you were giving advice to someone getting into programming today, this is a few years since you've written that article, what's the best way to undertake that journey? I think there's lots of different ways and I think programming means more things now, and I guess, you know, when I wrote that article, I was thinking more about becoming a professional software engineer, and I thought that's a a sort of a career long field of study. Uh but I think there's lots of things now that people can do, where programming is a part of Solving what they want to solve without achieving that professional level status. Right? So I'm not going to be going and writing a million lines of code, but you know, I'm a biologist or a physicist or something or even a historian and I've got some data and I want to ask a question of that data and I think for that you don't need 10 years. Right?",
          "chapter_name": "The Future of Online Education: Stanford, MIT, and Beyond"
        },
        {
          "speaker": "Lex Fridman",
          "speech": "So there are many shortcuts to being able to answer those kinds of questions and you know, you see today a lot of emphasis on learning to code teaching kids how to code. Uh I think that's great.",
          "chapter_name": "The Future of Online Education: Stanford, MIT, and Beyond"
        }
      ]
    },
    {
      "name": "Mastering Problem Solving: Coding vs. Modeling",
      "content": [
        {
          "speaker": "Peter Norvig",
          "speech": "But I wish they would change the message a little bit. Right? So I think code isn't the main thing. I don't really care if you know the syntax of javascript or if you can connect these blocks together in this visual language, but what I do care about is that you can analyze a problem, you can think of a solution, you can carry out, you know, make a model, run that model, test the model, see the results, verify that they're reasonable. Ask questions and answer them.",
          "chapter_name": "Mastering Problem Solving: Coding vs. Modeling"
        },
        {
          "speaker": "Peter Norvig",
          "speech": "All right. So it's more modeling and problem solving and you use coding in order to do that. But it's not just learning coding for its own sake. That's really interesting. So it's actually almost in many cases it's learning to work with data to extract something useful out of data. So when you say problem solving, you really mean taking some kind of maybe collecting some kind of dataset, cleaning it up and saying something interesting about it, which is useful in all kinds of domains and you know, and I see myself being stuck sometimes in kind of the old ways, right? So you know, be working on a project maybe with a younger employee and we say, oh well here's this new package that could help solve this problem. And I'll go and I'll start reading the manuals and you know, I'll be two hours into reading the manuals and then my colleague comes back and says I'm done. You know, I downloaded the package, I installed it, I tried calling some things, the first one didn't work, the second one work now I'm done. And I say what I have under questions about how does this work and how does that work?",
          "chapter_name": "Mastering Problem Solving: Coding vs. Modeling"
        },
        {
          "speaker": "Peter Norvig",
          "speech": "And they say who cares, right, I don't need to understand the whole thing. I understand I answered my question, it's a big complicated package , I don't understand the rest of it, but I got the right answer and I'm just it's hard for me to get into that mindset. I want to understand the whole thing and you know if they wrote a manual, I should probably read it and but that's not necessarily the right way and I think I have to get used to dealing with more, being more comfortable with uncertainty and not knowing everything.",
          "chapter_name": "Mastering Problem Solving: Coding vs. Modeling"
        },
        {
          "speaker": "Peter Norvig",
          "speech": "Yeah, so I struggle with the same instead of the spectrum between Donald Don can youth looks kind of very, you know, before you can say anything about a problem, he really has to get down to the machine code assembly versus exactly what you said of Have several students in my group that 20 years old and they can solve almost any problem within a few hours. That would take me probably weeks , because I would try to, as you said, read the manual. So do you think the nature of mastery, you're mentioning biology sort of outside disciplines, applying programming, but computer scientists, so over time there's higher and higher levels of abstraction available now. So we're with this week there's the tensorflow summit. Right? So if you're if you're not particularly into deep learning, but you're still a computer scientist, you can accomplish an incredible amount with tensorflow without really knowing any fundamental internals of machine learning.",
          "chapter_name": "Mastering Problem Solving: Coding vs. Modeling"
        },
        {
          "speaker": "Lex Fridman",
          "speech": "Do you think the nature of mastery is changing even for computer scientists, like what it means to be an expert programmer? Yeah, I think that's true, you know, we never really should have focused on programmer, right, Because it's still, it's it's the skill and what we really want to focus on is the result. So we built this ecosystem where the way you can get stuff done is by programming it yourself, At least when I started it with, you know, library functions meant you had square root and that was about it. Everything else is built from scratch. And then we built up an ecosystem where a lot of times you can download a lot of stuff that does a big part of what you need. And so now it's more question of assembly rather than uh manufacturing.",
          "chapter_name": "Mastering Problem Solving: Coding vs. Modeling"
        },
        {
          "speaker": "Peter Norvig",
          "speech": "And uh that's a different way of looking at problems from another perspective in terms of mastery and looking at programmers or people that reason about problems in the computational way. So google uh you know, the from the hiring perspective from the perspective of hiring or building a team of programmers, how do you determine if someone is a good programmer or if somebody again, So I want to deviate from, I want to move away from the word programmer, but somebody who can solve problems of large scale data and so on . What's what's how do you build a team like that to the interviewing process for you? And I and I think uh as a company grows, you get more expansive in the types of people you're looking for? Right. So I think, you know, in the early days we'd interview people and the question we were trying to ask is how close are they to Jeff dean?",
          "chapter_name": "Mastering Problem Solving: Coding vs. Modeling"
        },
        {
          "speaker": "Lex Fridman",
          "speech": "And most people were pretty far away, but we take the ones that were, you know, not that far away. And so we got kind of a homogeneous group of people who are really great programmers, uh then as a company grows, you say, well, we don't want everybody to be the same to have the same skill set. And so now we're hiring biologists in our health areas and we're hiring physicists. Were hiring mechanical engineers. Were hiring uh social scientists and ethnographers and people with different backgrounds who bring different skills. Mm. So you mentioned that you still make partaking code reviews, given that you have a wealth of experiences.",
          "chapter_name": "Mastering Problem Solving: Coding vs. Modeling"
        }
      ]
    },
    {
      "name": "Peter Norvig on Programming Evolution: Efficiency vs Clarity",
      "content": [
        {
          "speaker": "Peter Norvig",
          "speech": "You've also mentioned, uh what errors do you often see, intend to highlight in the code of junior developers, of people coming up now, given your background from lISP to a couple of decades of programming ? Yeah, that's a great question. You know, sometimes I try to look at the flexibility of the design of Yes, you know, this api solves this problem. But where is it going to go in the future? Who else is going to want to call this ? And uh, you know, are you making it easier for them to do that as a matter of design? Is the documentation?",
          "chapter_name": "Peter Norvig on Programming Evolution: Efficiency vs Clarity"
        },
        {
          "speaker": "Peter Norvig",
          "speech": "Is it is it uh sort of an amorphous thing you can't really put into words just how it feels. If you put yourself in the shoes of a developer, would you use this kind of thing? I think it is how you feel, right? So, yeah, documentation is good, but it's but it's more a design question, right? If you get the design right, then people will figure it out whether the documentation is good or not.",
          "chapter_name": "Peter Norvig on Programming Evolution: Efficiency vs Clarity"
        },
        {
          "speaker": "Peter Norvig",
          "speech": "And if the design is wrong, then it will be harder to use. How have you yourself changes the programmer over the years. Uh in a way we already started to say sort of you want to read the manual, you want to understand the core of the syntax to the how the language is supposed to be used and so on. But What's the evolution been like from the 80s, 90s to today? I guess one thing is you don't have to worry about the small details of efficiency as much as you used to write. So like I remember I did my list book in the nineties and one of the things I wanted to do was say, here's how you do an object system and basically we're gonna make it so each object is a hash table and you look up the methods and here's how it works. And then I said, of course the real common list object system is much more complicated.",
          "chapter_name": "Peter Norvig on Programming Evolution: Efficiency vs Clarity"
        },
        {
          "speaker": "Peter Norvig",
          "speech": "It's got all these efficiency type issues and this is just a toy. Nobody would do this in real life. And it turns out python pretty much did exactly what I said and said, objects are just dictionaries. And yeah, they have a few little tricks as well. But mostly, you know, the thing that Would have been 100 times too slow in the 80s, there's now plenty fast for most everything. So they had to as a programmer let go of perhaps an obsession that I remember coming up with of trying to write efficient code. Yeah.",
          "chapter_name": "Peter Norvig on Programming Evolution: Efficiency vs Clarity"
        },
        {
          "speaker": "Peter Norvig",
          "speech": "To say, you know, what really matters is the total time it takes to get the project done, and most of that's going to be the programmer time. Uh, so if you're a little bit less efficient, but it makes it easier to understand and modify, then that's the right tradeoff. So you've written quite a bit about list, your book on programming is enlist, you, you have a lot of code out there, that's enlist. So uh, myself and people who don't know what lisP is should look it up. It's my favorite language for many ai researchers, it is a favorite language and the favorite language they never use these days. So, what part of the list do you find most beautiful and powerful? So, I think the beautiful part is the simplicity that in half a page you can define the whole language and other languages don't have that. So you feel like you can hold everything in your head and Then, you know, a lot of people say, well then that's too simple, you know , here's all these things I want to do and uh, you know, my java or python or whatever has 100 or 200 or 300 different syntax rules and don't I need all those and lists, answer was no, we're only going to give you eight or so syntax rules but we're gonna allow you to define your own . Uh so that was a very powerful idea and I think this idea of saying I can start with my problem and with my data and then I can build the language I want for that problem and for that data",
          "chapter_name": "Peter Norvig on Programming Evolution: Efficiency vs Clarity"
        },
        {
          "speaker": "Lex Fridman",
          "speech": "and then I can make list to find that language. So you you're sort of uh mixing levels and saying I'm simultaneously a programmer in a language and a language designer and that allows a better match between your problem and your eventual code. And I think I had done that better than other languages. Yes, it's very elegant implementation of functional programming. But why do you think less has not had the mass adoption and success of languages like python , is it the parentheses? Is it all the parentheses? Yeah. So I think a couple of things.",
          "chapter_name": "Peter Norvig on Programming Evolution: Efficiency vs Clarity"
        }
      ]
    },
    {
      "name": "Revolutionizing Information Discovery: Google's Early Day",
      "content": [
        {
          "speaker": "Lex Fridman",
          "speech": "So one was I think it was designed for a single programmer or a small team and a skilled programmer who had the good taste to say, well, I am doing language design and I have to make good choices and if you make good choices, that's great . If you make bad choices, you can hurt yourself and it can be hard for other people on the team to understand it. So I think there was a limit to the scale of the size of a project, in terms of number of people that list was good for. And as an industry, we kind of grew beyond that. I think it is in part the parentheses, you know, one of the jokes is the acronym for lISP is lots of irritating, silly parentheses. Uh My acronym was lISP isn't tactically pure saying all you need is parentheses and Adams, but I remember, you know, as we had the AI textbook, and because we did in the nineties, we had we had pseudo code in the book, but then we said, well, we'll have lISP online because that's the language of aI at the time. And I remember some of the students complaining because they hadn't had list before and they didn't quite understand what was going on. And I remember one student complained, I don't understand how this pseudo code corresponds to this list And there was a 1-1 correspondence between the the symbols in the code and the pseudo code. And the only thing difference was the parentheses .",
          "chapter_name": "Revolutionizing Information Discovery: Google's Early Day"
        },
        {
          "speaker": "Peter Norvig",
          "speech": "So I said it must be that for some people, a certain number of left parentheses shuts off their brain. Yeah, it's very it's very possible that sense in python just goes the other way. And so that was the point at which I said, okay, can't have only list, that's a language because I, you know, I don't want to, you know, you only got 10 or 12 or 15 weeks or whatever it is to teach ai and I don't want to waste two weeks of that teaching lisp. So I said I gotta have another language. Java was the most popular language at the time.",
          "chapter_name": "Revolutionizing Information Discovery: Google's Early Day"
        },
        {
          "speaker": "Peter Norvig",
          "speech": "I started doing that. And then I said it's really hard to have a 11 correspondence between the pseudo code and the job because job is so verbose. Uh So then I said I'm gonna do a survey and find the language that's most like my pseudo code. And turned out python basically was my pseudo code. Somehow. I had channeled Guido designed a pseudo code that was the same as python, although I hadn't heard of python at that point.",
          "chapter_name": "Revolutionizing Information Discovery: Google's Early Day"
        },
        {
          "speaker": "Peter Norvig",
          "speech": "Uh And from then on that's what I've been using because it's been a good match. So what's the story in python behind platitudes? You're a good help repository with puzzles and exercises in python is pretty fun. Just, it seems like fun. You know, I like doing puzzles and I like being an educator. I did a class with udacity udacity to 12.",
          "chapter_name": "Revolutionizing Information Discovery: Google's Early Day"
        },
        {
          "speaker": "Peter Norvig",
          "speech": "I think it was, it was basically problem solving uh using python and looking at different problems. This platitudes feed that class in terms of the exercises, I was wondering what Yeah, so the class, the class came first. Some of the stuff that's in platitudes was write ups of what was in the class and then some of it was just continuing to to work on new problems . So what's the organizing madness of platitudes, is it just a collection of cool exercise? Just whatever I thought was fun. Okay, awesome. So you were the Director of Search quality of google from 2000 and 1 to 2 to 2005 in the early days when there's just a few employees and when the, when the company was growing like crazy, right?",
          "chapter_name": "Revolutionizing Information Discovery: Google's Early Day"
        },
        {
          "speaker": "Peter Norvig",
          "speech": "So mhm I mean, google revolutionized the way we discover, share and aggregate knowledge. So just this is uh this is one of the fundamental aspects of civilization , raise information being shared and there's different mechanisms throughout history, but google is just 10 X improved that, right? And you're a part of that, right? People discovering that information. So what were some of the challenges on a philosophical or the technical level in those early days? It definitely was an exciting time.",
          "chapter_name": "Revolutionizing Information Discovery: Google's Early Day"
        },
        {
          "speaker": "Peter Norvig",
          "speech": "And as you say, we were doubling in size every year. And the challenges were we wanted to get the right answers right? And we had to figure out what that meant. We had to implement that and we had to make it all efficient and uh we had to keep on testing and seeing if we were delivering good answers. And now when you say good answers , that means whatever people are typing in in terms of keywords in terms of that kind of thing that the that the results they get are ordered by the desirability for them of those results, like they're like the first thing they click on will likely be the thing that they were actually looking for. Right. One of the metrics we had was focused on the first thing uh some of it was focused on the whole page, some of it was focused on top three or so. So we looked at a lot of different metrics for for how well we were doing. And we broke it down into sub classes of , you know, maybe here's a type of uh query that we're not doing well on that we try to fix that early on. We started to realize that we were in an adversarial position. Right?",
          "chapter_name": "Revolutionizing Information Discovery: Google's Early Day"
        },
        {
          "speaker": "Peter Norvig",
          "speech": "So we started thinking what we're kind of like the card catalog in the library. Right? So the books are here and we're off to the side and we're just reflecting what's there. And then we realized every time we make a change, the web masters make a change and it's a game theoretic. And so we had to think not only uh is this the right move for us to make now, but also if we make this move, what's the countermove gonna be? Is that gonna get us into a work worse place in which case we won't make that move will make a different movie. And did you find, I mean, I assume with the popularity and the growth of the internet that people were creating new content.",
          "chapter_name": "Revolutionizing Information Discovery: Google's Early Day"
        },
        {
          "speaker": "Peter Norvig",
          "speech": "So you're almost helping guide the creation. So that's certainly true, Right? So we knew we definitely changed the structure of the network. Right? So if you think back, you know, in the, in the very early days, uh Larry and Sergey had the page rank paper and Jon Kleinberg had this hubs and authorities model which says the web is made out of these hubs, which will be my page of cool links about dogs or whatever.",
          "chapter_name": "Revolutionizing Information Discovery: Google's Early Day"
        }
      ]
    },
    {
      "name": "AI: Human-Level Intelligence, Useful Tools, and Deep Connection",
      "content": [
        {
          "speaker": "Lex Fridman",
          "speech": "And people would just list links. Uh, and then there's the authorities which were the ones, the page about dogs that most people linked to. That doesn't happen anymore. People don't bother to say my page of cool links because we took over that function. Right? So, so we changed the way that works. Did you imagine back then that the internet would be as massively vibrant as it is today?",
          "chapter_name": "AI: Human-Level Intelligence, Useful Tools, and Deep Connection"
        },
        {
          "speaker": "Lex Fridman",
          "speech": "I mean, it was already growing quickly , but it's just another, I don't know if you've ever, if today, if you sit back and just look at the internet with wander the amount of content that's just, constant being created, constant, being shared, employed. Yeah, it's uh, it's always been surprising to me, I guess I'm not very good at predicting the future in the future. I remember, you know, being a graduate student in in 1980 or so. And uh, you know, we had the arpa net and then there was this proposal to commercialize it , have this internet and this uh crazy senator Gore thought that might be a good idea. And I remember thinking, oh, come on, you can't you can't expect a commercial company to understand this technology, they will never be able to do it. Yeah, okay, we can have this dot com domain, but it won't go anywhere. So, I was wrong.",
          "chapter_name": "AI: Human-Level Intelligence, Useful Tools, and Deep Connection"
        },
        {
          "speaker": "Peter Norvig",
          "speech": "Al gore was right at the same time, the nature of what it means to be a commercial company has changed too. So google anyways at its founding is different than uh, you know, what companies were before, I think. Right, So there's all these business models that are so different than than what was possible back then. So, in terms of predicting the future, what do you think it takes to build a system that approaches human level intelligence you've talked about, of course, that, you know , we shouldn't be so obsessed about creating human level intelligence. Just create systems that are very useful for humans. But what do you think it takes? Yeah, to uh to uh approach that level.",
          "chapter_name": "AI: Human-Level Intelligence, Useful Tools, and Deep Connection"
        },
        {
          "speaker": "Peter Norvig",
          "speech": "So, certainly, I don't think human level intelligence is one thing. Right? So, I think there's lots of different tasks. Lots of different capabilities. I also don't think that should be the goal, Right? So, I, you know, I wouldn't want to create a calculator that could do multiplication at human level, right? That would be a step backwards. And so for many things we should be aiming far beyond human level uh for other things, uh maybe human level is a good level to aim at uh and for others we say, well let's not bother doing this because we are we already have humans can take on those tasks.",
          "chapter_name": "AI: Human-Level Intelligence, Useful Tools, and Deep Connection"
        },
        {
          "speaker": "Peter Norvig",
          "speech": "Yeah, so as you say, I like to focus on what's a useful tool and and in some cases being a human level is important, part of crossing that threshold to make the tool useful. So we see in things like these uh personal assistance now that you get either on your phone or on a a speaker that sits on the table, uh you want to be able to have a conversation without and and I think as an industry we haven't quite figured out what the right model is for what these things can do. Uh we're aiming towards. Well you just have a conversation with them the way you can with a person. Uh but we haven't delivered on that model yet. Right, So you can ask it, what's the weather?",
          "chapter_name": "AI: Human-Level Intelligence, Useful Tools, and Deep Connection"
        },
        {
          "speaker": "Peter Norvig",
          "speech": "You can ask it, play some nice songs uh and uh you know, five or six other things and then you run out of stuff that it can do in terms of a deep meaningful connection? So you've mentioned the movie her as one of your favorite ai movies, Do you think it's possible for a human being to fall in love with an Ai system Ai assistant as you mentioned. So taking this big leap from what's the weather to, you know, having a deep connection I think as people that's what we love to do. And I was at a showing of her where we had a panel discussion and somebody asked me what other movie do you think her is similar to? And my answer was Life of brian, which which is not a science fiction movie. Uh but both movies are about wanting to believe in something that's not necessarily real. Yeah, by the way, for people don't know, it's monty python.",
          "chapter_name": "AI: Human-Level Intelligence, Useful Tools, and Deep Connection"
        },
        {
          "speaker": "Lex Fridman",
          "speech": "Yeah, brilliantly put so I mean I think that's just the way we are, we want to trust, we want to believe we want to fall in love and uh it doesn't necessarily take that much. Right? So uh you know my kids uh fell in love with her teddy bear and the teddy bear was not very interactive, right? So that's all us pushing our",
          "chapter_name": "AI: Human-Level Intelligence, Useful Tools, and Deep Connection"
        }
      ]
    }
  ]
}