{
  "speakers": [
    "Lex Fridman",
    "Sean Carroll"
  ],
  "episode_name": "sean-carroll-the-nature-of-the-universe-life-and-intelligence",
  "chapters": [
    {
      "name": "Sean Carroll on the Cosmos, Mind, and the Universe's Deep Secret",
      "content": [
        {
          "speaker": "Sean Carroll",
          "speech": "the following is a conversation with Sean Carroll . He's a theoretical physicist at caltech, specializing in quantum mechanics, gravity and cosmology. He's the author of several popular books, one on the Arrow of time called from eternity to here. One on the Higgs boson called particle at the end of the universe and one on science of philosophy called The Big Picture on the origins of life meaning and the universe itself. He has an upcoming book on quantum mechanics that you can preorder now called Something deeply hidden. He writes one of my favorite blogs and his website preposterous Universe dot com. I recommend clicking on the greatest hits link that lists accessible interesting posts on the Arrow of Time. Dark matter, dark energy, the Big Bang, general relativity, string theory, quantum mechanics and the big metal questions about the philosophy of science, God, ethics, politics , academia and much much more finally and perhaps most famously he's the host of a podcast called mindscape that you should subscribe to and support on Patreon along with the joe Rogan experience, Sam Harris is making sense and Dan Carlin's hardcore history. Shawn's mindscape podcast is one of my favorite ways to learn new ideas or explore different perspectives and ideas that I thought I understood.",
          "chapter_name": "Sean Carroll on the Cosmos, Mind, and the Universe's Deep Secret"
        },
        {
          "speaker": "Sean Carroll",
          "speech": "It was truly an honor to meet and spend a couple hours with Sean. It's a bit heartbreaking to say that for the first time ever, the audio recorder for this podcast died in the middle of our conversation there are technical reasons for this having to do with phantom power that I now understand and will avoid. It took me one hour to notice and fix the problem so Much like the universe is 68% dark energy, roughly the same amount from this conversation was lost except in the memories of the two people involved and in my notes, I'm sure we'll talk again and continue this conversation on this podcast or on Shawn's and of course I look forward to it . This is the artificial intelligence podcast. If you enjoy it, subscribe my youtube itunes supported on Patreon are simply connect with me on twitter at lex Friedman and now here's my conversation with Sean Carroll. What do you think is more interesting and impactful? Understanding how the universe works at a fundamental level or understanding how the human mind works? You know? Of course this is a crazy, meaningless, unanswerable question in some sense, because they're both very interesting and there's no absolute scale of interesting nous that we can rate them on.",
          "chapter_name": "Sean Carroll on the Cosmos, Mind, and the Universe's Deep Secret"
        },
        {
          "speaker": "Sean Carroll",
          "speech": "There's a glib answer says the human brain is part of the universe, right. And therefore understand the universe is more fundamental than understanding the human brain. But do you really believe that once we understand the fundamental way the universe works at the particle level, the forces we would be able to understand how the mind works. Certainly not. We cannot understand how ice cream works just from understanding how particles work. Right. So a big believer in emergence.",
          "chapter_name": "Sean Carroll on the Cosmos, Mind, and the Universe's Deep Secret"
        }
      ]
    },
    {
      "name": "Universe as a Computation: Complexity, Information Processing, and Intelligence",
      "content": [
        {
          "speaker": "Lex Fridman",
          "speech": "I'm a big believer that there are different ways of talking about the world Beyond just the most fundamental microscopic one. You know, when we talk about tables and chairs and planets and people were not talking the language of particle physics and cosmology. So, but understanding the universe, you didn't say just at the most fundamental level, right? So understanding the universe at all levels is part of that. I do think, you know, to be a little bit more fair to the question, there probably are general principles of complexity, biology, information processing, memory, knowledge, creativity that go beyond just the human brain, right? And and maybe one could count understanding those as part of understanding the universe. The human brain as far as we know, is the most complex thing in the universe.",
          "chapter_name": "Universe as a Computation: Complexity, Information Processing, and Intelligence"
        },
        {
          "speaker": "Sean Carroll",
          "speech": "So there's it's certainly absurd to think that by understanding the fundamental laws of particle physics, you get any direct insight on how the brain works. But then there's this step from the fundamentals of particle physics to information processing, which a lot of physicists and philosophers maybe a little bit carelessly take when they talk about artificial intelligence. Do you think of the universe as a kind of a computational device? No, to be like the honest answer, there is no there's a sense in which the universe processes information. Clearly, there's a sense in which the universe is like a computer clearly, but in some sense, I think I tried to say this once on my blog and no one agreed with me, but the universe is more like a computation than a computer because the universe happens once a computer is a general purpose machine, right ? That you can ask it different questions, even a pocket calculator, Right?",
          "chapter_name": "Universe as a Computation: Complexity, Information Processing, and Intelligence"
        },
        {
          "speaker": "Sean Carroll",
          "speech": "And it's set up to answer certain kinds of questions. The universe isn't that? So, information processing happens in the universe, but it's not what the universe is, because I know you're mighty colleague. Seth Lloyd feel very differently about this, right? But you're thinking of the universe is a closed system . I am. So, so what makes a computer more like a like a pc uh like a computing machine is that there is a human that every once comes up to it and moves the mouse around .",
          "chapter_name": "Universe as a Computation: Complexity, Information Processing, and Intelligence"
        },
        {
          "speaker": "Lex Fridman",
          "speech": "So input gives it, input, gives it input and your And that's why you're saying it's just the computation, a deterministic thing that's just unrolling. But the immense complexity of it is nevertheless like processing. There's a state and it changes with good rule with rules. And there's a sense for a lot of people that if the brain operates the human brain operates within that world, then it's simply just a small subset of that. And so there's no reason we can't build arbitrarily great intelligence is do you think of intelligence in this way?",
          "chapter_name": "Universe as a Computation: Complexity, Information Processing, and Intelligence"
        },
        {
          "speaker": "Lex Fridman",
          "speech": "Intelligence is tricky. I don't have a definition of it off hand. So I I remember this panel discussion that I saw and you do. I wasn't there. But Seth Lloyd was on the panel and so was martin Rees the famous astrophysicist and Seth gave his stick for why the universe is a computer and explain this. And martin, he said, so what is not a computer?",
          "chapter_name": "Universe as a Computation: Complexity, Information Processing, and Intelligence"
        },
        {
          "speaker": "Lex Fridman",
          "speech": "And that was like, that's a good question. I'm not sure because if you have a sufficiently broad definition of what a computer is, then everything is right. And the similar, the analogy gains force when it excludes some things, you know, is the moon going around the earth performing a computation. I can come up with definitions in which the answer is yes, but it's not a very useful computation. I think that it's absolutely helpful to think about the universe in certain situation in certain contexts, as an information processing device. I'm even guilty of writing a paper called quantum circuit cosmology where we modeled the whole universe as a quantum circuit. A circuit .",
          "chapter_name": "Universe as a Computation: Complexity, Information Processing, and Intelligence"
        },
        {
          "speaker": "Lex Fridman",
          "speech": "Yeah. And cube, it's kind of with cubits basically. Right? Yeah. So in cuba is becoming more and more entangled.",
          "chapter_name": "Universe as a Computation: Complexity, Information Processing, and Intelligence"
        }
      ]
    },
    {
      "name": "Quantum Circuits and Entangled Degrees of Freedom",
      "content": [
        {
          "speaker": "Lex Fridman",
          "speech": "So do we wanna do you want to digress a little bit because it's kind of fun. So here's a mystery about the universe that is so deep and profound that nobody talks about it. Space expands right? And we talk about in a certain region of space, a certain number of degrees of freedom, a certain number of ways that the quantum fields and the particles in that region can arrange themselves that that number of degrees of freedom in a region of space is arguably finite.",
          "chapter_name": "Quantum Circuits and Entangled Degrees of Freedom"
        },
        {
          "speaker": "Lex Fridman",
          "speech": "We actually don't know how many there are, but there's a very good argument says there's a finite number. So as the universe expands and space gets bigger, are there more degrees of freedom? If it's an infinite number, it doesn't really matter infinity times two is still infinity. But if it's a finite number then there's more space. So there's more degrees of freedom. So where did they come from? That would mean the universe is not a closed system, There's more degrees of freedom popping into existence.",
          "chapter_name": "Quantum Circuits and Entangled Degrees of Freedom"
        },
        {
          "speaker": "Lex Fridman",
          "speech": "So what we suggested was that there are more degrees of freedom and it's not that they're not there to start but they're not entangled to start. So the universe that you and I know of the universe in three dimensions around us that we see, we said those are the entangled degrees of freedom making up space time as the universe expands, there are a whole bunch of cubits in their in their zero state that become entangled with the rest of spacetime through the action of these quantum circuits. So what does it mean that there is now more degrees of freedom as they become more integral? Yeah. So as the universe expands, that's right. So there's more and more degrees of freedom. They're entangled, that are playing part playing the role of part of the entangled space time structure.",
          "chapter_name": "Quantum Circuits and Entangled Degrees of Freedom"
        },
        {
          "speaker": "Sean Carroll",
          "speech": "So the basic, the underlying philosophy is that space time itself arises from the entanglement of some fundamental quantum degrees of freedom, wow, okay, so at which point is most of the, the, the entanglement happening and we're talking about close to the Big Bang, are we talking about throughout the, the time of the Yeah, so the idea is that at the Big Bang, almost all the degrees of freedom that the universe could have were there, but they were un entangled with anything else. And that's a reflection of the fact that the Big Bang had a low entropy was very simple, very small place. And as space expands more and more degrees of freedom become entangled with the rest of the world. Well, I have to ask john carroll, what do you think of the thought experiment from Nicb Ostrom, that we're living in a simulation. So uh I think let me contextualize that a little bit more. I think people don't actually take this thought experiments, I think it's quite interesting, it's not very useful, but it's quite interesting from the perspective ai a lot of the learning that can be done usually happens in simulation , artificial examples. And so it's a constructive question to ask, how difficult is our real world to simulate right, which is kind of a dual part of for living in a simulation and somebody built that simulation.",
          "chapter_name": "Quantum Circuits and Entangled Degrees of Freedom"
        },
        {
          "speaker": "Lex Fridman",
          "speech": "If you were to try to do it yourself, how hard would it be. So obviously we could be living in a simulation. If you just want the physical possibility then I completely agree that it's physically possible. I don't think that we actually are so take this one piece of data into consideration. You know, we We live in a big universe. Okay. Um, there's two trillion Galaxies in our observable universe with 200 billion stars in each galaxy, et cetera. It would seem to be a waste of resources to have a universe that big going on just to do a simulation.",
          "chapter_name": "Quantum Circuits and Entangled Degrees of Freedom"
        },
        {
          "speaker": "Lex Fridman",
          "speech": "So in other words, I want to be a good position. I want to ask under this hypothesis. What do I expect to see? So the first thing I would say is I wouldn't expect to see a universe that was that big. Okay. The second thing is I wouldn't expect the resolution of the universe to be as good as it is. So it's always possible that if they are superhuman simulators only have finite resources that they don't render the entire universe",
          "chapter_name": "Quantum Circuits and Entangled Degrees of Freedom"
        },
        {
          "speaker": "Sean Carroll",
          "speech": "Right? That that the part that is out there that two trillion Galaxies isn't actually being simulated fully. Okay. But then the obvious extrapolation of that is that only I am being simulated fully Like the rest of you are just part non player characters. Right? I'm the only thing that is real.",
          "chapter_name": "Quantum Circuits and Entangled Degrees of Freedom"
        },
        {
          "speaker": "Sean Carroll",
          "speech": "The rest of you are just chatbots beyond this wall. I see the wall but there is literally nothing on the other side of the wall that is sort of the basin prediction. That's what it would be like to do an efficient simulation of me. So like none of that seems quite realistic. There's that, I don't see, I hear the argument that it's just possible and easy to simulate lots of things. I don't see any evidence from what we know about our universe that we look like a simulated universe. Now.",
          "chapter_name": "Quantum Circuits and Entangled Degrees of Freedom"
        }
      ]
    },
    {
      "name": "Intelligent Life: Probable Simulation or Rare Universe?",
      "content": [
        {
          "speaker": "Lex Fridman",
          "speech": "Maybe you can say, well, we don't know what it would look like, but that's just abandoning your position responsibilities. Like your, your job is to say under this theory here is what you would expect to see . Yeah. So certainly if you think about simulation is a thing that's like a video game where only a small subset is being rendered. But say, uh, the entire, all the laws of physics at the entire closed system of the quote unquote universe. It had a creator. It's always possible. Right? So that's not useful to think about when you're thinking about physics the way Nicb Ostrom phrases it , if it's, if it's possible to simulate the universe, eventually we'll do it right. You can use that by the way for a lot of things. Well, yeah,",
          "chapter_name": "Intelligent Life: Probable Simulation or Rare Universe?"
        },
        {
          "speaker": "Lex Fridman",
          "speech": "but I guess the question is how hard is it to create a universe. I wrote a little blog post about this and maybe maybe I'm missing something. But there's an argument that says not only that it might be possible to simulate a universe. But probably if you imagine that you actually attribute consciousness and agency to the little things that we're simulating to our little artificial beings. There's probably a lot more of them than there are ordinary organic beings in the universe or there will be in the future. Right?",
          "chapter_name": "Intelligent Life: Probable Simulation or Rare Universe?"
        },
        {
          "speaker": "Sean Carroll",
          "speech": "So there's an argument that not only is being a simulation possible, it's probable because in the space of all living consciousnesses, most of them are being simulated, right ? Most of them are not at the top level. I think that argument must be wrong because it follows from that argument that, you know, if we are simulated, but we can also simulate other things well, but if we can simulate other things, they can simulate other things, right? If we give them enough power and resolution and ultimately will reach a bottom because the laws of physics in our universe have a bottom made of atoms and so forth. So there will be the cheapest possible simulations. And if you believe the original argument, you should conclude that we should be in the cheapest possible simulation because that's where most people are. But we don't look like that doesn't look at all like we're at the edge of resolution, you know, that were 16 bit, you know, things, but it seems much easier to make much lower level things that than we are. So.",
          "chapter_name": "Intelligent Life: Probable Simulation or Rare Universe?"
        },
        {
          "speaker": "Sean Carroll",
          "speech": "And also, I I questioned the whole approach to the anthropic principle that says, we are typical observers in the universe. I think that that's not actually, I think that there's a lot of selection that we can do that were typical within things we already know, but not typical within all the universe. So do you think there is intelligent life, however you would like to define intelligent life out there in the universe ? My guess is that there is not intelligent life in the observable universe other than us, simply on the basis of the fact that the likely number of other intelligent species in the observable universe, there's two likely numbers, zero or billions. And if there have been billions, you would have noticed already for there to be literally like a small number like you know, star trek, there's you know, a dozen intelligent civilizations in our galaxy, but not a billion. That's weird that that that's sort of bizarre to me.",
          "chapter_name": "Intelligent Life: Probable Simulation or Rare Universe?"
        },
        {
          "speaker": "Lex Fridman",
          "speech": "It's easy for me to imagine that there are zero others because there's just a big bottleneck to making multicellular life or technological life or whatever. It's very hard for me to imagine that there's a whole bunch out there that have somehow been hidden from us. The question I'd like to ask is what would intelligent life look like? The what I mean by that question and where that's going is what if um intelligent life is just fundamentally is in some very big ways different than the one that has uh is on earth, that there's all kinds of intelligent life that operates a different scales of both sides and temporal. Right? That's a great possibility because I think we should be humble about what intelligence is, what life is. We don't even agree on what life is, much less what intelligent life is. Right?",
          "chapter_name": "Intelligent Life: Probable Simulation or Rare Universe?"
        },
        {
          "speaker": "Sean Carroll",
          "speech": "So that, that's an argument for humility saying there could be intelligent life of a very different character. Right? Like you can imagine the dolphins are intelligent, but never invent space travel because they live in the ocean and they don't have thumbs. Right? So they never invent technology never meant smelting maybe the universe is full of intelligent species that just don't make technology. Right? That's compatible with the data I think.",
          "chapter_name": "Intelligent Life: Probable Simulation or Rare Universe?"
        },
        {
          "speaker": "Lex Fridman",
          "speech": "And I think maybe maybe what you're pointing at is even more out their versions of intelligence, you know, intelligence in uh inter molecular clouds or on the surface of a neutron star or in between the Galaxies and giant things where the equivalent of a heartbeat is 100 million years. On the one hand, yes, we should be very open minded about those things. On the other hand, we all, all of us share the same laws of physics. There might be something about the laws of physics, even though we don't currently know exactly what that thing would be. That makes meters and years the right length and time scales for intelligent life. Maybe not.",
          "chapter_name": "Intelligent Life: Probable Simulation or Rare Universe?"
        }
      ]
    },
    {
      "name": "Science, Life, and the Unknown",
      "content": [
        {
          "speaker": "Lex Fridman",
          "speech": "But you know, we're made of atoms. Atoms have a certain size. We orbit stars or stars have a certain lifetime. It's not impossible to me that there's a sweet spot for intelligent life that we find ourselves in. So I'm open minded either way. I hope might either being humble and there's all sorts of different kinds of life or no, there's a reason. We just don't know it yet. Why life like ours is the kind of life that's out there. Yeah, I'm of two minds too.",
          "chapter_name": "Science, Life, and the Unknown"
        },
        {
          "speaker": "Lex Fridman",
          "speech": "But I often wonder if our brains is just designed to quite obviously to operate and see the world and these time scales. And we're almost blind and and the tools we have created for detecting things are blind to the kind of observation needed to see intelligent life on other scales . Well, I'm totally open to that. But so here's another argument I would make. You know, we we have looked for intelligent life, but we've looked at for it in the dumbest way we can write by turning radio telescopes to the sky and why in the world, what a super advanced civilization randomly beam out radio signals wastefully in all directions into the universe. That just doesn't make any sense.",
          "chapter_name": "Science, Life, and the Unknown"
        },
        {
          "speaker": "Lex Fridman",
          "speech": "Especially because in order to think that it would actually contact another civilization, you would have to do it forever. You have to keep doing it for millions of years. That sounds like a waste of resources. If you thought that there were other Solar systems with planets around them where maybe intelligent life didn't yet exist, but might someday you wouldn't try to talk to it with radio waves, you would send a spacecraft out there and you would park it around there and it would be like from our point of view, would be like 2001 where there's a, you know, and monolith, monolith. So there could be an artifact. In fact the other way works also right?",
          "chapter_name": "Science, Life, and the Unknown"
        },
        {
          "speaker": "Lex Fridman",
          "speech": "There could be artifacts in our solar system uh, that are have been put there by other technologically advanced civilizations and that's how we will eventually contact them . We just haven't explored the solar system well enough yet to find them. The reason why we don't think about that because we're young and impatient , right? Like it would take more than my lifetime to actually send something to another star system and wait for it and then come back. So, but if we start thinking on hundreds of thousands of years or a million year time scales, it's clearly the right thing to do. Are you excited by the thing that Elon musk is doing with SpaceX in general space?",
          "chapter_name": "Science, Life, and the Unknown"
        },
        {
          "speaker": "Lex Fridman",
          "speech": "But the idea of space exploration, even though your or your species is young and impatient. Yeah, no, I do think that space travel is crucially important long term, Even to other star systems. And I think that many people overestimate the difficulty because they say, look, if you travel 1% the speed of light to another star system will be dead before we get there, right? And I think that it's much easier and therefore when they write their science fiction stories, they imagine we go faster than the speed of light because otherwise they're too impatient, right ? We're not going to go faster than the speed of light. But we could easily imagine that the human lifespan gets extended to thousands of years and once you do that, then the stars are much closer effectively. Right?",
          "chapter_name": "Science, Life, and the Unknown"
        },
        {
          "speaker": "Lex Fridman",
          "speech": "And what's 100 year trip. Right? So I think that that's going to be the future. The far future. Not not my lifetime once again, but baby steps and unless your lifetime gets extended, well, it's in a race against time. Right? A friend of mine who actually thinks about these things said, you know, you and I are going to die, but I don't know about our grandchildren. That's why I don't know for predicting the future is hard, but that's at least a plausible scenario. And so yeah, no, I think that as we discussed earlier , there are threats to the earth known and unknown. Right? Having spread humanity and biology elsewhere is a really important long term goal.",
          "chapter_name": "Science, Life, and the Unknown"
        },
        {
          "speaker": "Lex Fridman",
          "speech": "What kind of questions can science not currently answer, but might soon when you think about the problems and the mysteries before us that may be within reach of science. I think an obvious one is the origin of life. We don't know how that happened. There's a difficulty in knowing how it happened historically actually, you know, literally on earth. But starting life from non life is something I kind of think we're close to, right, We're really, really think so, how difficult is it to start? Like to?",
          "chapter_name": "Science, Life, and the Unknown"
        },
        {
          "speaker": "Sean Carroll",
          "speech": "Well, I I've talked to people including on the podcast about this.",
          "chapter_name": "Science, Life, and the Unknown"
        }
      ]
    },
    {
      "name": "Consciousness, Robots, and the Social Construct of Intelligence",
      "content": [
        {
          "speaker": "Sean Carroll",
          "speech": "You know, life requires three things that life as we know it. So there's a difference with life which who knows what it is and life as we know it, which we can talk about with some intelligence. So, life as we know, it requires compartmentalization. You need like a little membrane around your cell metabolism, you take in food and eat it and let that make you do things and then replication. Okay, so you need to have some information about who you are that you pass down to future to future generations. In the lab, compartmentalization seems pretty easy. Not hard to make lipid bi layers that come into a little cellular walls pretty easily, metabolism and replication are hard, but replication we're close to people have made RNA like molecules in the lab that I think the state of the art is they're not able to make one molecule that reproduces itself, but they're able to make two molecules that reproduced each other. So that's okay.",
          "chapter_name": "Consciousness, Robots, and the Social Construct of Intelligence"
        },
        {
          "speaker": "Lex Fridman",
          "speech": "That's pretty close metabolism is hard to believe it or not, even though it's sort of the most obvious thing. But you want some sort of controlled metabolism and the actual cellular machinery in our bodies is quite complicated. It's hard to see it just popping into existence all by itself. Probably took a while, but it's we're making progress. In fact , I don't think we're spending nearly enough money on it. If I were the NSF, I would flood this area with money because it would change our view of the world if we could actually make life in the lab and understand how it was made originally here on earth.",
          "chapter_name": "Consciousness, Robots, and the Social Construct of Intelligence"
        },
        {
          "speaker": "Sean Carroll",
          "speech": "And I'm sure you have some ripple effects that help cure diseases and so on. I mean, just that understanding. So synthetic biology is a wonderful big frontier where we're making cells the right now, the best way to do that is to borrow heavily from existing biology. Right. Craig ventnor several years ago created an artificial cell. But all he did was not all he did was a tremendous accomplishment. But all he did was take out the DNA from the cell and put an entirely new D. N. A. And let it boot up and go, what about the leap to uh creating intelligent life on earth? However , again, we define intelligence of course. But let's just even say homo sapiens, the the modern modern intelligence and our human brain. Do you have a sense of what's involved in that leap and how big of a leap that is.",
          "chapter_name": "Consciousness, Robots, and the Social Construct of Intelligence"
        },
        {
          "speaker": "Lex Fridman",
          "speech": "So a I would count in this or you really want life. You want to really organism in some sense. Hey, I would count. Okay. If yeah, yeah, of course, of course I would come . But let's say artificial consciousness.",
          "chapter_name": "Consciousness, Robots, and the Social Construct of Intelligence"
        },
        {
          "speaker": "Lex Fridman",
          "speech": "Right? So I do not think we are on the threshold of creating artificial consciousness. I think it's possible. I'm not again very educated about how close we are, but my impression is not that we're really close because we understand how little, how little we understand of consciousness and what it is. So if we don't have any idea what it is , it's hard to imagine we're on the threshold of making it ourselves, but it's doable. It's possible. I don't see any obstacles and principles. So yeah,",
          "chapter_name": "Consciousness, Robots, and the Social Construct of Intelligence"
        },
        {
          "speaker": "Lex Fridman",
          "speech": "I would hold out some interest in that happening eventually. I think in general consciousness, I think it would be just surprised how easy consciousness is. Uh, once we create intelligence, I think consciousness is the thing that that's just something we all fake. Well, good. No, actually, I like this idea that in fact consciousness is way less mysterious than we think because we're all at every time at every moment less conscious than we think we are. Right.",
          "chapter_name": "Consciousness, Robots, and the Social Construct of Intelligence"
        },
        {
          "speaker": "Lex Fridman",
          "speech": "We can fool things. And I think that plus the idea that you not only have artificial intelligent systems, but you put them in a body, right? Give them a robot body. That will help the faking a lot. Yeah. I think I think creating consciousness in our artificial consciousness is as simple as asking a Roomba to say I'm conscious and refusing to be talked out of It could be, it could be",
          "chapter_name": "Consciousness, Robots, and the Social Construct of Intelligence"
        },
        {
          "speaker": "Sean Carroll",
          "speech": "and uh I mean, I'm almost being silly , but that's what we do. Uh that's what we do with each other. This is the kind of the consciousness is also a social construct and a lot of our ideas of intelligence is a social construct. And so reaching their bar involves something that's beyond that's not doesn't necessarily involve the fundamental understanding of how you go from electrons to neurons to cognition. No, actually, I think that is extremely good point. And in fact what it suggests is, you know, so yeah, you referred to kate kate darling who I had on the podcast and who does these experiments with very simple robots.",
          "chapter_name": "Consciousness, Robots, and the Social Construct of Intelligence"
        },
        {
          "speaker": "Lex Fridman",
          "speech": "But they look like animals and they can look like they're experiencing pain. And we human beings react very negatively to these little robots looking like they're experiencing pain. And what you want to say is Yeah, but they're just robots. It's not really pain, right? It's just some electrons going around. But then you realize, you know, you and I are just electrons going around and that's what pain is also. And so what I, what I would have an easy time imagining is that there is a spectrum between these simple robots that kate works with and human being where there are things that sort of by some strict definition touring test level thing are not conscious, but nevertheless walk and talk like they're conscious and it could be that the future is I mean",
          "chapter_name": "Consciousness, Robots, and the Social Construct of Intelligence"
        },
        {
          "speaker": "Sean Carroll",
          "speech": "Siri is close, right? And so it might be the future has a lot more agents like that . And in fact rather than someday going, aha, we have consciousness will just creep up on it with more and more accurate reflections of what we expect and in the future maybe the present, for example, we haven't met before. And you're basically assuming that I'm human as it's a high probability at this time because the Yeah, but in the future there might be question marks around that, right? Yeah. No, absolutely . Certainly videos are almost to the point where you shouldn't trust them already photos you can't trust right videos is easier to trust, but we're getting worse.",
          "chapter_name": "Consciousness, Robots, and the Social Construct of Intelligence"
        }
      ]
    },
    {
      "name": "The Good and Evil Debate: A Conversation on Science, Morality, and Humanity",
      "content": [
        {
          "speaker": "Lex Fridman",
          "speech": "You know, we're getting better at faking them, right? Uh yeah. So physical embodied people, what's what's so hard about making that?",
          "chapter_name": "The Good and Evil Debate: A Conversation on Science, Morality, and Humanity"
        },
        {
          "speaker": "Lex Fridman",
          "speech": "So it's very depressing this conversation we're having, right? So to me, it's exciting to me you're doing it. So it's exciting to you. But it's a sobering thought were very bad, right? And imagining what the next 50 years are going to be like when we're in the middle of a phase transition as we are right now and I in general, I'm not blind to all the threats.",
          "chapter_name": "The Good and Evil Debate: A Conversation on Science, Morality, and Humanity"
        },
        {
          "speaker": "Lex Fridman",
          "speech": "I am excited by the power of technology to solve to protect us against the threats as they evolve. I'm not as much as steven pinker optimistic about the world, but in everything I've seen all the brilliant people in the world that I've met are good people. So the army of the good in terms of the development of technology is large. Okay, you're way more optimistic than I am. I think that goodness and badness are equally distributed among intelligent and unintelligent people. I don't see much of a correlation there. Interesting. Um, neither of us have proof exactly is your opinions are free, right nor definitions of good and evil.",
          "chapter_name": "The Good and Evil Debate: A Conversation on Science, Morality, and Humanity"
        },
        {
          "speaker": "Lex Fridman",
          "speech": "We come without definitions or with without data opinions . So what kind of questions concerns not currently answer may never be able to answer in your view? Well the obvious one is what is good and bad, you know, you know what is right and wrong. I think that there are questions that science tells us what happens, what the world is and what it does, it doesn't say what the world should do or what we should do because we're part of the world, but we are part of the world and we have the ability to feel like something's right, something's wrong. And to make a very long story very short. I think that the idea of moral philosophy is systematize ng our intuitions of what is right, what is wrong and science might be able to predict ahead of time, what we will do, but it won't ever be able to judge whether we should have done it or not. So, you know, you're kind of unique in terms of scientists listen, it doesn't have to do with podcasts, but even just reaching out, I think you referred to as sort of doing interdisciplinary science, so you reach out and talk to people that are outside of your discipline, which I always hope that's what science was for. In fact, I was a little disillusioned when I realized that academia is very siloed.",
          "chapter_name": "The Good and Evil Debate: A Conversation on Science, Morality, and Humanity"
        },
        {
          "speaker": "Sean Carroll",
          "speech": "And so the question is , how at your own level, how do you prepare for these conversations? How do you think about these conversations? How do you open your mind enough to have these conversations? And it may be a little bit broader? How can you advise other scientists to have these kinds of conversations? Not at the podcast. The fact that you're doing a podcast is awesome, other people can hear them, but it's also good to have it without mix in general. It's a good question, but a tough one to answer, I think about, you know, a guy knows a personal trainer. And he was asked on a podcast, how do we, you know, psych ourselves up to do a workout, How do we make that discipline to go and work out? And he's like, why are you asking me like, I can't stop working out, like",
          "chapter_name": "The Good and Evil Debate: A Conversation on Science, Morality, and Humanity"
        }
      ]
    }
  ]
}