{
  "speakers": [
    "Stuart Russell",
    "Lex Fridman"
  ],
  "episode_name": "stuart-russell-long-term-future-of-ai",
  "chapters": [
    {
      "name": "From Chess to AI: Stuart Russell's Journey in AI",
      "content": [
        {
          "speaker": "Lex Fridman",
          "speech": "the following is a conversation with Stuart Russell . He's a professor of computer science at UC Berkeley and a co author of a book that introduced me and millions of other people to the amazing world of ai called artificial intelligence and modern approach. So it was an honor for me to have this conversation as part of M. I. T. Course and artificial general intelligence and the artificial intelligence podcast. If you enjoy it, please subscribe on youtube itunes or your podcast provider of choice. Or simply connect with me on twitter at lex Friedman spelled F R I D . And now here's my conversation with Stuart Russell. So You've mentioned in 1975 in high school, you've created one of your first ai programs that play chess. Were you ever able to build a program that beat you at chess or another board game? Uh So my program never beat me at chess. I actually wrote the program at Imperial College. So I used to take the bus every Wednesday with a box of cards, this big uh and shove them into the card reader. And they gave us eight seconds of CPU time.",
          "chapter_name": "From Chess to AI: Stuart Russell's Journey in AI"
        },
        {
          "speaker": "Stuart Russell",
          "speech": "It took about five seconds to read the cards in and compile the code. So we had three seconds of CPU time, which was enough to make one move, you know, with a not very deep search and then we would print that move out and then we have to go to the back of the queue and wait to feed the cards. And again, How deep was the search are we talking about? So now I think we got we got an eight move , you know, deplete um with alpha beta and we had some tricks of our own about move ordering and some pruning of the tree. And but you were still able to beat that program. Yeah,",
          "chapter_name": "From Chess to AI: Stuart Russell's Journey in AI"
        },
        {
          "speaker": "Stuart Russell",
          "speech": "yeah . I was a reasonable chess player in my youth. I did in a fellow program uh and a background program. So when I got to Berkeley, I worked a lot on what we call matter reasoning, which really means reasoning about reasoning. And in the case of a game playing program, you need to reason about what parts of the search tree you're actually going to explore because the surgery is enormous or bigger than the number of atoms in the universe. And and the way programs succeed and the way humans succeed is by only looking at a small fraction of the search tree. And if you look at the right fraction you played really well. If you look at the wrong fraction, if you waste your time thinking about things that are never going to happen, the moves and no one's ever going to make, then you're going to lose because you won't be able to figure out the right decision. So that question of how machines can manage their own competition , how they, how they decide what to think about is the meta reasoning question.",
          "chapter_name": "From Chess to AI: Stuart Russell's Journey in AI"
        },
        {
          "speaker": "Stuart Russell",
          "speech": "We developed some methods for doing that. And very simply a machine should think about whatever thoughts are going to improve its decision quality. We were able to show that both for a fellow which is a standard to play a game and for backgammon, which includes uh dice roll. So it's a two player game with uncertainty for both of those cases. We could come up with algorithms that were actually much more efficient than the standard alphabet, a search which chess programs at the time were using and that those programs could beat me and I think you can see The same basic ideas in Alphago and Alpha zero today. The way they explore the tree is using a form of matter reasoning to select what to think about based on how useful it is to think about it.",
          "chapter_name": "From Chess to AI: Stuart Russell's Journey in AI"
        },
        {
          "speaker": "Stuart Russell",
          "speech": "Is there any insights you can describe without greek symbols of how do we select which paths to go down? There's really two kinds of learning going on. So as you say, Alphago learns to evaluate board position. So it can it can look at a go board and it actually has probably a superhuman ability to instantly tell how promising that situation is. To me, the amazing thing about Alphago is not that it can be the world champion with its hands tied behind his back. But the fact that if you stop it from searching altogether.",
          "chapter_name": "From Chess to AI: Stuart Russell's Journey in AI"
        },
        {
          "speaker": "Stuart Russell",
          "speech": "So you say, okay, you're not allowed to do any thinking ahead, You can just consider each of your legal moves and then look at the resulting situation and evaluate it. So what we call a depth one search. So just the immediate outcome of your moves and decide if that's good or bad. That version of Alphago can still play at a professional level, Right?",
          "chapter_name": "From Chess to AI: Stuart Russell's Journey in AI"
        }
      ]
    },
    {
      "name": "Thinking and Decision Making in Alphago Zero",
      "content": [
        {
          "speaker": "Stuart Russell",
          "speech": "And human professionals are sitting there for 5, 10 minutes deciding what to do. And alphago in less than a second can instantly into it . What is the right move to make based on its ability to evaluate positions?",
          "chapter_name": "Thinking and Decision Making in Alphago Zero"
        },
        {
          "speaker": "Stuart Russell",
          "speech": "Um and that is remarkable because you know, we don't have that level of intuition about go. We actually have to think about the situation. So anyway , that capability that Alphago has is one big part of why it beats humans. The other big part is that it's able to look ahead. 40, 50 60 moves into the future. And You know, if it was considering all possibilities, 40 or 50 or 60 moves into the future, that would be You know, 10 to the 200 possibilities. So way, way more than atoms in the universe and so on. So it's very, very selective about what it looks at.",
          "chapter_name": "Thinking and Decision Making in Alphago Zero"
        },
        {
          "speaker": "Stuart Russell",
          "speech": "So let me try to give you an intuition about how you decide what to think about is a combination of two things. One is how promising it is, right? So if you're already convinced that a movie is terrible, there's no point spending a lot more time convincing yourself that it's terrible because it's probably not going to change your mind. So the real reason you think is because there is some possibility of changing your mind about what to do, right, and is that changing your mind that would result than in a better final action in the real world ? So that's the purpose of thinking is to improve the final action in the real world. And so if you think about a move that is guaranteed to be terrible, you can convince yourself it's terrible, you're still not going to change your mind, right?",
          "chapter_name": "Thinking and Decision Making in Alphago Zero"
        },
        {
          "speaker": "Stuart Russell",
          "speech": "But on the other hand, you suppose you had a choice between two moves. One of them you've already figured out is guaranteed to be a draw, let's say, and then the other one looks a little bit worse, like it looks fairly likely that if you make that move, you're going to lose. But there's still some uncertainty about the value of that move, there's still some possibility that it will turn out to be a win, right, then it's worth thinking about that. So even though it's less promising on average than the other move, which is guaranteed to be a draw, there's still some purpose in thinking about it because there's a chance that you'll change your mind and discover that in fact it's a better move. So it's a combination of how good the move appears to be and how much uncertainty there is about its value, the more uncertainty, the more it's worth thinking about, because it's a higher upside if you want to think of it that way, and of course in the beginning, especially in the Alphago zero formulation, it's everything is shrouded in uncertainty , so you're really swimming in a sea of uncertainty . So it benefits you to, I mean , actually following the same process as you describe, but because you're so uncertain about everything, you basically have to try a lot of different directions.",
          "chapter_name": "Thinking and Decision Making in Alphago Zero"
        },
        {
          "speaker": "Stuart Russell",
          "speech": "Yeah, so, so the early parts of the search tree, a fairly bushy um that it would it would look at a lot of different possibilities, but fairly quickly the degree of certainty about some of the moves, I mean, if a movie's really terrible, you'll pretty quickly find out, right, you lose half your pieces or half your territory. And uh and then you say, okay, this this is not worth thinking about anymore.",
          "chapter_name": "Thinking and Decision Making in Alphago Zero"
        }
      ]
    },
    {
      "name": "Human Intuition vs. AI: A Chess Grandmaster's Perspective",
      "content": [
        {
          "speaker": "Lex Fridman",
          "speech": "And then so further down the tree becomes very long and narrow and you're following various lines of play 10 2030, 40, 50 moves into the future. And, you know, that again is something that human beings have a very hard time Doing uh mainly because they just lack the short term memory, you just can't remember a sequence of moves that's 50 moves along. Uh And you can't you can't imagine the board correctly uh for that money moves into the future, of course the top players, I'm much more familiar with chess, but the top players probably have, they have echoes of the same kind of intuition instinct that in a moment's time, Alphago applies when they see a board. I mean, they've seen those patterns, human beings have seen those patterns before, at the top of the grandmaster level.",
          "chapter_name": "Human Intuition vs. AI: A Chess Grandmaster's Perspective"
        },
        {
          "speaker": "Stuart Russell",
          "speech": "It seems that there is some uh similarities or maybe it's it's our imagination, greats vision of those similarities, but it feels like this kind of pattern recognition that the Alphago approaches are using is similar to what human beings at the top level are using. I think there's uh there's some truth to that, but not entirely. Yeah, I mean, I think the the extent to which human grandmaster can reliably rec instantly recognized the right move, instantly recognized the value of the position. I think that's a little bit overrated. But if you sacrifice the queen, for example, I mean, there's these there's these beautiful games of chess with bobby fisher, somebody where it's seeming to make a bad move and I'm not sure there's a a perfect degree of calculation involved where they've calculated all the possible things that happen. But there's an instinct there, right? That somehow adds up to.",
          "chapter_name": "Human Intuition vs. AI: A Chess Grandmaster's Perspective"
        },
        {
          "speaker": "Stuart Russell",
          "speech": "Yeah, so I think what happens is you you you get a sense that there's some possibility in the position, even if you make a weird looking move um that it opens up some some lines of calculation that otherwise would be definitely bad and and it's that intuition that there's something here in this position that might uh might yield that win down the second, you follow that all right. And and in some sense when a when a chess player is following a line and his or her mind there, they're mentally simulating what the other person is going to do, what the opponent is going to do and they can do that as long as the moves are kind of forced, right? As long as there's, you know, there's a, what we call a forcing variation where the opponent doesn't really have much choice how to respond. And then you see if you can force them into a situation where you win, you know, we see plenty of mistakes , even even in grandmaster games Where they just missed some simple 345 move combination that , you know, wasn't particularly apparent in in the position but was still there . That's the thing that makes us human.",
          "chapter_name": "Human Intuition vs. AI: A Chess Grandmaster's Perspective"
        },
        {
          "speaker": "Stuart Russell",
          "speech": "So when you mentioned that in Othello, those games were after some matter reasoning improvements and research was able to beat you. How did that make you feel part of the meta reasoning capability that it had um was based on learning and, and you could sit down the next day and you could just feel that it had got a lot smarter, you know, and all of a sudden you really felt like you were sort of pressed against the wall because it was, it was much more aggressive and and was totally unforgiving of any minor mistake that you might make, and actually it seemed understood the game better that I did. And Garry Kasparov has this quote where um during his match against deep blue , he said he suddenly felt that there was a new kind of intelligence across the board. Do you think that's a scary or an exciting possibility for cast province for yourself in the context of chess, purely sort of in this like that feeling, whatever that is? I think it's definitely um an exciting feeling. You know, this is what made me work on ai in the first place was as soon as I really understood what a computer was, I wanted to make it smart.",
          "chapter_name": "Human Intuition vs. AI: A Chess Grandmaster's Perspective"
        },
        {
          "speaker": "Stuart Russell",
          "speech": "You know, I started out with the first program I wrote was for the Sinclair programmable calculator. Uh and I think you could write a 21 step algorithm that was the biggest program, you could write something like that um and do a little arithmetic calculations. So I think I implemented Newton's method for square roots and a few other things like that. But then, you know, I thought, okay, if I just had more space, I could make this thing intelligent. And so I started thinking about Ai and and I think the thing that's scary is not, is not the chess program because chess programs, they're not in the taking over the world business.",
          "chapter_name": "Human Intuition vs. AI: A Chess Grandmaster's Perspective"
        }
      ]
    },
    {
      "name": "Ai Progress: Removing Assumptions, Solving Go, and Threats to Humanity",
      "content": [
        {
          "speaker": "Stuart Russell",
          "speech": "Uh but if you extrapolate, you know, there are things about chess that don't resemble the real world, right? We know we know the rules of chess. The chessboard is completely visible to the program where of course the real world is not most, most of the real world is not visible from wherever you're sitting, so to speak. And okay to overcome those kinds of problems, unique , qualitatively different algorithms. Another thing about the real world is that, you know, we we regularly plan ahead on the timescales involving billions or trillions of steps.",
          "chapter_name": "Ai Progress: Removing Assumptions, Solving Go, and Threats to Humanity"
        },
        {
          "speaker": "Stuart Russell",
          "speech": "Um, we don't plan that was in detail, but you know, when you choose to do a PhD at Berkeley , that's a five year commitment. And that amounts to about a trillion motor control steps that you will eventually be committed to including going up the stairs, opening doors, drinking water type. Yeah, I mean every every finger movement while you're typing every character of every paper in the thesis and everything. So you're not committing in advance to the specific motor control steps, but you're still reasoning on a time scale that will eventually reduced to trillions of motor control actions. And so for all of these reasons, you know, Alphago and and deeply and so on. Don't represent any kind of threat to humanity.",
          "chapter_name": "Ai Progress: Removing Assumptions, Solving Go, and Threats to Humanity"
        },
        {
          "speaker": "Lex Fridman",
          "speech": "But they are a step towards it , right? And progress in ai occurs by essentially removing one by one. These assumptions that make problems easier. Like the assumption of complete observe ability of the situation, right ? We remove that assumption you need a much more complicated kind of computing design and you need something that actually keeps track of all the things you can't see and tries to estimate what's going on and there's inevitable uncertainty in that.",
          "chapter_name": "Ai Progress: Removing Assumptions, Solving Go, and Threats to Humanity"
        },
        {
          "speaker": "Stuart Russell",
          "speech": "So it becomes a much more complicated problem. But you know, we are removing those assumptions were starting to have algorithms that can cope with much longer time scales can cope with uncertainty that can cope with partial observe ability. And so each of those steps sort of magnifies by 1000 the range of things that we can do with Ai systems. So the way I started a I wanted to be a psychiatrist for a long time to understand the mind in high school and of course program and so on. And I showed up at University of Illinois to an Ai lab and they said, okay, I don't have time for you. But here's a book ai a modern approach. I think it was the first edition at the time. Here go go learn this. And I remember the lay of the land was well it's incredible that we solve chest but we'll never solve go.",
          "chapter_name": "Ai Progress: Removing Assumptions, Solving Go, and Threats to Humanity"
        },
        {
          "speaker": "Stuart Russell",
          "speech": "I mean it was pretty certain that go in the way we thought about systems that reason it wasn't possible to solve. And now we've solved this. So it's a very I think I would have said that it's unlikely we could take the kind of algorithm that was used for chess and just get it to scale up and work well for go and at the time what we thought was that in order to solve go we would have to do something similar to the way humans managed the complexity of go , which is to break it down into kind of sub games. So when a human thinks about a go board, they think about different parts of the board as sort of weakly connected to each other and they think about okay within this part of the board, here's how things could go in that part of board. Here's how things could go. And then you try to sort of couple those two analyses together and deal with the interactions and maybe revise your views of how things are gonna go in each part. And then you've got maybe 567 10 parts of the board.",
          "chapter_name": "Ai Progress: Removing Assumptions, Solving Go, and Threats to Humanity"
        },
        {
          "speaker": "Lex Fridman",
          "speech": "And and that actually resembles the real world much more than chest does because in the real world, you know, we have work, we have home life, we have sport, you know, whatever different kinds of activities, shopping, these all are connected to each other, but they're weakly connected. So when I'm typing a paper, you know, I don't simultaneously have to decide which order. I'm going to get the milk and the butter. You know, that doesn't affect the typing . But I do need to realize, okay better finish this before the shops close because I don't have anything. You don't have any food at home. Right?",
          "chapter_name": "Ai Progress: Removing Assumptions, Solving Go, and Threats to Humanity"
        },
        {
          "speaker": "Stuart Russell",
          "speech": "So there's some weak connection but not in the way that chess works where everything is tied into a single stream of thought.",
          "chapter_name": "Ai Progress: Removing Assumptions, Solving Go, and Threats to Humanity"
        }
      ]
    },
    {
      "name": "Avoiding Another AI Winter: Lessons from the Past and Future of Self-Driving Cars",
      "content": [
        {
          "speaker": "Stuart Russell",
          "speech": "So the thought was that go to solve go would have to make progress on stuff that would be useful for the real world. And in a way Alphago is a little bit disappointing because the program designed for Alphago was actually not that different from From deep blue or even from office. Samuel's checkers playing program from the 1950s. And in fact, the the two things that make Alphago work is 11 is this amazing ability to evaluate the positions and the other is the meta reasoning capability which which allows it to to explore some paths in the tree very deeply and to abandon other paths very quickly. So this word, meta reasoning, while technically correct, inspires perhaps the wrong degree of power that Alphago has. For example, the word reasoning is a powerful word. So let me ask you sort of, you were part of the symbolic Ai world for a while, like where they I was was a lot of excellent interesting ideas there that unfortunately met a winter. And uh so do you think it re emerges , So I would say, yeah, it's not quite as simple as that.",
          "chapter_name": "Avoiding Another AI Winter: Lessons from the Past and Future of Self-Driving Cars"
        },
        {
          "speaker": "Stuart Russell",
          "speech": "So the the Ai winter. So for the first winter that was actually named as such was the one in the late 80's and that came about because in the mid 80s there was a really a concerted attempt to push a eye out into the real world using what was called expert system technology and for the most part that technology was just not ready for prime time. They were trying in many cases to do a form of uncertain reasoning, judge judgment, combinations of evidence, diagnosis , those kinds of things, which was simply invalid. Uh And when you try to apply invalid reasoning methods to real problems, you can fudge it for small versions of the problem, but when it starts to get larger, the thing just falls apart. So many companies found that the stuff just didn't work and they were spending tons of money on consultants to try to make it work and there were other practical reasons like they they were asking the companies to buy incredibly expensive list machine workstations which were literally between 50 and $100,000 in uh you know, in 19 eighties money, which was would be like between 100 and 50 and $300,000 per workstation in current prices. So then the bottom line, they weren't seeing a profit from it .",
          "chapter_name": "Avoiding Another AI Winter: Lessons from the Past and Future of Self-Driving Cars"
        },
        {
          "speaker": "Stuart Russell",
          "speech": "Yeah, they, in many cases I think there were some successes , there's no doubt about that, but people I would say over invested every major company was starting an Ai department just like now and I worry a bit that we might see similar disappointments not because the technical, the current technology is invalid, but it's limited in its scope and it's almost the duel of the scope problems that expert systems had. So what have you learned from that hype cycle and what can we do to prevent another winter, for example? Uh yeah, so when I'm giving talks these days, that's one of the warnings that I give. So this is a two part warning slide, one is that, you know, rather than data being the new oil, data is the new snake oil. That's a good line. And then um, and then the other is that we might see a kind of very visible failure in some of the major application areas.",
          "chapter_name": "Avoiding Another AI Winter: Lessons from the Past and Future of Self-Driving Cars"
        },
        {
          "speaker": "Stuart Russell",
          "speech": "And I think self driving cars would be the flagship and I think when you look at the history, so the first self driving car was on the freeway driving itself, changing lanes overtaking In 1987. Mhm. and so it's more than 30 years and that kind of looks like where we are today, right, You know, prototypes on the freeway changing lanes overtaking. Um, now, I think significant progress has been made, particularly on the perception side. So We worked a lot on autonomous vehicles in the early mid 90s at Berkeley, you know, and we had our own big demonstrations, you know, we we put congressman into self driving cars and and had them zooming along the freeway and the problem was clearly perception at the time. The problem, Yeah, so in simulation with perfect perception, you could actually show that you can drive safely for a long time, even if the other cars, um, is behaving and so on. But simultaneously we worked on machine vision for detecting cars and tracking pedestrians and so on. And we couldn't get the reliability of detection and tracking up to a high enough particular level, particularly in bad weather conditions. Uh, nighttime rainfall, good enough for demos, but perhaps not good enough to cover the general, the General, the thing about driving is, you know, so I suppose you're a taxi driver , you know, and you drive every day, eight hours a day for 10 years, right? That's 100 million seconds of driving, you know, and any one of those seconds you can make a fatal mistake. So you're talking about eight nines of reliability.",
          "chapter_name": "Avoiding Another AI Winter: Lessons from the Past and Future of Self-Driving Cars"
        },
        {
          "speaker": "Stuart Russell",
          "speech": "All right. Now , if you're a vision system Only detects 98.3% of the vehicles, right, then that's sort of, you know, one and a bit nine's reliability . So you have another seven orders of magnitude to go and, and this is what people don't understand. They think, oh, because I had a successful demo, I'm pretty much done, but you're not even within seven orders of magnitude of being done. And that's the difficulty.",
          "chapter_name": "Avoiding Another AI Winter: Lessons from the Past and Future of Self-Driving Cars"
        },
        {
          "speaker": "Stuart Russell",
          "speech": "And it's not, can I follow a white line? That's not the problem, right? We follow a white line all the way across the country, but it's the, it's the weird stuff that happens. It's, it's all the edge cases. Yeah, the edge case, other drivers doing weird things. Um you know, so if you talk to google, right?",
          "chapter_name": "Avoiding Another AI Winter: Lessons from the Past and Future of Self-Driving Cars"
        }
      ]
    },
    {
      "name": "Looking Ahead: Driving Decisions and Uncertainty",
      "content": [
        {
          "speaker": "Stuart Russell",
          "speech": "So they had actually a very classical architecture where you had machine vision which would detect all the Other cars and pedestrians and the white lines in the road signs. And then basically that was fed into a logical database. And then you had a classical 1970s rule based expert system um telling you okay if you're in the middle lane and there's a bicyclist in the right lane, who is signaling this, then then then then you do that, right ? And what they found was that every day they go out and there'd be another situation that the rules didn't cover, you know, so they come to a traffic circle and there's a little girl riding her bicycle the wrong way around the traffic circle, okay, what do you do? We don't have a rule. Oh my God, okay, stop. And then, you know, they come back and add more rules and they just found that this was not really converging",
          "chapter_name": "Looking Ahead: Driving Decisions and Uncertainty"
        },
        {
          "speaker": "Stuart Russell",
          "speech": "and and if you think about it, right, how how do you deal with an unexpected situation, meaning one that you've never previously encountered and the sort of the reasoning required to figure out the solution, but that situation has never been done. It doesn't match any previous situation in terms of the kind of reasoning you have to do well, you know , in chess programs, this happens all the time. You're constantly coming up with situations you haven't seen before and you have to reason about them and you have to think about here are the possible things I could do here. The outcomes, here's how desirable the outcomes are and then pick the right one . You know, in the 90s we were saying this is how you're going to have to do automated vehicles, they're going to have to have a look ahead capability. But the look ahead for driving is more difficult than it is for chess because they are right, there's humans and they're less predictable than just.",
          "chapter_name": "Looking Ahead: Driving Decisions and Uncertainty"
        },
        {
          "speaker": "Lex Fridman",
          "speech": "Well, then you have an opponent in chess who's also somewhat unpredictable, but for example, in chess, you always know the opponent's intention. They're trying to beat you right? Whereas in driving, you don't know is this guy trying to turn left or has he just forgotten to turn off his turn signal or is he drunk or is he changing the channel on his radio or whatever it might be. You got to try and figure out the mental state the intent of the other drivers to forecast the possible evolutions of their trajectories. And then you've got to figure out , okay, which is the directory for me that's going to be safest and those all interact with each other because the other driver is going to react to your trajectory. Um, and so on.",
          "chapter_name": "Looking Ahead: Driving Decisions and Uncertainty"
        },
        {
          "speaker": "Stuart Russell",
          "speech": "So, you know, they've got the classic merging onto the freeway problem where you're kind of racing a vehicle that's already on the freeway and you know, pull ahead of them or you're going to let them go first and pull in behind and you get this sort of uncertainty about who's going first. So all those kinds of things mean that you need decision making architecture that's very different from either a rule based system or it seems to me kind of an end to end neural network system, you know , so just as Alphago is pretty good when it doesn't do any look ahead, but it's way, way , way, way better when it does. I think the same is going to be true for driving. You can have a driving system that's pretty good when it doesn't do any look ahead, but that's not good enough. Um, you know, and we've already seen multiple deaths caused by poorly design machine learning algorithms that don't really understand what they're doing. Yeah.",
          "chapter_name": "Looking Ahead: Driving Decisions and Uncertainty"
        },
        {
          "speaker": "Stuart Russell",
          "speech": "On several levels. I think uh, it's on the perception side, there's mistakes being made by those algorithms where the perception is very shallow on the planning side to look ahead, like you said .",
          "chapter_name": "Looking Ahead: Driving Decisions and Uncertainty"
        }
      ]
    },
    {
      "name": "AI Safety: Balancing Magic and Control",
      "content": [
        {
          "speaker": "Lex Fridman",
          "speech": "And the thing that we come come up against, that's really interesting when you try to deploy systems in the real world is you can't think of an artificial intelligence system as a thing that responds to the world always you have to realize that it's an agent that others will respond to as well. So in order to drive successfully, you can't just try to do obstacle avoidance, You can't pretend that you're invisible. You're right, you're the invisible car, right? Just walk that way.",
          "chapter_name": "AI Safety: Balancing Magic and Control"
        },
        {
          "speaker": "Stuart Russell",
          "speech": "I mean, but you have to assert yet others have to be scared of. You just were also, there's this tension, there's this game. So if we study a lot of work with pedestrians, if you approach pedestrians is purely an obstacle avoidance. So you you do look ahead isn't modeling the intent. Your they're not going to they're going to take advantage of you, they're not going to respect you at all. There has to be attention of fear of some amount of uncertainty.",
          "chapter_name": "AI Safety: Balancing Magic and Control"
        },
        {
          "speaker": "Stuart Russell",
          "speech": "That's how we have created or at least just a kind of a resoluteness, you have to display a certain amount of resoluteness. You can't you can't be too tentative and uh yeah, so the right, the solutions then become pretty complicated, right? You get into game theoretic analyses and so we're Berkeley now we're working a lot on this kind of interaction between machines and humans. And that's exciting. And so my colleague and Dear Dragon, actually, you know, if you, if you formulate the problem game theoretically , you just let the system figure out the solution .",
          "chapter_name": "AI Safety: Balancing Magic and Control"
        },
        {
          "speaker": "Lex Fridman",
          "speech": "You know, it does interesting, unexpected things like sometimes at a stop sign, if no one is going first, right, the car will actually back up a little right just to indicate to the other cars that they should go. Uh, and that's something it invented entirely by itself, that's interesting, right? There was, you know, we didn't say this is the language of communication that stop signs. It figured it out. That's really interesting. So Let me one just step back for a second.",
          "chapter_name": "AI Safety: Balancing Magic and Control"
        },
        {
          "speaker": "Lex Fridman",
          "speech": "Just this beautiful philosophical notion. So , Pamela McCord IQ in 1979 wrote a, I began with the ancient wish to forge the Gods. So when you think about the history of our civilization, do you think that there is an inherent desire to create, let's not say gods, but to create super intelligence isn't inherent to us, is in our genes, that the natural arc of human civilization is to create things that are of greater and greater power and perhaps uh, echoes of ourselves. So to create the gods, as uh, Pamela said , maybe, I mean, you know, we're all individuals, but certainly we see over and over again in history, individuals who thought about this possibility. Hopefully when I'm not being too philosophical here. But if you look at the arc of this, you know, where this is going and we'll talk about ai safety, we'll talk about greater and greater intelligence. Do you see that they're in when you created the Apollo program and you felt this excitement? What was that excitement? Was it excitement of a tinkerer who created something cool like a clock ? Or was there a magic or was it more like a child being born? Yeah.",
          "chapter_name": "AI Safety: Balancing Magic and Control"
        },
        {
          "speaker": "Lex Fridman",
          "speech": "Yeah. So I mean I I certainly understand that viewpoint. And if you look at um the little report which was so in the seventies there was a lot of controversy in the U. K. About Ai and you know whether it was for real and how much the money money the government should invest. And so it's a long story. But the government commissioned a report by by Light Hill who was a physicist. And he wrote a very damning report about Ai which I think was the point. Uh And he said that that these are you know frustrated men who unable to have Children would like to create uh and you know create life um you know as a kind of replacement, you know which which I think is really pretty unfair. But there is I mean there there is a kind of magic . I would say you when you build something and what you're building in is really just your building in some understanding of the principles of learning and decision making and to see those principles actually then turn into intelligent behavior in specific situations.",
          "chapter_name": "AI Safety: Balancing Magic and Control"
        },
        {
          "speaker": "Stuart Russell",
          "speech": "It's an incredible thing. And uh you know, that is naturally going to make you think, okay where does this end? And so there's a there's magical optimistic views of word and whatever your view of optimism is. Whatever your view of Utopia is, it's probably different for everybody. But you've often talked about concerns you have of how things may go wrong? So of talks to uh Macs take Mark.",
          "chapter_name": "AI Safety: Balancing Magic and Control"
        },
        {
          "speaker": "Stuart Russell",
          "speech": "Uh there's a lot of interesting ways to think about ai safety . You're one of the Seminole people thinking about this problem among sort of being in the weeds of actually uh solving specific ai problems. You also think about the big picture of where we're going. So can you talk about several elements of it? Let's just talk about maybe the control problems . So this idea of losing ability to control the behavior of a. I . System.",
          "chapter_name": "AI Safety: Balancing Magic and Control"
        },
        {
          "speaker": "Stuart Russell",
          "speech": "So how do you see that?",
          "chapter_name": "AI Safety: Balancing Magic and Control"
        }
      ]
    },
    {
      "name": "AI Dangers: Misaligned Super Intelligence",
      "content": [
        {
          "speaker": "Stuart Russell",
          "speech": "How do you see that coming about? What do you think we can do uh to manage it well, so it doesn't take a genius to realize that if you make something that's smarter than you, you might have a problem. You know? And turing Alan turing wrote about this and gave lectures about this 1919 51.",
          "chapter_name": "AI Dangers: Misaligned Super Intelligence"
        },
        {
          "speaker": "Lex Fridman",
          "speech": "He did a lecture on the radio. And he basically says, you know, once the machine thinking method starts, uh very quickly, they'll outstrip humanity. And, you know , if we're lucky , we might be able to I think he says, if we may be able to turn off the power at strategic moments. But even so, our species would be humbled? Yeah, actually, I was wrong about that. You know, if it's a sufficiently intelligent machine, It's not going to let you switch it off, it's actually in competition with you.",
          "chapter_name": "AI Dangers: Misaligned Super Intelligence"
        },
        {
          "speaker": "Stuart Russell",
          "speech": "So what do you think is meant just for a quick change it. If we shut off this super intelligent machine that our species will be humbled, I think he means that we would realize that we are inferior, right? That we we only survived by the skin of our teeth because we happen to get to the off switch just in time. You know? And if we hadn't then we would have lost control over the earth. So do you are you more worried when you think about this stuff about super intelligent ai are you more worried about super powerful Ai that's not aligned with our values? So the paperclip scenarios kind of uh I think um so the main problem I'm working on is is the control problem. The problem of machines pursuing objectives that are, as you say, not aligned with human objectives. And and this has been it has been the way we've thought about ai since the beginning. It's you you build a machine for optimizing and then you put it in some objective and it optimizes, right?",
          "chapter_name": "AI Dangers: Misaligned Super Intelligence"
        },
        {
          "speaker": "Stuart Russell",
          "speech": "And and you know, we we can think of this as the the king Midas problem because if the king Midas put in this objective , right ? Everything I touched turned to gold and the gods , you know, that's like the machine they said, okay, done. You now have this power and of course his food and his drink and his family all turned to gold and then he dies misery and starvation. And this is, you know, it's a warning. It's it's a failure mode. That pretty much every culture in history has had some story along the same lines.",
          "chapter_name": "AI Dangers: Misaligned Super Intelligence"
        },
        {
          "speaker": "Stuart Russell",
          "speech": "You know, the genie that gives you three wishes. And you know, third wish is always, you know, please undo the first two wishes because I messed up. And you know when Arthur Samuel wrote his chest, his checkers playing program which learned to play checkers considerably better than Arthur Samuel could play and actually reached a pretty decent standard. No , but we know who was a One of the major mathematicians of the 20th century sort of the father of modern automation control systems . He saw this and he basically extrapolated as touring did and said, okay, uh this is how we could lose control and uh specifically that we have to be certain that the purpose we put into the machine is the purpose which we really desire. And the problem is we can't do that.",
          "chapter_name": "AI Dangers: Misaligned Super Intelligence"
        },
        {
          "speaker": "Stuart Russell",
          "speech": "You mean we're not, it's very difficult to encode to put our values on paper is really difficult or you're just saying it's impossible uh theoretically between theoretically it's possible, but in practice it's extremely unlikely that we could specify correctly in advance the full range of concerns of humanity that you talked about cultural transmission of values, I think is how humans to human transmission the values happens, right? Uh Well we learned. Yeah. I mean as we grow up, we learn about the values that matter. How things, how things should go, what is reasonable to pursue and what isn't reasonable to pursue uh machines can learn in the same kind of way. Yeah. So I think that um what we need to do is to get away from this idea that you build an optimizing machine",
          "chapter_name": "AI Dangers: Misaligned Super Intelligence"
        }
      ]
    },
    {
      "name": "AI Objectives: Uncertainty, Humility, and True Purpose",
      "content": [
        {
          "speaker": "Lex Fridman",
          "speech": "and then you put the objective into it. Because if it's possible that you might put in a wrong objective and we already know this is possible because it's happened lots of times. Right? That means that the machine should never take an objective. That's given as gospel truth, because once it takes the objective is gospel truth. All right, then it's believes that whatever actions it's taking in pursuit of that objective are the correct things to do. So you could be jumping up and down and saying no, no, no, no, no , no.",
          "chapter_name": "AI Objectives: Uncertainty, Humility, and True Purpose"
        },
        {
          "speaker": "Stuart Russell",
          "speech": "You're going to destroy the world. But the machine knows what the true objective is and is pursuing it. And tough luck to you. You know, and this is not restricted to ai right? This is, you know, I think many of the 20th century technologies. Right? So in statistics, you you minimize the loss function, The loss function is exogenous lee specified in control theory.",
          "chapter_name": "AI Objectives: Uncertainty, Humility, and True Purpose"
        },
        {
          "speaker": "Stuart Russell",
          "speech": "You minimize the cost function in operations research, you maximize the reward function, uh and so on. So in all these disciplines, this is how we conceive of the problem. and it's the wrong problem, because we cannot specify with certainty the correct objective, right? We need uncertainty with the machine to be uncertain about its objective, what it is that it's supposed to be my favorite idea of yours, I've heard you say somewhere. Uh well, I shouldn't pick favorites, but it just sounds beautiful if we need to teach machines humility. Uh It's a beautiful way to put it. I love it, that they humble and they know that they don't know what it is they're supposed to be doing and that those those objectives, I mean , they exist, they're within us, but we may not be able to explicate them, we may not even know. Uh Yeah, you know how we want our future to go so Exactly. And the machine, a machine that's uncertain is going to be deferential to us.",
          "chapter_name": "AI Objectives: Uncertainty, Humility, and True Purpose"
        },
        {
          "speaker": "Stuart Russell",
          "speech": "So if we say don't do that, Well now the machines learn something a bit more about our true objectives, because something that it thought was reasonable in pursuit of our objectives turns out not to be. So now it's learned something, so it's going to differ because it wants to be doing what we really want, and, you know, that at that point I think is absolutely central to solving the control problem. Uh And it's a different kind of ai when you when you take away this idea that the objective is known, then in fact a lot of the theoretical frameworks that were so familiar with, you know, Markov decision processes, goal based planning, uh you know, standard Games research, all of these techniques actually become inapplicable. Uh and you get a more complicated problem because because now the interaction with the human becomes part of the problem, because the human by making choices is giving you more information about the true objective and that information helps you achieve the objective better. And so that really means that you're mostly dealing with game theoretic problems where you've got the machine and the human and they are coupled together rather than a machine going off by itself with a fixed objective, which is fascinating on the machine and the human level that we when you don't have an objective means , you're together coming up with an objective. I mean, there's a lot of philosophy that, you know, you could argue that life doesn't really have meaning.",
          "chapter_name": "AI Objectives: Uncertainty, Humility, and True Purpose"
        },
        {
          "speaker": "Stuart Russell",
          "speech": "We together agree on what gives it meaning. And we kind of culturally create uh things that give why the heck we are in this earth anyway, we together as a society, create that meeting and you have to learn that objective. And one of the biggest, I thought that's what you were going to go for a second. Uh One of the biggest troubles we run into outside of statistics and machine learning and ai in just human civilization Is when you look at, I came from, I was born in the Soviet Union and the history of the 20th century, we ran into the most trouble us humans when there was uh a certainty about the objective and you do whatever it takes to achieve that objective, whether you're talking about in Germany or communist Russia. Uh Yeah.",
          "chapter_name": "AI Objectives: Uncertainty, Humility, and True Purpose"
        },
        {
          "speaker": "Stuart Russell",
          "speech": "Get in trouble with you would say with, you know, corporations. In fact, some people argue that , you know, we don't have to look forward to a time when AI systems take over the world. They already have and they call corporations right that corporations happened to be using people as components right now. Um But they are effectively algorithmic machines and they're optimizing an objective which is quarterly profit that isn't aligned with overall well being of the human race and they are destroying the world. I mean, there are primarily responsible for our inability to tackle climate change. So I think that's one way of thinking about what's going on with with corporations.",
          "chapter_name": "AI Objectives: Uncertainty, Humility, and True Purpose"
        },
        {
          "speaker": "Stuart Russell",
          "speech": "But I think the point you're making is valid that there are many systems in the real world where we've sort of prematurely fixed on the objective and then decoupled the the machine from those that's supposed to be serving . Um And I think you see this with government , alright, government is supposed to be a machine that serves people, but instead it tends to be taken over by people who have their own objective and use government to optimize that objective regardless of what people want. Do do you have, do you find appealing the idea of almost arguing machines where you have multiple ai systems with a clear fixed objective? We have in government, the red team and the blue team that are very fixed on their objectives and they argue and they kind of , I may disagree, but it kind of seems to make it work somewhat that the duality of a lot of okay, let's go 100 years back when there was still was going on, or at the founding of this country, there was disagreement. And the disagreement is where uh so it was a balance between certainty and forced humility because the power was distributed . Yeah, I think that the the nature of debate and disagreement argument takes as a premise, the idea that you could be wrong right, which means that you're not necessarily absolutely convinced that your objective is the correct one . All right.",
          "chapter_name": "AI Objectives: Uncertainty, Humility, and True Purpose"
        },
        {
          "speaker": "Stuart Russell",
          "speech": "Um if you were absolutely, there'd be no point in having any discussion or argument because you would never change your mind.",
          "chapter_name": "AI Objectives: Uncertainty, Humility, and True Purpose"
        }
      ]
    },
    {
      "name": "AI and Utilitarianism: Parallels in Moral Decision Making",
      "content": [
        {
          "speaker": "Stuart Russell",
          "speech": "Um and there wouldn't be any any sort of synthesis or or anything like that. So, so I think you can think of argumentation as a as an implementation of a form of uncertain reasoning. Uh and um, you know, I I've been reading recently about utilitarianism and the history of efforts to define in a sort of clear mathematical way, eh I feel like a formula for moral or political decision making. And it's really interesting that the parallels between the philosophical discussions going back 200 years and what you see now in discussions about existential risk, because it's almost exactly the same. So someone would say, okay, well, here's a formula for how we should make decisions right?",
          "chapter_name": "AI and Utilitarianism: Parallels in Moral Decision Making"
        },
        {
          "speaker": "Stuart Russell",
          "speech": "So utilitarian it is roughly, you know, each person has a utility function and then we make decisions to maximize the sum of everybody's utility, right? And then people point out, well , you know, in that case, the best policy is one that leads to the enormously vast population, all of whom are living a life that's barely worth living , right? And this is called the repugnant conclusion. And uh, you know, another version is, you know, that we should maximize pleasure and that's what we mean by utility and then you'll get people effectively saying, well in that case we might as well just have everyone hooked up to a heroin drip, you know, and they didn't use those words. But that debate, you know, was happening in the 19th century as it is now about ai that if we get the formula wrong, you know, we're going to have a i systems working towards an outcome that in retrospect would be exactly wrong. Do you think there's has beautifully put.",
          "chapter_name": "AI and Utilitarianism: Parallels in Moral Decision Making"
        },
        {
          "speaker": "Lex Fridman",
          "speech": "So the echoes are there. But do you think, I mean if you look at Sam Harris is our imagination worries about the ai version of that because of the uh, the speed at which the things going wrong in the utilitarian context could happen. Is that is that a worry for you? Yeah, I think that, you know, in most cases, not in all. But you know, if we have a wrong political idea, you know, we see it starting to go wrong and we're you know, we're not completely stupid. And so we said okay, that was maybe that was a mistake. Uh let's try something different.",
          "chapter_name": "AI and Utilitarianism: Parallels in Moral Decision Making"
        },
        {
          "speaker": "Stuart Russell",
          "speech": "And also we are very slow and inefficient about implementing these things and so on. So you have to worry when you have corporations or political systems that are extremely efficient. But when we look at AI systems or even just computers in general, right? They have this different characteristic from ordinary human activity in the past. So let's say you were a surgeon, you had some idea about how to do some operation, right. Well , and let's say you were wrong , right? That that way of doing the operation would mostly kill the patient.",
          "chapter_name": "AI and Utilitarianism: Parallels in Moral Decision Making"
        },
        {
          "speaker": "Stuart Russell",
          "speech": "Well, you'd find out pretty quickly like after three, maybe three or four tries. Right? But that isn't true for pharmaceutical companies because they don't do Three or four operations. They manufacturer three or 4 billion pills and they sell them and then they find out maybe six months or a year later that people are dying of heart attacks or getting cancer from this drug. And so that's why we have the FDA right? Because of the scalability of pharmaceutical production.",
          "chapter_name": "AI and Utilitarianism: Parallels in Moral Decision Making"
        },
        {
          "speaker": "Stuart Russell",
          "speech": "And you know, and there have been some unbelievably bad episodes in the history of pharmaceuticals and and adulteration of of products and so on. That that have killed tens of thousands or paralyzed hundreds of thousands of people. Now with computers, we have that same scalability problem that you can sit there and type for I equals 1 to 5 billion do right? And all of a sudden you're having an impact on a global scale . And yet we have no FDA right. There's absolutely no controls at all over what a bunch of undergraduates with too much caffeine can do to the world. And uh you know, we look at what happened with facebook, well, social media in general and click through optimization.",
          "chapter_name": "AI and Utilitarianism: Parallels in Moral Decision Making"
        },
        {
          "speaker": "Stuart Russell",
          "speech": "So you have a simple feedback algorithm that's trying to just optimize click through, right? That's the sounds reasonable.",
          "chapter_name": "AI and Utilitarianism: Parallels in Moral Decision Making"
        }
      ]
    },
    {
      "name": "AI Algorithms: Oversight and Regulation",
      "content": [
        {
          "speaker": "Stuart Russell",
          "speech": "Right? Because you don't want to be feeding people , adds that they don't care about. I'm not interested in. And you might even think of that process as simply adjusting the the feeding of ads or news articles or whatever it might be to match people's preferences . Right? Which sounds like a good idea. But in fact, that isn't how the algorithm works. All right. You make more money.",
          "chapter_name": "AI Algorithms: Oversight and Regulation"
        },
        {
          "speaker": "Lex Fridman",
          "speech": "The algorithm makes more money if it can better predict what people are going to click on because then it can feed them. Exactly that, right? So the way to maximize click perU is actually to modify the people to make them more predictable . Uh and one way to do that is to feed them information, which will change their behavior and preferences towards extremes that make them predictable, Whatever is the nearest extreme, or the nearest predictable point. That's where you're going to end up and the machines will force you there now . And I think there's a reasonable argument to say that this, among other things, is contributing to the destruction of democracy in the world.",
          "chapter_name": "AI Algorithms: Oversight and Regulation"
        },
        {
          "speaker": "Stuart Russell",
          "speech": "And where was the oversight of this process? Where were the people saying, Okay, you would like to apply this algorithm to five billion people on the face of the earth. Can you show me that it's safe? Can you show me that it won't have various kinds of negative effects ? No, there was no one asking that question. There was no one placed between, you know, the the undergrads with too much caffeine and the human race. Well, it's just they just did it and but some uh way outside the scope of my knowledge. So economists would argue that the what is it?",
          "chapter_name": "AI Algorithms: Oversight and Regulation"
        },
        {
          "speaker": "Stuart Russell",
          "speech": "The invisible hand? So the capitalist system, it was the oversight. So if you're going to corrupt society with whatever decision you make as a company, then that's going to be reflected in people not using your product , sort of one that's one model of oversight. So we shall see. But in the meantime, you know that but you might even have broken the, uh, the political system that enables capitalism to function well, you've changed it so we should change is often painful. So, my question is, uh, absolutely.",
          "chapter_name": "AI Algorithms: Oversight and Regulation"
        },
        {
          "speaker": "Stuart Russell",
          "speech": "It's fascinating. You're absolutely right that there was zero oversight on algorithms that can have a profound civilization changing uh, effect. So, do you think it's possible? I mean, I haven't. Have you seen government? So do you think it's possible to create regulatory bodies oversight over ai algorithms which are inherently such cutting edge set of ideas and technologies? Yeah,",
          "chapter_name": "AI Algorithms: Oversight and Regulation"
        },
        {
          "speaker": "Stuart Russell",
          "speech": "But I think it takes time to figure out what kind of oversight, what kinds of controls and it took time to design the FDA regime . You know, some people still don't like it and they want to fix it. And I think there are clear ways that it could be improved. But the whole notion that you have stage one, stage two, Stage three and here are the criteria for What you have to do to pass the stage one trial. Right. We haven't even thought about what those would be for algorithm.",
          "chapter_name": "AI Algorithms: Oversight and Regulation"
        }
      ]
    },
    {
      "name": "AI Bias, Impersonation, and Deep Fakes: Regulation and Oversight",
      "content": [
        {
          "speaker": "Stuart Russell",
          "speech": "So, I mean, I think there are there are things we could do right now with regard to bias. For example, we have a pretty good technical handle on how to detect algorithms that are propagating bias that exists in datasets, how to de bias those algorithms. Um, and even what it's going to cost you to do that . So, I think we could start having some standards on that. I think there are there are things to do with impersonation of falsification that we could we could work on. So I think , yeah, uh or a very simple point. So impersonation is um is a machine acting as if it was a person.",
          "chapter_name": "AI Bias, Impersonation, and Deep Fakes: Regulation and Oversight"
        },
        {
          "speaker": "Stuart Russell",
          "speech": "I can't see a real justification for why we shouldn't insist that machines self identify as machines. Uh you know, where where is the social benefit in in fooling people into thinking that this is really a person when it isn't, you know, I don't mind if it uses a human like voice, that's easy to understand. That's fine. But it should just say I'm a machine in some some form and not many people are speaking to that. I would think relatively obvious facts. I think most people there is actually a law in California that bans impersonation but only in certain restricted circumstances.",
          "chapter_name": "AI Bias, Impersonation, and Deep Fakes: Regulation and Oversight"
        },
        {
          "speaker": "Stuart Russell",
          "speech": "So for the purpose of engaging in a fraudulent transaction and for the purpose of modifying someone's voting behavior. Uh So those are those are the circumstances where machines have to self identify, but I think, you know, arguably it should be in all circumstances. Um and then when you when you talk about deep fakes, you know, we're just at the beginning, but already it's possible to make a movie of anybody saying anything in ways that are pretty hard to detect, including yourself because you're on camera now and your voice is coming through with high resolution. So you can take what I'm saying and replace it with it pretty much anything else you wanted me to be saying. And even it would change my lips and facial expressions to fit . And there's actually not much in the way of real legal protection against that. I think in the commercial area you could say",
          "chapter_name": "AI Bias, Impersonation, and Deep Fakes: Regulation and Oversight"
        },
        {
          "speaker": "Stuart Russell",
          "speech": "yeah that's you're using my brand and so on. There are rules about that. But in the political sphere I think it's at the moment it's you know, anything goes so that that could be really, really damaging. And let me just try to make not an argument but try to look back at history and uh say something dark in essence is while regulation seems to be oversight seems to be exactly the right thing to do here. It seems that human beings what they naturally do is they wait for something to go wrong. If you're talking about nuclear weapons, you can't talk about nuclear weapons being dangerous until somebody actually like the United States drops the bomb. Or Chernobyl melting. Do you think we will have to wait for things going wrong in a way that's obviously damaging to society.",
          "chapter_name": "AI Bias, Impersonation, and Deep Fakes: Regulation and Oversight"
        },
        {
          "speaker": "Stuart Russell",
          "speech": "Not an existential risk, but obviously damaging. Or do you have faith that I hope not. But I mean I think we do have to look at history and uh you know, so the two examples you gave nuclear weapons and nuclear power. Very very interesting because nuclear weapons we knew in the early years of the 20th century that atoms contained a huge amount of energy right? We had E. Equals M. C. Squared. We knew the mass differences between the different atoms and their components and we knew that you might be able to make an incredibly powerful explosive. So H. G. Wells wrote science fiction book I think in 1912 Frederick Saudi, who was the guy who discovered isotopes is a Nobel prize winner. He gave a speech in 1915 saying that \u00a31 of this new explosive would be the equivalent of 150 tons of dynamite. Which turns out to be about right?",
          "chapter_name": "AI Bias, Impersonation, and Deep Fakes: Regulation and Oversight"
        }
      ]
    },
    {
      "name": "Nuclear Echoes: AI Researchers' Concerns",
      "content": [
        {
          "speaker": "Stuart Russell",
          "speech": "And you know this was in World War One right ? So he was imagining how much worse the World War would be uh if we were using that kind of explosive. But the physics establishment simply refused to believe that these things could be made including the people who are making it. Well. So they were doing the nuclear physics, I mean eventually were the ones who made it and talk about for me or whoever.",
          "chapter_name": "Nuclear Echoes: AI Researchers' Concerns"
        },
        {
          "speaker": "Lex Fridman",
          "speech": "Well so up to um the development was was mostly theoretical. So it was people using sort of primitive kinds of particle acceleration and and doing experiments at the at the level of single particles or collections of particles. They weren't yet thinking about how to actually make a bomb or anything like that. But they knew the energy was there and they figured if they understood it better it might be possible. But the physics establishment their view and I think because they did not want it to be true. Their view was that it could not be true that this could not provide a way to make a super weapon. And you know that was his famous speech given by Rutherford who was the sort of leader of nuclear physics.",
          "chapter_name": "Nuclear Echoes: AI Researchers' Concerns"
        },
        {
          "speaker": "Stuart Russell",
          "speech": "And It was on September 11, 1933. And he he said, you know anyone who talks about the possibility of obtaining energy from transformation of atoms is talking complete moonshine. And the next the next morning Leo's Ellard read about that speech and then invented the nuclear chain reaction. And so as soon as he invented, as soon as he had that idea that you could make a chain reaction with neutrons because neutrons were not repelled by the nuclear so they could enter the nucleus and then continue the reaction. As soon as he has that idea, he instantly realized that the world was in deep doo doo . Uh because this is 1933, right in a Hitler had recently come to power in Germany. Szilard was in London uh and eventually became a refugee .",
          "chapter_name": "Nuclear Echoes: AI Researchers' Concerns"
        },
        {
          "speaker": "Stuart Russell",
          "speech": "And uh and it came to the U. S. And the in the process of having the idea about the chain reaction. He figured out basically how to make a bomb and also how to make a reactor. And he patented the reactor 1934. But because of the situation the great power conflict situation that he could see happening? Um He kept that a secret. And so between then and the beginning of World War two people were working including the Germans on how to actually create neutron sources. What specific fission reactions would produce neutrons of the right energy to continue the reaction. And And that was demonstrated in Germany I think in 1938, if I remember correctly, the first Uh nuclear weapon patent was 1939 by the french.",
          "chapter_name": "Nuclear Echoes: AI Researchers' Concerns"
        },
        {
          "speaker": "Stuart Russell",
          "speech": "Um So this was actually uh you know this was actually going on. You know well before World War Two really got going and then you know the british probably had the most advanced capability in this area but for safety reasons among others and just sort of just resources. They moved the program from Britain to the U. S. And then that became Manhattan project . So the reason why we couldn't have any kind of oversight of nuclear weapons and nuclear technology was because we were basically already in an arms race in a war. And um but you you mentioned That in the 20s and 30s. So what are the echoes?",
          "chapter_name": "Nuclear Echoes: AI Researchers' Concerns"
        },
        {
          "speaker": "Stuart Russell",
          "speech": "Yeah the way you've described the story, I mean there's clearly echoes why do you think most ai researchers folks who are really close to the metal they really are not concerned about it and they don't think about it whether it's they don't want to think about it. But what are the yeah, why do you think that is? What are the echoes of the nuclear situation to the current situation? And uh what can we do about it? I think there is a you know, a kind of motive motivated cognition which is a a term in psychology means that you believe what you would like to be true rather than what is true and you know, it's it's unsettling to think that what you're working on might be the end of the human race obviously.",
          "chapter_name": "Nuclear Echoes: AI Researchers' Concerns"
        },
        {
          "speaker": "Stuart Russell",
          "speech": "So you would rather instantly deny it come up with some reason why it couldn't be true. And the you know, I have I collected a long list of reasons that extremely intelligent, competent ai scientists have come up with for why we shouldn't worry about this. For example, calculators are superhuman at arithmetic and they haven't taken over the world, so there's nothing to worry about. Well, okay, my five year old , you know could have figured out why that was unreasonable and and really quite weak argument.",
          "chapter_name": "Nuclear Echoes: AI Researchers' Concerns"
        },
        {
          "speaker": "Stuart Russell",
          "speech": "Um Another one was you know, while it's theoretically possible that you could have a superhuman ai destroy the world, you know, it's also theoretically possible that a black hole could materialize right next to the earth and destroy humanity. I mean, yes, it's theoretically possible quantum theoretically extremely unlikely that it would just materialize right there . Um but that's a completely bogus analogy because if the whole physics community on Earth was working to materialize a black hole in near earth orbit, right? Wouldn't you ask them, Is that a good idea? Is that going to be safe? You know what, if you succeed, Right ? And that's the thing, right? The Ai community is sort of refused to ask itself what if you succeed.",
          "chapter_name": "Nuclear Echoes: AI Researchers' Concerns"
        }
      ]
    },
    {
      "name": "AI Risk: Inevitable or Denial?",
      "content": [
        {
          "speaker": "Stuart Russell",
          "speech": "And initially, I think that was because it was too hard. But you know, alan turing asked himself that and he said we'd be toast, right? If we were lucky, we might be able to switch off the power, but probably will be toast. But there's also an aspect that because we're not exactly sure what the future holds, it's not clear exactly. So technically, what to worry about sort of how things go wrong. And so, uh, there is something, it feels like maybe you can correct me if I'm wrong, but there's something paralyzing about worrying about something that logically is inevitable, but you don't really know what that will look like. Yeah, I think that's that's it's a reasonable point. And, you know, the, you know, it's certainly in terms of existential risks, it's different from, you know, asteroid collides with the Earth right, which again is quite possible. You know, it's happened in the past, it'll probably happen again, we don't write, we don't know right now, but if we did detect an asteroid that was going to hit the Earth in 75 years time, we'd certainly be doing something about it . Well, it's clear there's a big rock and there's probably have a meeting and see what do we do about the big rock with a I Write with a I I mean there are very few people who think it's not going to happen within the next 75 years.",
          "chapter_name": "AI Risk: Inevitable or Denial?"
        },
        {
          "speaker": "Stuart Russell",
          "speech": "I know Rod brooks doesn't think it's going to happen. Maybe Andrew ng doesn't think it's happening. But, you know, a lot of the people who work day to day , uh, you know, as you say, at the rock face, they think it's going to happen. I think the median Estimate from Ai researchers is somewhere in 40 to 50 years from now or maybe, you know , I think in Asia they think it's going to be even faster than that. I'm a little bit more conservative, I think, probably take longer than that. But I think, you know, as happened with nuclear weapons overnight, it can happen overnight that you have these breakthroughs and we need more than one breakthrough.",
          "chapter_name": "AI Risk: Inevitable or Denial?"
        },
        {
          "speaker": "Stuart Russell",
          "speech": "But, you know, it's on the order of half a dozen. I mean, this is a very rough scale, but sort of half a dozen breakthroughs of that nature. It would have to happen for us to reach the superhuman Ai But the, you know, that ai research community is vast now. The massive investments from governments, from corporations are tons of really, really smart people, you know, you just have to look at the rate of progress in different areas of ai to see that things are moving pretty fast, so to say, oh, it's just gonna be thousands of years, I don't see any basis for that. You know, I see, you know, for example, the the stanford 100 year AI project , which is supposed to be sort of, you know, the serious establishment view their most recent report actually said it's probably not even possible. Oh, wow.",
          "chapter_name": "AI Risk: Inevitable or Denial?"
        },
        {
          "speaker": "Stuart Russell",
          "speech": "Right. Which if you want a perfect example of people in denial , that's it. Because, you know, for the whole history of ai we've been saying to philosophers who said it wasn't possible. Well, you have no idea what you're talking about. Of course it's possible. Right? Give me give me an argument for why it couldn't happen.",
          "chapter_name": "AI Risk: Inevitable or Denial?"
        },
        {
          "speaker": "Stuart Russell",
          "speech": "And there isn't one all right. And now, because people are worried that maybe a I might get a bad name or or I just don't want to think about this. They're saying, okay, well, of course, it's not really possible .",
          "chapter_name": "AI Risk: Inevitable or Denial?"
        }
      ]
    },
    {
      "name": "AI Dangers: Control, Misuse, Overuse",
      "content": [
        {
          "speaker": "Stuart Russell",
          "speech": "You know, we imagine, right? Imagine if, you know, the leaders of the cancer biology community got up and said, well, you know, of course, curing cancer, it's not really possible. It would be a complete outrage and dismay. And, you know, I find this really a strange phenomenon, so, okay, so if you accept that it's possible, and if you accept that it's probably going to happen, uh the point that you're making that, you know, how does it go wrong?",
          "chapter_name": "AI Dangers: Control, Misuse, Overuse"
        },
        {
          "speaker": "Stuart Russell",
          "speech": "A valid question without that, without an answer to that question, then you're stuck with what I call the gorilla problem, which is, you know, the problem that the gorilla's face, right? They made something more intelligent than them, namely us a few million years ago, and now now they're in deep doo doo. Uh So there's really nothing they can do. They've lost the control, they failed to solve the control problem of controlling humans and so they lost. Um So we don't want to be in that situation. And if the gorilla problem is is the only formulation you have, there's not a lot you can do right other than to say, okay, we should try to stop , you know, we should just not make the humans or in this case not make the ai . And I think that's really hard to do two. And I'm not actually proposing that that's a feasible course of action. I also think that if properly controlled AI could be incredibly beneficial. So the",
          "chapter_name": "AI Dangers: Control, Misuse, Overuse"
        },
        {
          "speaker": "Stuart Russell",
          "speech": "but it seems to me that there's a there's a consensus that one of the major failure modes is this loss of control that we create Ai systems that are pursuing incorrect objectives. And because the Ai system believes it knows what the objective is, it has no incentive to listen to us anymore , so to speak, right, it's just carrying out the the strategy that it has computed as being the optimal solution. And you know, it may be that in the process it needs to acquire more resources to increase the possibility of success or prevent various failure modes by defending itself against interference. And so that collection of problems I think is something we can address that. The other problems are roughly speaking misuse, right? So even if we solve the control problem, we make perfectly safe, controllable AI systems. Well, why you know, why does dr evil going to use those?",
          "chapter_name": "AI Dangers: Control, Misuse, Overuse"
        },
        {
          "speaker": "Stuart Russell",
          "speech": "Right? He wants to just take over the world and he'll make unsafe Ai systems that then get out of control. So that's one problem which is sort of a partly a policing problem. Follow you uh sort of a cultural problem for the profession of how we teach people what kinds of AI systems are safe. You talk about autonomous weapons system and how pretty much everybody agrees There's too many ways that that can go horribly wrong. I have this great slaughter bots movie that kinda illustrates that beautifully .",
          "chapter_name": "AI Dangers: Control, Misuse, Overuse"
        },
        {
          "speaker": "Stuart Russell",
          "speech": "I want to talk about that. That's another there's another topic I'm happy to talk about the just want to mention that what I see is the third major failure mode which is overuse. Not so much misuse but overuse of ai that we become overly dependent. So I call this the Walleye problems. If you've seen Wall e the movie All right. All the humans are on the spaceship and the machines look after everything for them and they just watch tv and drink big gulps and they're all sort of obese and stupid and they sort of totally lost any notion of human autonomy. And so in effect, right. This would happen like the slow boiling frog, right? We would gradually turn over more and more of the management of our civilization to machines as we are already doing. And you know, if this process continues, you know",
          "chapter_name": "AI Dangers: Control, Misuse, Overuse"
        }
      ]
    }
  ]
}