{
  "speakers": [
    "Lex Fridman",
    "Whitney Cummings"
  ],
  "episode_name": "whitney-cummings-comedy-robotics-neurology-and-love",
  "chapters": [
    {
      "name": "AI Podcast: Lex Friedman's Conversation with Whitney Cumming",
      "content": [
        {
          "speaker": "Lex Fridman",
          "speech": "The following is a conversation with Whitney Cummings . She's a stand up comedian, actor, producer, writer, director and recently finally, the host of her very own podcast called Good For You. Her most recent netflix special called Can I touch It features in part of robot, she affectionately named bear claw that is designed to be visually a replica Whitney. It's exciting for me to see one of my favorite comedians explore the social aspects of robotics and ai in our society. She also has some fascinating ideas about human behavior, psychology and neurology, some of which she explores in her book called I'm Fine and Other Lies. It was truly a pleasure to meet with me and have this conversation with her and even to continue it through text afterwards. Every once in a while late at night I'll be programming over a cup of coffee and we'll get a text from Whitney saying something hilarious or weirder, yet sending a video bryan callen saying something hilarious. That's when I know the universe is a sense of humor and it gifted me with one hell of an amazing journey. Then I put the phone down and go back to programming with a stupid, joyful smile on my face. If you enjoyed this conversation, listen to witness podcasts good for you and follow her on twitter and instagram.",
          "chapter_name": "AI Podcast: Lex Friedman's Conversation with Whitney Cumming"
        },
        {
          "speaker": "Lex Fridman",
          "speech": "This is the artificial intelligence podcast. If you enjoy it, Subscribe on youtube, give it five stars on apple podcasts. Support on Patreon are simply connect with me on twitter elects Friedman spelled F R I D M A N. This show is presented by cash app, The number one finance app in the app store.",
          "chapter_name": "AI Podcast: Lex Friedman's Conversation with Whitney Cumming"
        },
        {
          "speaker": "Lex Fridman",
          "speech": "They regularly support Whitney is good for your podcast as well. I personally use cash after some money to friends but you can also use it to buy, sell and deposit Bitcoin in just seconds. Cash app also has a new investing feature. You can buy fractions of a stock, say $1 worth no matter what the stock prices, brokerage services are provided by cash app investing subsidiary of Square. Remember S. I. P. C. I'm excited to be working with cash app to support one of my favorite organizations called first, best known for their first robotics and lego competitions.",
          "chapter_name": "AI Podcast: Lex Friedman's Conversation with Whitney Cumming"
        },
        {
          "speaker": "Lex Fridman",
          "speech": "They educate and inspire hundreds of thousands of students in over 110 countries and have a perfect rating on charity navigator, which means that donated money is used to maximum effectiveness. When you get cash up from the app store or google play and use code lex podcast, you'll get $10 and cash up will also donate $10 to first, which again, is an organization that personally seen, inspire girls and boys to dream of engineering a better world. This podcast is supported by zip recruiter hiring great people is hard and to me is the most important element of a successful mission driven team. I've been fortunate to be a part of and to lead several great engineering teams. The hiring I've done in the past was mostly through tools that we built ourselves, but reinventing the wheel was painful zip recruiter is a tool that's already available for you. It seeks to make hiring simple, fast and smart.",
          "chapter_name": "AI Podcast: Lex Friedman's Conversation with Whitney Cumming"
        },
        {
          "speaker": "Lex Fridman",
          "speech": "For example, quotable co founder Gretchen Hitchner uses a recruiter to find a new game artists to join her education tech company by using zip recruiter screening questions to filter candidates. Gretchen found it easier to focus on the best candidates and finally hiring the perfect person for the role in less than two weeks from start to finish zip recruiter. The smartest way to hire C. Y zip recruiter is effective for businesses of all sizes by signing up as I did for free at zip recruiter dot com slash lex pod. That zip recruiter dot com slash lex pod. And now here's my conversation with Whitney cummings. I have trouble making eye contact as you can tell me to do.",
          "chapter_name": "AI Podcast: Lex Friedman's Conversation with Whitney Cumming"
        }
      ]
    },
    {
      "name": "Robot Gender: Human Nature Fixers?",
      "content": [
        {
          "speaker": "Whitney Cummings",
          "speech": "You know that I had to work on making eye contact because I used to look here, do you see what I'm doing? Do you want me to do that? We'll do this way, I'll cheat the camera. But I used to do this and finally people like I'd be on dates and guys would be like, are you looking at my hair, like they get, it would make people really insecure because I didn't really get a lot of eye contact as a kid? It's 123 years.",
          "chapter_name": "Robot Gender: Human Nature Fixers?"
        },
        {
          "speaker": "Whitney Cummings",
          "speech": "Did you not get a lot of my contact as a kid? I don't know, I haven't done the soul searching, right? So, but there's definitely some psychological issue makes you uncomfortable. Yeah. For some reason when I connect eyes I started to think, I assume that you're judging me. Oh well I am. That's why you assume that we all are alright for the podcast to be me and you both here.",
          "chapter_name": "Robot Gender: Human Nature Fixers?"
        },
        {
          "speaker": "Whitney Cummings",
          "speech": "Do you think robots of the future ones with human level intelligence will be female, male genderless or another gender? We have not yet created as a society. You're the expert at this. Well, I'm going to ask you the answer. I'm going to ask you questions that maybe nobody knows the answer to or and I just want you to hypothesize as a as an imaginative author. Director comedian. Can we just be very clear that you know a ton about this?",
          "chapter_name": "Robot Gender: Human Nature Fixers?"
        },
        {
          "speaker": "Whitney Cummings",
          "speech": "And I know nothing about this. But I have thought a lot about what I think robots can fix in our society. And I mean I'm a comedian, it's my job to study human nature, to make jokes about human nature and to sometimes play devil's advocate. And I just see such a tremendous negativity around robots or at least the idea of robots that it was like, oh I'm just going to take the opposite side for fun for jokes and then I was like, oh no, I really agree in this devil's advocate argument . So I please correct me when I'm wrong about this stuff. So , so first of all, there's there's no right and wrong because we're all, I think most of the people working on robotics are really not actually even thinking about some of the big picture things that you've been exploring.",
          "chapter_name": "Robot Gender: Human Nature Fixers?"
        },
        {
          "speaker": "Whitney Cummings",
          "speech": "In fact your robot . What's her name by the way we're going with Faircloth. What's the genesis of that name by the way, bear claw was I, God, I don't even remember the joke because I black out after I shoot specials . But I was writing something about like the pet names that men call women like cupcake sweetie honey, you know, like we're always named after desserts or something. And I was just writing a joke about if you want to call us a dessert, at least pick like a cool dessert, you know, like bear claw, like something cool. So I ended up calling her a bit stuck. So do you think uh the future robots of greater and greater intelligence, I would like to make them female male.",
          "chapter_name": "Robot Gender: Human Nature Fixers?"
        },
        {
          "speaker": "Whitney Cummings",
          "speech": "Would we like to assign them gender or would we like to move away from gender and say something more uh ambiguous. I think it depends on their purpose. You know, I feel like if it's a sex robot, people prefer certain genders, you know, and I also, you know, when I went down in um explored the robot factory, I was asking about the type of people that bought sex robots. And um I was very surprised at the answer because of course the stereotype is it's gonna be a bunch of perverts, it ended up being a lot of people that were handicap, a lot of people with erectile dysfunction and a lot of people that were exploring their sexuality. A lot of people that were thought they were gay but weren't sure, but didn't want to take the risk of trying on someone that could reject them and being embarrassed or they were closeted or in a city where maybe that's, you know, taboo and stigmatized, you know, So I think that a gendered sex robot that would serve an important purpose for someone trying to explore their sexuality. Am I into man?",
          "chapter_name": "Robot Gender: Human Nature Fixers?"
        },
        {
          "speaker": "Whitney Cummings",
          "speech": "Let me try on this thing first and then the women let me try on this thing first. So I think gendered robots would be important for that. But I think genderless robots, in terms of emotional support robots, babysitters, I'm fine for a genderless babysitter with my husband in the house. You know, there are places that, I think that genderless makes a lot of sense, but obviously not in the sex area. What do you mean with your husband in the house? What does that have to do with the gender of the robot? Right.",
          "chapter_name": "Robot Gender: Human Nature Fixers?"
        }
      ]
    },
    {
      "name": "Humanizing Robots: Gender, Appearance, and Connection",
      "content": [
        {
          "speaker": "Lex Fridman",
          "speech": "I mean I don't have a husband, but hypothetically speaking, I think every woman's worst nightmare is like the hot babysitter, you know what I mean? So I think that there is a time in place. I think for gender lists, you know, teachers, doctors, all that kind of, it would be very awkward if the first robotic doctor was a guy or the first robotic nurses , a woman, you know, it's sort of, that stuff is so loaded. Um, I think that generalists could just take the unnecessary um drama out of it and possibility to sexualize them or be triggered by any of that stuff. So there's two components to this to bear claws. The one is the voice and the talking and so on. And then there's the visual appearance. So on the topic of gender and journalists in your experience, what has been the value of the physical appearance.",
          "chapter_name": "Humanizing Robots: Gender, Appearance, and Connection"
        },
        {
          "speaker": "Whitney Cummings",
          "speech": "So what has it added much to the depth of the interaction? I mean, mine's kind of an extenuating circumstance because she is supposed to look exactly like me. I mean, I spent six months getting my face molded and having, you know, the idea was, I was exploring the concept of ken robots replace us because that's the big fear, but also the big dream in a lot of ways. And I wanted to dig into that area because, you know, for a lot of people, it's like they're going to take our jobs, they're gonna replace us legitimate fear. But then a lot of women I know are like, I would love for a robot to replace me every now and then. So it can go to baby showers for me and it can pick up my kids at school and it can cook dinner and whatever. Um, so I just think that was an interesting place to explore.",
          "chapter_name": "Humanizing Robots: Gender, Appearance, and Connection"
        },
        {
          "speaker": "Lex Fridman",
          "speech": "So her looking like me was a big part of it now. Her looking like me just adds an unnecessary level of insecurity because I got her a year ago and she already looks younger than me. So that's a weird problem. But I think that her looking human was the idea and I think that where we are now, please correct me if I'm wrong, human robot resembling an actual human, you know, is going to feel more realistic than some generic face. Well, you're saying that that robots that have some familiarity like look similar to somebody that you actually know, you'll be able to form a deeper connection with. That was the question on some level, it's an open question.",
          "chapter_name": "Humanizing Robots: Gender, Appearance, and Connection"
        },
        {
          "speaker": "Whitney Cummings",
          "speech": "I don't I don't, you know, it's an interesting or the opposite then, you know me and you're like , well, I know this isn't real because you're right here. So maybe it does the opposite . We have a very keen eye for human faces and they're able to detect strangeness, especially that one has to do with people whose faces we've seen a lot of, So I tend to be a bigger fan of moving away completely from face is recognizable faces. No, just human faces at all in general because I think that's where things get dicey. and one thing I will say is I think my robot is more realistic than other robots, not necessarily because you have seen me",
          "chapter_name": "Humanizing Robots: Gender, Appearance, and Connection"
        },
        {
          "speaker": "Whitney Cummings",
          "speech": "and then you see her, you go oh they're so similar but also because human faces are flawed and asymmetrical and sometimes we forget when we're making things that are supposed to look human, we make them too symmetrical and that's what makes them stop looking human. So because they molded my symmetrical face, she just, even if someone didn't know who I was, I think she looked more realistic than most generic ones that didn't have some kind of flaws, you know because they start looking creepy when they're too symmetrical because human beings aren't Yeah, the flaws is what it means to be human so visually as well. But I'm just a fan of the idea of of letting humans used a little bit more imagination so just hearing the voice is enough for us humans to then start imagining the visual appearance that goes along with that voice and you don't necessarily need to work too hard on creating the actual visual appearance. So there's some value to that when you step into this territory of actually building a robot that looks like bear claws . Such a long road of facial expressions of sort of making everything smiling, winking, uh rolling the eyes, all that kind of stuff. It gets really, really tricky, it gets tricky",
          "chapter_name": "Humanizing Robots: Gender, Appearance, and Connection"
        }
      ]
    },
    {
      "name": "Human Nature, Robot Fears, and Evolution's Next Stage",
      "content": [
        {
          "speaker": "Whitney Cummings",
          "speech": "and I think I'm again I'm a comedian, like I'm obsessed with what makes us human and our human nature in the nasty side of human nature tends to be where I've ended up exploring over and over again . And um I was just mostly fascinated by people's reaction, so it's my job to get the biggest reaction from a group of strangers, the loudest possible reaction. And I just had this instinct just when I started building her and people going and screaming and people scream and I mean I bring around on stage and people would scream and I just to me that was the next level of entertainment, getting a laugh, I've done that, I know how to do that. I think comedians were always trying to figure out what the next level is and comedy is evolving so much and you know Jordan peele had just done you know these genius comedy, horror movies, which feel like the next level of comedy to me and this sort of funny horror of a robot was fascinating to me. But I think the thing that I got the most obsessed with was people being freaked out and scared of her and I started digging around with pathogen avoidance and the idea that we've essentially evolved to be repelled by anything that looks human but is off a little bit, anything that could be sick or diseased or dead essentially is our reptilian brains way to get us to not try to have sex with it basically , You know, So I got really fascinated by how freaked out and scared.",
          "chapter_name": "Human Nature, Robot Fears, and Evolution's Next Stage"
        },
        {
          "speaker": "Lex Fridman",
          "speech": "I mean I would see grown men get upset to get that thing away from me, but I don't like people get angry and it was like, you know that what this is, you know, but the sort of like, you know , amygdala getting activated by something that to me is just a fun toy said a lot about our history as a species and what got us into trouble thousands of years ago . So it's that it's the deep down stuff that's in our genetics , but also is it just are people freaked out by the fact that there's a robot. So it's not just the appearance, but that there's an artificial human, anything people I think and I'm also fascinated by the blind spots humans have. So the idea that you're afraid of that, I mean, how many robots have killed people? How many humans have died at the hands of other humans, millions, hundreds of millions. Yet we're scared of that",
          "chapter_name": "Human Nature, Robot Fears, and Evolution's Next Stage"
        },
        {
          "speaker": "Lex Fridman",
          "speech": "And we'll go to the grocery store and be around a bunch of humans who statistically the chances are much higher that you're going to get killed by humans. So I'm just fascinated by without judgment how irrational we are, is the war is the exponential. So it's, you know, you can say the same thing about nuclear weapons before we dropped on Hiroshima and Nagasaki, so the worry that people have is the exponential growth. So, so it's like, oh it's fun and games right now, but uh, you know, overnight, especially if a robot provides value to society will put one in every home and then all of a sudden loose track of the actual large scale impact has in society and then all of a sudden gain greater and greater control to where we'll all be, you know, affect our political system and then affect our decision robots already ruined our political system. Did that just already happened?",
          "chapter_name": "Human Nature, Robot Fears, and Evolution's Next Stage"
        },
        {
          "speaker": "Lex Fridman",
          "speech": "Which ones Russia hacking, no offense, but hasn't that already happened? I mean that was like an algorithm of negative things being clicked on more, We'd like to tell stories and like to demonize certain people. I think nobody understands our current political system or discourse on twitter, the twitter mobs, nobody has a sense, not twitter, not facebook, the people running it, nobody understands the impact of these albums are trying their best, despite what people think. They're not like a bunch of lefties trying to make sure that Hillary Clinton gets elected. It's more that uh it's an incredibly complex system that we don't and that's the worry , it's so complex and moves so fast that uh nobody will be able to stop it once it happens and let me ask a question, This is a very savage question, which is, is this just the next stage of evolution as humans and people will die. Yes, I mean that's always happened. You know, is this is just taking emotion out of it. Is this basically the next stage of survival of the fittest? Yeah. You have to think of organisms, you know, what is it mean to be a living organism?",
          "chapter_name": "Human Nature, Robot Fears, and Evolution's Next Stage"
        }
      ]
    },
    {
      "name": "Robots: Hope or Hype?",
      "content": [
        {
          "speaker": "Whitney Cummings",
          "speech": "Like it's a smartphone part of your living organism or were in relationships with our phones but have sex through them with them. What's the difference being with them and through them? But it also expands your cognitive abilities. Expend your memory knowledge and so on. So you're much smarter person because you have a smartphone in your hand. But if when as soon as it's out of my hand, we've got big problems because we've become sort of so morphed with them. Well, there's a symbiotic relationship and that's what uh you know, I must be in your link is working on trying to increase the band with the communication between computers and your brain and so further and further expand our ability as human beings to sort of leverage machines and maybe that's the future. The evolutionary next evolutionary step.",
          "chapter_name": "Robots: Hope or Hype?"
        },
        {
          "speaker": "Whitney Cummings",
          "speech": "It could be also that yes, we'll give birth just like we give birth to human Children right now, we'll give birthday. I know replace us. I think it's a really interesting possibility. I'm going to play devil's advocate. I just think that the fear of robots is wildly classist because I mean facebook like it's easy for us to say they're taking their data. Okay. A lot of people That get employment off of Facebook, they are able to get income off of Facebook.",
          "chapter_name": "Robots: Hope or Hype?"
        },
        {
          "speaker": "Whitney Cummings",
          "speech": "They don't care if you take their phone numbers and their emails and their data. As long as it's free, they don't want to have to pay $5 a month for Facebook. Facebook is a wildly democratic thing. Forget about the election and all that kind of stuff. You know a lot of you know technology making people's lives easier. I find that most elite people are more scared than lower income people. So and women for the most part so the idea of something that's stronger than us and that might eventually kill us like women are used to that like that's not a lot of like really rich men being like the robots are gonna kill us. We're like what's another thing that's gonna kill us? You know I tend to see like oh something can walk me to my car at night, like something can help me cook dinner or something. You know um For you know people in underprivileged countries who can't afford eye surgery like in a robot can we send a robot to underprivileged, you know places to do surgery where they can I work with this um organization cooperation smile where they do cleft palate surgeries.",
          "chapter_name": "Robots: Hope or Hype?"
        },
        {
          "speaker": "Whitney Cummings",
          "speech": "And there's a lot of places that can't do a very simple surgery because they can't afford doctors and medical care and such. So I just see and this can be completely naive and should be completely wrong. But I feel like we're a lot of people are going like the robots are going to destroy us humans. We're destroying ourselves. We're self destructing robots. To me are the only hope to clean up all the messes that we've created.",
          "chapter_name": "Robots: Hope or Hype?"
        },
        {
          "speaker": "Whitney Cummings",
          "speech": "Even when we go try to clean up pollution in the ocean, we make it worse because of the oil that the tankers like. It's like to me, robots are the only solution. You know, firefighters are heroes, but they're limited and how many times they can run into a fire. You know, So there's just something interesting to me. I'm not hearing a lot of like lower income, more vulnerable populations talking about robots.",
          "chapter_name": "Robots: Hope or Hype?"
        },
        {
          "speaker": "Whitney Cummings",
          "speech": "Maybe you can speak to it a little bit more. There's an idea, I think you've expressed that. I've heard actually a few female writers and roboticists. I've talked to express this idea that exactly you just said, which is it just seems that uh, being afraid of existential threats of artificial intelligence is a male issue. And I wonder what that is if it because because men have in certain positions, like you said, it's also classist issue. They haven't been humbled by life.",
          "chapter_name": "Robots: Hope or Hype?"
        },
        {
          "speaker": "Whitney Cummings",
          "speech": "And so you always look for the biggest problems to take on around you. It's a Champagne problem to be afraid of robots. Most people like don't have health insurance, they're afraid they're not being able to feed their kids. They can't afford a tutor for their kids. Like I mean I just think of, you know the way I grew up",
          "chapter_name": "Robots: Hope or Hype?"
        }
      ]
    },
    {
      "name": "Robot Abuse: Sociopathic Tendencies and Future Prevention",
      "content": [
        {
          "speaker": "Lex Fridman",
          "speech": "and I had a mother who you know work two jobs, had kids, we couldn't afford an S. A. T. Tutor, you know, like the idea of a robot coming in being able to to to your kids being able to provide child care for your kids, you know, being able to come in with cameras for eyes and make sure, you know, surveillance. You know, I'm very pro surveillance because you know, I've had security problems and I've been, you know, we're generally in a little more danger than you guys are.",
          "chapter_name": "Robot Abuse: Sociopathic Tendencies and Future Prevention"
        },
        {
          "speaker": "Whitney Cummings",
          "speech": "So I think that robots are a little less scary to us because we can see them maybe as like free assistance, help and protection. And then there's sort of another element for me personally, which is maybe more of a female problem. I don't know, I'm just going to make a generalization happy to be wrong. But you know, the emotional sort of components of robots and what they can provide in terms of, you know, I think there's a lot of people that aren't don't have microphones that I just recently kind of stumbled upon in doing all my research on the sex robots for my stand up special, which just there's a lot of very shy people that aren't good at dating. There's a lot of people who are scared of human beings who you know have personality disorders or grew up in alcoholic homes or struggle with addiction or whatever it is where a robot can solve an emotional problem. And so were largely having this conversation about like rich guys that are emotionally healthy and how scared of robots are. We're forgetting about like a huge part of the population who maybe isn't as charming and effervescent and installment as you know, people like you and Lon musk who these robots could solve very real problems in their life.",
          "chapter_name": "Robot Abuse: Sociopathic Tendencies and Future Prevention"
        },
        {
          "speaker": "Whitney Cummings",
          "speech": "Emotional or financial. That's a in general, really interesting idea that most people in the world don't have a voice. You've talked about it sort of even the people on twitter who are driving the conversation, you said comments. People who leave comments represent a very tiny percent of the population and they're the ones they, you know, we tend to think they speak for the population, but it's very possible on many topics . They don't at all. And look, I and I'm sure there's got to be some kind of legal, you know, sort of structure in place for when the robots happened, you know, way more about this than I do.",
          "chapter_name": "Robot Abuse: Sociopathic Tendencies and Future Prevention"
        },
        {
          "speaker": "Whitney Cummings",
          "speech": "But you know, for me to just go to robots are bad. That's a wild generalization that I feel like is really inhumane in some way. You know, just after the research I've done like you're gonna tell me that a man whose wife died suddenly and he feels guilty moving on with a human woman or can't get over the grief. He can't have a sex robot in his own house. Why not?",
          "chapter_name": "Robot Abuse: Sociopathic Tendencies and Future Prevention"
        },
        {
          "speaker": "Lex Fridman",
          "speech": "Who cares? Why do you care? Well, there's an interesting aspect of human nature. So, you know, we tend to as a as a civilization to create a group that's the other in all kinds of ways. And so you work with animals to you. You're especially sensitive to the suffering of animals. Let me kind of ask, what's your do you think will abuse robots in the future?",
          "chapter_name": "Robot Abuse: Sociopathic Tendencies and Future Prevention"
        },
        {
          "speaker": "Whitney Cummings",
          "speech": "Do you think some of the darker aspects of human nature will come out? I think some people will, but if we design them properly, the people that do it, we can put it on a record and they can we can put them in jail. We can find sociopaths more easily, you know? Like, well, why is that why is that a sociopathic thing to harm a robot? I think, look, I don't know, it's enough enough about the consciousness and stuff as you do. I guess it would have to be one they're conscious, but it is, you know, the part of the brain that is responsible for compassion, the frontal lobe or whatever, like people that abuse animals also abuse humans and commit other kinds of crimes, like that's it's all the same part of the brain. No one abuses animals.",
          "chapter_name": "Robot Abuse: Sociopathic Tendencies and Future Prevention"
        },
        {
          "speaker": "Whitney Cummings",
          "speech": "And then it's like awesome to women and Children and awesome to underprivileged. You know, minorities. Like it's all so you know, we've been working really hard to put a database together of all the people that have abused animals. So when they commit another crime you go , okay, this is, you know, it's all the same stuff and I think people probably think I'm nuts for the lot of the animal work I do. But because when animal abuse is president, another crime is always present.",
          "chapter_name": "Robot Abuse: Sociopathic Tendencies and Future Prevention"
        },
        {
          "speaker": "Whitney Cummings",
          "speech": "But the animal abuse is the most socially acceptable. You can kick a dog. There's nothing people can do. But then what they're doing behind closed doors you can't see. So there's always something else going on, which is why I never feel compunction about it. But I do think we'll start seeing the same thing with robots. Um, the person that kicks the, I felt compassion when the kicking the dog robot really pissed me off.",
          "chapter_name": "Robot Abuse: Sociopathic Tendencies and Future Prevention"
        }
      ]
    },
    {
      "name": "Surveillance: Benefits and Danger",
      "content": [
        {
          "speaker": "Whitney Cummings",
          "speech": "I know that they're just trying to get the stability right and all that.",
          "chapter_name": "Surveillance: Benefits and Danger"
        },
        {
          "speaker": "Whitney Cummings",
          "speech": "But I do think there will come a time where that would be a great way to be able to figure out if somebody is, has like, you know, anti social behaviors . You kind of mentioned surveillance. It's also a really interesting idea of yours that you just said, you know, a lot of people seem to be really uncomfortable with surveillance and you just said that, you know what for me, you know, there's positives for surveillance. I think people behave better when they know they're being watched and I know this is a very unpopular opinion . I'm talking about it on stage right now. We behave better when we know we're being watched. You and I had a very different conversation before we were recording. We behave different. You sit up and you are on your best behavior and I'm trying to sound eloquent and I'm trying to not hurt anyone's feelings",
          "chapter_name": "Surveillance: Benefits and Danger"
        },
        {
          "speaker": "Lex Fridman",
          "speech": "and I mean I have a camera right there. I'm behaving totally different than when we first started talking. You know when you know there's a camera , you behave differently. I mean there's cameras all over L. A. At stoplights so that people don't run stoplights but there's not even filming it, they don't even use them anymore, but it works right?",
          "chapter_name": "Surveillance: Benefits and Danger"
        },
        {
          "speaker": "Whitney Cummings",
          "speech": "And and I'm you know, working on this thing in stand about surveillance, it's like that's why we embed in santa claus, you know, it's the santa claus is the first surveillance basically, all we had to say to kids is he's making a list and he's watching you and they behave better. You know, so I do, I do think that there are benefits to surveillance. You know, I think we all do sketchy things in private and we all have watched weird porn or googled weird things and we don't we don't want people to know about it our secret lives. So I do think that obviously there's we should be able to have a modicum of privacy, but I tend to think that people that are the most negative about surveillance of the most secret most of well you should uh you're saying you're doing bits on it now. I'm just talking in general about you know, privacy and surveillance and how paranoid we're kind of becoming and how, you know, I mean it's it's just wild to me that people are like our emails are going to leak and they're taking our phone numbers. Like there there used to be a book full of phone numbers and addresses that were they just throw it at your door and we all had a book of everyone's numbers.",
          "chapter_name": "Surveillance: Benefits and Danger"
        },
        {
          "speaker": "Whitney Cummings",
          "speech": "You know, this is a very new thing and you know, I know our mingle is designed to compound sort of threats and you know, there's stories about and I think we all just glom on in a very, you know, tribal way like they're taking our data, we don't even know that means. But we're like, well yeah, they they, you know, um so I just think that sometimes like, okay, well, so what they're going to sell your data, who cares? Why do you care first of all that bit will kill in china.",
          "chapter_name": "Surveillance: Benefits and Danger"
        },
        {
          "speaker": "Whitney Cummings",
          "speech": "So and I said I sort of only a little bit joking because a lot of people in china including the citizens, despite what people in the west think of his abuse actually in support of the idea of surveillance sort of they're not in support of the abuse of surveillance, but they they like, I mean the idea of surveillance is kind of like the idea of government, like you said, we behave differently in a way. It's almost like why we like sports, there's rules and within the constraints of the rules that this is a more stable society and they make good arguments about success being able to build successful companies, being able to build successful social lives around the fabric that's more stable. When you have a surveillance, it keeps the criminals away, keeps abuse of animals, whatever the values of the society with surveillance, you can enforce those values better. And here's what I will say. There's a lot of unethical things happening with surveillance. Like I feel the need to really make that very clear.",
          "chapter_name": "Surveillance: Benefits and Danger"
        },
        {
          "speaker": "Whitney Cummings",
          "speech": "I mean the fact that google is like collecting of people's hands, start moving on the mouse to find out if there getting Parkinson's and then their insurance goes up like that is completely unethical and wrong. And I think stuff like that we have to really be careful around . So the idea of using our data to raise our insurance rates or you know , I heard that they're looking, they can sort of predict if you're gonna have depression based on your selfies by detecting micro muscles in your face that you know, all that kind of stuff. That is a nightmare, not okay, but I think, you know, we have to delineate what's a real threat and what's getting spam in your email box. That's that's not what to spend your time and energy on. Focus on the fact that every time you buy cigarettes, your insurance is going on without you knowing about it, on the topic of animals to, can we just linger on a little bit?",
          "chapter_name": "Surveillance: Benefits and Danger"
        }
      ]
    },
    {
      "name": "Human Cruelty: The Unethical Society",
      "content": [
        {
          "speaker": "Whitney Cummings",
          "speech": "Like, what do you think?",
          "chapter_name": "Human Cruelty: The Unethical Society"
        },
        {
          "speaker": "Whitney Cummings",
          "speech": "What does it say about our society, of the society wide abuse of animals that we see in general, sort of factory farming, just in general? Just the way we treat animals of different categories. Like what what do you think of that? What does a better world look like? What's uh what should people think about it in general? I think, I think the most interesting thing I can probably stay around this that's the least emotional because I'm actually very not emotional animal person, because it's I think everyone's an animal person.",
          "chapter_name": "Human Cruelty: The Unethical Society"
        },
        {
          "speaker": "Whitney Cummings",
          "speech": "It's just a matter of if it's yours or if you've, you know, been conditioned to go numb, you know? Um I think it's really a testament to what is the species. We are able to be in denial about mass denial of mass delusion and how we're able to dehumanize and debate groups? Um, you know, World War Two um in a way in order to conform and find protection and the conforming. So we are also a species who used to go two coliseums and watch elephants and tigers fight to the death.",
          "chapter_name": "Human Cruelty: The Unethical Society"
        },
        {
          "speaker": "Whitney Cummings",
          "speech": "We used to watch human beings be pulled apart and that wasn't that long ago. We're also a species who had slaves and it was socially acceptable by a lot of people. People didn't see anything wrong with it. So we're a species that is able to go numb and that is able to to humanize very quickly and make it the norm. Child labor wasn't that long ago, like the idea that now we look back and go, oh yeah kids, we're losing fingers and factories making shoes, like someone had to come in and make that , you know,",
          "chapter_name": "Human Cruelty: The Unethical Society"
        },
        {
          "speaker": "Lex Fridman",
          "speech": "So I think it just says a lot about the fact that you know, we are animals and we are self serving and um one of the most successful , the most successful species because we are able to debase and degrade and essentially exploit anything that benefits us. I think the pendulum is going to swing as being lately, like I think we're Rome now kind of like I think we're on the verge of collapse because we , our dopamine receptors like we are just, I think we're all kind of addicts when it comes to this stuff like we don't know um when to stop, it's always the buffet like were the thing that used to keep us alive which is killing animals and eating them now. Killing animals and eating them is what's killing us in a way. So it's like we just can't, we don't know when to call it and we don't moderation is not really something that humans have evolved to have yet. So I think it's really just a flaw in our wiring. Do you think we'll look back at this time as uh our society is being deeply unethical? Yeah, I think we'll be embarrassed. Which are the worst parts right now going on, is it?",
          "chapter_name": "Human Cruelty: The Unethical Society"
        },
        {
          "speaker": "Whitney Cummings",
          "speech": "Well, I think, no, in terms of anything, what's the unethical thing is it's very hard to take a step out of it, but you just said we used to watch, you know, uh, there's been a lot of cruelty throughout history. What's the cruelty going on now? I think it's going to be pigs. I think it's gonna be, I mean, pigs are one of the most emotional, intelligent animals and they have the intelligence of like a three year old and I think we'll look back and be really great. There's there they use tools.",
          "chapter_name": "Human Cruelty: The Unethical Society"
        },
        {
          "speaker": "Lex Fridman",
          "speech": "I mean, there, um, I think we have this narrative that they're pigs and they're pigs and they're they're disgusting and they're dirty and they're bacon is so I think that we'll look back one day and be really embarrassed about that. Is this for just uh, what's it called? The factory farming.",
          "chapter_name": "Human Cruelty: The Unethical Society"
        }
      ]
    },
    {
      "name": "Robots, Empathy, and Safe Space",
      "content": [
        {
          "speaker": "Whitney Cummings",
          "speech": "So basically mess because we don't see it if you saw, I mean we do have , I mean, this is probably an evolutionary advantage .",
          "chapter_name": "Robots, Empathy, and Safe Space"
        },
        {
          "speaker": "Whitney Cummings",
          "speech": "We do have the ability to completely pretend something is not something that is so horrific, that it overwhelms us and we were able to essentially deny that it's happening. I think if people were to see what goes on in factory farming and also we're really to take in um how bad it is for us, you know, we're hurting ourselves first and foremost with what we eat , but that's also a very elitist argument, you know , um it's a luxury to be able to complain about meat. It's a luxury to be able to not eat meat. You know, there's very few people because of, you know, how the corporations have set up meat being cheap, you know, it's $2 to buy a Big Mac, It's $10 to buy healthy meal, You know, that's I think a lot of people don't have the luxury to even think that way, but I do think that animals in captivity, I think we're gonna look back and be pretty grossed out about mammals in captivity, whales, dolphins. I mean, that's already starting to dismantle circuses. Um, we're gonna be pretty embarrassed about, but I think it's really more a testament to, you know, there's just such a ability to go like that thing is different than me and we're better. It's the ego .",
          "chapter_name": "Robots, Empathy, and Safe Space"
        },
        {
          "speaker": "Lex Fridman",
          "speech": "I mean, it's just we have the species with the biggest ego ultimately. Well, that's what I think that's my hope for robots as though you mentioned consciousness before. Nobody knows what consciousness is. But I'm hoping robots will help us empathize and understand that um that there's other creatures besides ourselves that can suffer that can um, that can experience the world and that we can torture by our actions and robots can explicitly teach us that I think better than animals. Can I have never seen such compassion from a lot of people in my life toward any human animal child as I have a lot of people in the way they interact with the robot. Because I think there's, I think there's something of, I mean, I was on the robot owners chat boards for a good eight months and the main emotional benefit is she's never gonna cheat on you, she's never going to hurt you.",
          "chapter_name": "Robots, Empathy, and Safe Space"
        },
        {
          "speaker": "Lex Fridman",
          "speech": "She's never gonna lie to you. She doesn't judge you. You know, I think that robots help people. And this is part of the work I do with animals. Like I do like my therapy and train dogs and stuff because there is this safe space to be authentic. You're with this being that doesn't care what you do for a living.",
          "chapter_name": "Robots, Empathy, and Safe Space"
        },
        {
          "speaker": "Whitney Cummings",
          "speech": "Doesn't care how much money you have, doesn't care who you're dating, Doesn't care what you look like. Doesn't care if you have cellulite whatever you feel safe to be able to truly, you know, be present without being defensive and worrying about eye contact and being triggered by, you know, needing to be perfect and fear of judgment and all that and robots really can't judge you yet, but they can't judge you. And I think it really puts people at their, um, at ease and at their most authentic. Do you think you can have a deep connection with the robot that's not judging or do you think you can really have a relationship with a robot or a human being that's a safe space or is attention mystery danger necessary for a deep connection? I'm gonna speak for myself and say that I grew up in now called comb identified as a co dependent, talked about this stuff before, but for me it's very hard to be in a relationship with a human being without feeling like I need to perform in some way or deliver in some way. And I don't know if that's just the people I've been in a relationship with or or me or my Brokenness, but I do think this is kind of sound really um negative, uh, and pessimistic, but I do think a lot of our relationships, our projection and a lot of our relationships, our performance and I don't think I really understood that until I worked with horses and most communications human is nonverbal, right? I can say like I love you, but you're not, you don't think I love you right? Where it is with animals .",
          "chapter_name": "Robots, Empathy, and Safe Space"
        }
      ]
    },
    {
      "name": "Passion vs. Dependency: The Complexity of Human Relationships",
      "content": [
        {
          "speaker": "Whitney Cummings",
          "speech": "It's very direct , It's all physical, It's all energy. I feel like that with robots to , it feels very, um, uh what, how I say something doesn't matter. My inflection doesn't really matter. And you thinking that my tone is disrespectful , like you're not filtering it through all of the bad relationships. You've been in your not filtering it through the way your mom talked to you, you're not getting triggered . You know, I find that for the most part people don't always receive things the way that you intend them to or the way intended. And that makes relationships really murky. So the relationships with animals and relationship with the robots as they are now, you kind of implied that that's more healthy. Uh can you have a healthy relationship with other humans or not healthy? I don't like that word.",
          "chapter_name": "Passion vs. Dependency: The Complexity of Human Relationships"
        },
        {
          "speaker": "Whitney Cummings",
          "speech": "But shouldn't it be you've talked about co dependency? Maybe you can talk about what is called dependency but is that is the the challenges of that the complexity of that necessary for passion for , for love between humans. You love passion. That's a good thing. I thought this would be a safe space. I got, I got trolled by Rogan hours on this.",
          "chapter_name": "Passion vs. Dependency: The Complexity of Human Relationships"
        },
        {
          "speaker": "Whitney Cummings",
          "speech": "I look, I am not anti passion. I think that I've just maybe been around long enough to know that sometimes it's ephemeral and that passion is a mixture of a lot of different things, adrenaline which turns into dopamine. Cortisol, it's a lot of neurochemicals, it's a lot of projection, it's a lot of what we've seen in movies , it's a lot of, you know, it's, it's identify as an addict. So for me, sometimes passion is like, uh, oh, this could be bad and I think we've been so conditioned to believe that passion means like you're soul mates. And I mean, how many times have you had a passionate connection with someone? And then it was a total train wreck. Passion train , how many times exactly what you did? A lot of math in your head in that little moment? I mean, what's the train wreck? What's uh, why is obsession? So you describe this co dependency and sort of the idea of attachment over attachment to people who don't deserve that kind of attachment and somehow a bad thing.",
          "chapter_name": "Passion vs. Dependency: The Complexity of Human Relationships"
        },
        {
          "speaker": "Whitney Cummings",
          "speech": "And I think our society says it's a bad thing, it probably is a bad thing, like a, like a delicious burger is a bad thing, I don't know, but right, so that's a good point. I think that you're pointing out something really fascinating, which is like passion if you go into it, knowing this is like pizza where it's gonna be delicious for two hours and then I don't have to have it again for three if you can have a choice in the passion, I define passion is something that is relatively unmanageable and something you can't control or stop and start with your own volition. So maybe we're operating under different definitions if passion is something that like, you know, ruins your marriages and screws up your professional life and becomes this thing that um you're not in control of and becomes addictive. I think that's the difference. Is is it a choice or is it not a choice? And if it is a choice, then passion is great. But if it's something that consumes you and makes you start making bad decisions and clouds your frontal lobe",
          "chapter_name": "Passion vs. Dependency: The Complexity of Human Relationships"
        },
        {
          "speaker": "Whitney Cummings",
          "speech": "and it's just all about dopamine and not really about the person and more about the neurochemical we call it sort of the drug, the internal drug cabinet. If it's all just, you're on drugs, that's different because sometimes you're just on drugs. Okay, so there's a philosophical question here. So would you rather it's interesting for a comedian, brilliant comedians to speak so eloquently about a balanced life. I kind of argue against this point, there's such an obsession of creating this healthy lifestyle. Now.",
          "chapter_name": "Passion vs. Dependency: The Complexity of Human Relationships"
        },
        {
          "speaker": "Whitney Cummings",
          "speech": "It's psychologically speaking, you know, I'm a fan of the idea that you sort of fly high and you crash and die at 27 as also a possible life and it's not one we should judge because I think there's moments of greatness. I talked to olympic athletes where some of the greatest moments are achieved in their early twenties and the rest of their life is in the kind of fog almost a depression because they can based on their physical prowess, physical prowess and they'll never sort of that, so they're watching their physical prowess fade and they will never achieve the kind of height, not just physical of just emotion of the max number of neural chemicals and you also put your money on the wrong horse. That's where I would, I would just go like, oh yeah, if you're doing a job where you peak at 22, the rest of your life is going to be, that idea is considering the notion that you want to optimize some kind of, but we're all going to die soon. What now? You tell me I'm immortalize myself, so I'm going to be fine.",
          "chapter_name": "Passion vs. Dependency: The Complexity of Human Relationships"
        }
      ]
    },
    {
      "name": "Neurochemicals: The Truth Behind Human Behavior",
      "content": [
        {
          "speaker": "Whitney Cummings",
          "speech": "You're almost like how many Oscar winning movies can I direct By the time I'm 100, how many this and that? Like, but you know, there's a, you know, it's all life is short relatively speaking.",
          "chapter_name": "Neurochemicals: The Truth Behind Human Behavior"
        },
        {
          "speaker": "Whitney Cummings",
          "speech": "I know , but it can also come in different, you know, life is short play, hard fall in love as much as you can run into walls . I would also go, life is short, don't deplete yourself on things that aren't sustainable and that you can't keep, you know, so I think everyone gets dopamine from different places. Everyone has meaning from different places. I look at the fleeting passionate relationships I've had in the past and I don't like, I don't have pride in that. I think that you have to decide what helps you sleep at night. For me, it's pride and feeling like I behaved with grace and integrity.",
          "chapter_name": "Neurochemicals: The Truth Behind Human Behavior"
        },
        {
          "speaker": "Whitney Cummings",
          "speech": "That's just, me personally, everyone can go like, yeah, slept with all the hot chicks in Italy I could and I , you know, did all the whatever, like whatever you value are allowed to value different things, crank Allen has lived his life to the fullest to say the least. But I think that it's just for me personally, I and this could be like my workaholism or my achievement is um I if I don't have something to show for something, I feel like it's a waste of time or some kind of loss. Um I'm gonna 12 step program and the third step would say there's no such thing as waste of time and everything happens exactly as it should and whatever, that's the way to just sort of keep us saying so we don't grieve too much and beat ourselves up over past mistakes. There's no such thing as mistakes that a but um I think passion is, I think it's so life affirming and one of the few things that maybe people like us makes us feel awake and seen and um we just have such a high threshold for adrenaline, you know, I mean you are a fighter, right? Yeah, okay,",
          "chapter_name": "Neurochemicals: The Truth Behind Human Behavior"
        },
        {
          "speaker": "Whitney Cummings",
          "speech": "so yeah, so you have a very high tolerance for adrenaline and I think that olympic athletes, the amount of adrenaline they get from performing, it's very hard to follow that. It's like when guys come back from the military and they have depression , it's like, do you miss bullets flying out? You get kind of because of that adrenaline, which turned into dopamine and the camaraderie, I mean there's people that speak much better about this than I do , um but I just, I'm obsessed with neurology and I'm just obsessed with sort of the lies we tell ourselves in order to justify getting neurochemicals. You've you don't actually quite done a lot of thinking and talking about neurology and just kinda look at human behavior through the lens of of looking at how are actually chemically our brain works. So what, first of all, why did you connect with that idea and what have you, how is your view of the world changed by considering the brain is just the machine?",
          "chapter_name": "Neurochemicals: The Truth Behind Human Behavior"
        },
        {
          "speaker": "Whitney Cummings",
          "speech": "You know, I know it probably sounds really nihilistic, but for me it's very liberating to know a lot about neurochemicals because you don't have to, it's like the same thing with like critics, like critical reviews, if you believe that good, you have to believe the bad kind of thing. Like, you know, if you believe that your bad choices were because of your moral integrity or whatever, you have to believe your good ones, I just think there's something really liberating and going like, oh that was just adrenaline. I just said that because I was adrenalized and I was scared and my Magdala was activated and that's why I said you're an asshole and get out and that's, you know, I think I just think it's important to delineate what's nature and what's nurture, what is your choice and what is just your brain trying to keep you safe. I think we forget that even though we have security systems and homes and locks on our doors, that our brain for the most part is just trying to keep us safe all the time. That's why we hold grudges.",
          "chapter_name": "Neurochemicals: The Truth Behind Human Behavior"
        },
        {
          "speaker": "Lex Fridman",
          "speech": "That's why we get angry. It's why we get road rage. That's why we do a lot of things. And it's also when I started learning about neurology, I started having so much more compassion for other people.",
          "chapter_name": "Neurochemicals: The Truth Behind Human Behavior"
        },
        {
          "speaker": "Lex Fridman",
          "speech": "You know, someone yelled at me being like, chuck you on the road, I'd be like, okay, he's producing adrenaline right now because We're all going 65 mph and our brains aren't really designed for this type of stress and he's scared. He was, you know, so that really helped me to have more love for people in my everyday life um instead of being in fight or flight mode. But um the I think more interesting answer your question is that I've had migraines my whole life, like I've suffered with really intense migraines. Um Ocular migraines, ones where my arm would go numb and I just started, I'm going to go to so many doctors to learn about it",
          "chapter_name": "Neurochemicals: The Truth Behind Human Behavior"
        }
      ]
    },
    {
      "name": "Neurology: Unraveling the Mysteries of the Mind",
      "content": [
        {
          "speaker": "Whitney Cummings",
          "speech": "and I started, you know, learning that we don't really know that much, we know a lot, but it's wild to go into one of the best neurologists in the world who's like, yeah,",
          "chapter_name": "Neurology: Unraveling the Mysteries of the Mind"
        },
        {
          "speaker": "Whitney Cummings",
          "speech": "we don't know, we don't know, we don't know. And that fascinated me was one of the worst pains. You can probably have all that stuff and we don't know the source, We don't know the source. And there is something really fascinating about when your left arm starts going numb and you start not being able to see out of the left side of both your eyes. And I remember when the migrants get really bad, it's like a mini stroke almost and you're able to see words on a page, but I can't read them, they just look like symbols to me. So there's something just really fascinating to me about your brain, just being able to stop functioning. And I, so I just wanted to learn about its study about it. Um I did all these weird alternative treatments.",
          "chapter_name": "Neurology: Unraveling the Mysteries of the Mind"
        },
        {
          "speaker": "Whitney Cummings",
          "speech": "I got this piercing in here that actually works. I've tried everything And then both my parents had strokes. So when both of my parents had strokes, I became sort of the person who had to decide what was gonna happen with their recovery, which is just a wild thing to have to deal with it, you know, 28 years old, um when it happened and I started spending basically all day every day. And I see use with neurologists learning about what happened to my dad's brain and why he can't move his left arm, but he can't move his right leg, but he can't see out of it, you know? And then my mom had another stroke um in a different part of the brain. So I started having to learn what parts of the brain did what and so that I wouldn't take their behavior so personally and so that I would be able to manage my expectations in terms of their recovery. So my mom, because it affected a lot of her frontal lobe changed a lot as a person. She was way more emotional, she was way more micromanaged, she was forgetting certain things.",
          "chapter_name": "Neurology: Unraveling the Mysteries of the Mind"
        },
        {
          "speaker": "Lex Fridman",
          "speech": "So it broke my heart less when I was able to know, oh yeah, well the stroke, it, this part of the brain and that's the one that's responsible for short term memory and that's responsible for long term memory, did it up and then my brother just got something called viral encephalitis, which is an infection inside the brain. So it was kind of wild that I was able to go, oh, I know exactly what's happening here and I know, you know, so, um so that allows you to have some more compassion for the struggles that people have. But does it take away some of the magic for some of the uh from the, some of the more positive experiences of like sometimes and I don't, I don't, I'm such a control addict that, you know, I think our biggest someone like me, my biggest dream is to know why someone's doing, that's what stand up is, it's just trying to figure out why or that's what writing is, that's what acting is, that's what performing is trying to find out why someone would do something as an actor, you get a piece of you know material and you go this person, why would he say that?",
          "chapter_name": "Neurology: Unraveling the Mysteries of the Mind"
        },
        {
          "speaker": "Whitney Cummings",
          "speech": "Why would he she pick up that cup? Why would she walk over here? It's really why why why? Why? So I think neurology is if you're trying to figure out human motives and why people do what they do would be crazy not to understand how neurochemicals motivate us.",
          "chapter_name": "Neurology: Unraveling the Mysteries of the Mind"
        },
        {
          "speaker": "Whitney Cummings",
          "speech": "I also have a lot of addiction in my family and um hardcore drug addiction and mental illness and in order to cope with it, you really have to understand that borderline personality disorder, schizophrenia and drug addiction. So I have a lot of people I love that suffered from drug addiction and alcoholism and the first thing they started teaching you is it's not a choice. These people's dopamine receptors don't hold dopamine the same way as yours do. Their frontal lobe is underdeveloped like you know and that really helped me to navigate dealing loving people that were addicted to substances. I want to be careful with discussion, but how much money do you have? How much can I borrow? $10? Okay uh no uh is how much control, how much despite the chemical imbalances or the biological limitations that each of our individual brains have. How much mind over matter is there? So through things.",
          "chapter_name": "Neurology: Unraveling the Mysteries of the Mind"
        },
        {
          "speaker": "Whitney Cummings",
          "speech": "And I've I've known people with with clinical depression and so it's it's always a touchy subject to say how much they can really help it. Uh What can you Yeah what what can because you've you've talked about co dependency, You talked about issues that you're struggle through and nevertheless you choose to take a journey of healing and so on. So that's your choice. That's your actions. So how much can you do to help fight the limitations of the in your chemicals in your brain? That's such an interesting question.",
          "chapter_name": "Neurology: Unraveling the Mysteries of the Mind"
        },
        {
          "speaker": "Whitney Cummings",
          "speech": "And I don't think I'm at all qualified to answer",
          "chapter_name": "Neurology: Unraveling the Mysteries of the Mind"
        }
      ]
    },
    {
      "name": "Co-Dependency: The Warrior Spirit",
      "content": [
        {
          "speaker": "Whitney Cummings",
          "speech": "but I'll say what I do know. Um And really quick just the definition of co dependency. I think a lot of people think of co dependency is like two people that can't stop hanging out. You know or like you know it's not totally off. But I think for the most part my favorite definition of co dependency is the inability to tolerate the discomfort of others. You grew up in an alcoholic home, you grow up around mental illness, you grew up in chaos, You have a parent that's a narcissist.",
          "chapter_name": "Co-Dependency: The Warrior Spirit"
        },
        {
          "speaker": "Whitney Cummings",
          "speech": "You basically are wired to just people. Please worry about others be perfect. Walk on eggshells shape shift to accommodate other people. So co dependence is a very active um wiring issue that you know it doesn't just affect your romantic relationships, it affects you being a boss, it affects you um In the world online. You know you get one negative comment and it throws you for two weeks. You know it also is linked to eating disorders and other kinds of addiction. So it's it's a very big thing and I think a lot of people sometimes only think that it's in romantic relationships so I always feel the need to say that. And also one of the reasons I love the idea of robots so much because you don't have to walk on eggshells around them. You don't have to worry, they're going to get mad at you yet. But there's no co dependence are hyper sensitive to the needs and moods of others and it's very exhausting.",
          "chapter_name": "Co-Dependency: The Warrior Spirit"
        },
        {
          "speaker": "Whitney Cummings",
          "speech": "It's depleting just one conversation about where we're gonna go to dinner is like you want to go get chinese food. We just had chinese food. Wait are you mad? Well no I didn't mean it's just like that co dependence live in this everything means something and humans can be very emotionally exhausting. Um Why did you look at me that way? What do you think about? What was that? Why did you check your phone? It's just it's a hypersensitivity that can be incredibly time consuming.",
          "chapter_name": "Co-Dependency: The Warrior Spirit"
        },
        {
          "speaker": "Whitney Cummings",
          "speech": "Which is why I love the idea of robots just subbing in. Even I've had a hard time running tv shows and stuff because even asking someone to do something I don't wanna come off like a bit, I'm very concerned about what other people think of me, how I'm perceived . Um which is why I think robots will be very beneficial for co dependence by the way, just a real quick tangent, that skill or flaw whatever you wanna call it is actually really useful for if you ever do start your own podcast for interviewing because you're now kind of obsessed about the mindset of others and it makes you a good sort of listener and talker with. So I think uh um what's her name from NPR talked to terry Gross talked about having that, so I don't feel like she has that at all. Was what? But she worries about other people's feelings. Yeah, absolutely.",
          "chapter_name": "Co-Dependency: The Warrior Spirit"
        },
        {
          "speaker": "Whitney Cummings",
          "speech": "Oh, I don't get that at all. I mean, you have to put yourself in the mind of the person you're spoken. Uh oh, I see, just in terms of yeah, I am starting podcasts and the reason I haven't is because I'm co dependent, I'm too worried it's not gonna be perfect. So a big co dependent. Adages, perfectionism leads to procrastination, which leads to paralysis. So how do you, Sorry, take a million tensions, How do you survive on social media is exceptionally active, but by the way, I took you on a tangent and didn't answer your last question about how much we can control, how much you get, we'll return the answer is we can, that was a good student, we're okay. We can. But but you know, one of the things that I'm fascinated by is, you know, the first thing you learn when you go into 12 step programs or addiction recovery, any of this is, you know, genetics loads the gun environment pulls the trigger and there's certain parts of your genetics you cannot control.",
          "chapter_name": "Co-Dependency: The Warrior Spirit"
        },
        {
          "speaker": "Whitney Cummings",
          "speech": "I come from a lot of alcoholism, I come from, uh, you know, a lot of mental illness, there's certain things I cannot control and a lot of things that maybe we don't even know yet what we can and can't because of how little we actually know about the brain, but we also talk about the warrior spirit and there are some people that have that warrior spirit and we don't necessarily know what that engine is, whether it's you get dopamine from succeeding or achieving or margarine yourself or, or the attention you get from growing. So a lot of people are like, oh, this person can edify themselves and overcome. But if you're getting attention from improving yourself, you're gonna keep wanting to do that. So that is something that helps a lot of, in terms of changing your brain, if you talk about changing your brain to people and talk about what you're doing to overcome, set obstacles, you're going to get more attention from them , which is going to fire off your reward system and then you're gonna keep doing it. Yeah. So you can leverage that momentum. So this is why in detail step program, you go into a room and you talk about your progress because then everyone claps for you and then you're more motivated to keep going.",
          "chapter_name": "Co-Dependency: The Warrior Spirit"
        },
        {
          "speaker": "Whitney Cummings",
          "speech": "So that's why we say you're only as sick as the secrets you keep because if you keep things secret, you know, there's no one guiding you to go in a certain direction. It's based on, right. We're sort of designed to get approval from the tribe or from a group of people because our brain, you know, translates it to safety. So you know that the tribe is a positive one that helps you go in the positive direction. So that's why it's so important to go into a room and also Say, Hey, I wanted to use drugs today and people go, they go, me too and you feel less alone",
          "chapter_name": "Co-Dependency: The Warrior Spirit"
        }
      ]
    },
    {
      "name": "Breaking the Social Media Addiction: A Comedian's Perspective",
      "content": [
        {
          "speaker": "Lex Fridman",
          "speech": "and you feel less like your, you know, have been castigated from the pack or whatever and then you say, and I haven't , you get a chip when you haven't drank for 30 days or 60 days or whatever, you get little rewards. So talking about a pack that's not at all healthier good, but in fact it's often toxic social media.",
          "chapter_name": "Breaking the Social Media Addiction: A Comedian's Perspective"
        },
        {
          "speaker": "Lex Fridman",
          "speech": "So you're one of my favorite people on twitter and instagram to sort of just both the comedy and the inside is just fun. How do you prevent social media from destroying your mental health? I haven't, I haven't, it's the next big epidemic, isn't it? I don't think I have, I don't, I don't think moderation answer what maybe, but you can do a lot of damage in a moderate way. I mean, I guess again it depends on your goals, you know, and, and I think for me, the way that my addiction to social media, I'm happy to call it an addiction, I mean and I defined as an addiction because it stops being a choice. There are times I just reach over and like that was, that was weird, I'll be driving sometimes and I'm like, oh my God, my arm just went to my phone, you know, I can put it down, I can't take time away from it when I do, I get antsy, I get restless, irritable and discontent. I mean that's kind of the definition, isn't it?",
          "chapter_name": "Breaking the Social Media Addiction: A Comedian's Perspective"
        },
        {
          "speaker": "Whitney Cummings",
          "speech": "So I think by no means do I have a healthy relationship with social media? I'm sure there's a way to, but I think I'm especially a weirdo in this space because it's easy to conflate, is this work is this, I can always say that it's for work, you know? But I mean you're don't you get the same kind of thing as you get from when a room full of people laugh your jokes because I mean I see especially the way you do twitter, it's an extension of your comedy in a way ? So I think a big break from twitter though. A really big break. I took like six months off for something for a while because it was just like, it seemed like it was all kind of politics and it was just a little bit, it wasn't giving me dopamine because there was like this weird a lot of feedback. So I had to take a break from it and then go back to, because I felt like I didn't have a healthy relationship. Have you ever tried to I don't know if I believe him, but joe Rogan seems to not read comments. Have you? And he's one of the only people at the scale, like at your level who at least claims not to read like because you and him swimming this uh space of tense ideas they get , get the toxic folks riled up . I think rogue.",
          "chapter_name": "Breaking the Social Media Addiction: A Comedian's Perspective"
        },
        {
          "speaker": "Lex Fridman",
          "speech": "I don't, I don't know. I don't, I think he probably looks at Youtube like the likes and you know, I think if something's, if he doesn't know, I don't know, I'm sure he would tell the truth. You know, I'm sure he's got people that look at them and it's like disgusted great or don't, you know, like , I'm sure he gets it. You know, I can't picture him like in the weeds on for sure. I mean he's honestly actually saying that just it's a feedback we're addicted to feedback. Yeah, we're addicted feedback. I mean, you know, look like I think that our brain is designed to get intel on how we're perceived so that we know where we stand, right? That's our whole deal right. As humans.",
          "chapter_name": "Breaking the Social Media Addiction: A Comedian's Perspective"
        }
      ]
    },
    {
      "name": "Social Media: The Double-Edged Sword",
      "content": [
        {
          "speaker": "Whitney Cummings",
          "speech": "We want to know where we stand, we walk in a room and we go, who's the most powerful person in here, I gotta talk to him and get in their good graces.",
          "chapter_name": "Social Media: The Double-Edged Sword"
        },
        {
          "speaker": "Whitney Cummings",
          "speech": "It's just were designed to rank ourselves, right and constantly know our rank and social media because of you can't figure out your rank with 500 million people. It's possible, you know , start bringing is like what's my rank? What's my and especially for following people. I think the big the interesting thing, I think I may be be able able to say about this besides my speech impediment is that I did start muting people that rank wildly higher than me because it is just stressful on the brain to constantly look at people that are incredibly successful. So you keep feeling bad about yourself. You know, I think that that is like cutting to a certain extent, just like look at me, looking at all these people that have so much more money than me and so much more success than me.",
          "chapter_name": "Social Media: The Double-Edged Sword"
        },
        {
          "speaker": "Whitney Cummings",
          "speech": "It's making me feel like a failure even though I don't think I'm a failure, but it's easy to frame it so that I can I feel that way. Yeah, that's really interesting. Especially if they're close to like if there are other comedians or something like that or whatever, that's it's really disappointing to me, I do the same thing as well, so other successful people that really close to what I do it um I don't know, I wish I could just admire and for it not to be a distraction, but that's why you are where you are, because you don't just admire your competitive and you want to win. So it's also the same thing that bums you out when you look at this is the same reason you are where you are, so that's why I think it's so important to learn about neurology, an addiction because you're able to go like, oh, the same instinct, so I'm very sensitive and I and I sometimes don't like that about myself, but I'm like, well that's the reason I'm able to write good stand up, and that's the reason, and that's the reason I'm able to be sensitive to feedback and go that joke should have been better, I can make that better. So it's a kind of thing where it's like you have to be really sensitive in your work in the second you leave, you got to be able to turn it off, it's about developing the muscle, being able to know when to let it be a superpower and when it's going to hold you back and be an obstacle, so I try to not be in that black and white of like , you know, being competitive is bad or being jealous of someone just to go like, oh there's that thing that makes me really successful in a lot of other ways, but right now it's making me feel bad. Well, I'm kind of looking to you because you're, you're basically a celebrity, the famous uh sort of world class comedian and so I feel like you're the right person to uh be one of the key people to define what's the healthy path forward with social media that I",
          "chapter_name": "Social Media: The Double-Edged Sword"
        },
        {
          "speaker": "Whitney Cummings",
          "speech": "yeah, because we're all trying to figure it out now and it's uh I'm curious to see where it evolves, I think you're at the center of that, so like, you know, there's uh you know, trying to leave twitter and then come back, can I do this in a healthy way? I mean, you have to keep trying exploring because it's being, you know, I have a couple of answers, I think, you know, I hire a company to do some of my social media for me, you know, so it's also being able to go, okay, I make a certain amount of money by doing this, but now let me be a good business person and say I'm gonna pay you this amount to run this for me, so I'm not 24 7 in the weeds hashtag and responding and just, it's a lot to take on a lot of energy to take on, but at the same time, part of what I think makes me successful on social media if I am is that people know I'm actually doing it and that I am an engaging and I'm responding and developing a personal relationship with complete strangers. So I think, you know, figuring out that balance and really approaching it as a business, you know, that's what I try to do. It's not dating, it's not",
          "chapter_name": "Social Media: The Double-Edged Sword"
        },
        {
          "speaker": "Whitney Cummings",
          "speech": "and I try to just be really objective about, okay, here's what's working here is what's not working . And in terms of taking a break from twitter, this is a really savage take, but because I don't talk about my politics publicly being on twitter right after the last election was not going to be beneficial because there was gonna be, you had to take a side, you had to be political in order to get any kind of retweets or likes and I just wasn't interested in doing that because you were going to lose as many people as you were gonna gain and it was gonna all complete in the wash. So I was just like, the best thing I can do for me business wise is to just abstain, you know, and you know, the robot I joke about her replacing me but she does do half of my social media, you know, because it's I don't want people to get sick of me, I don't want to be redundant. There are times when I don't have the time or the energy to make a funny video. But I know she's going to be compelling and interesting and that's something that you can't see every day. You know?",
          "chapter_name": "Social Media: The Double-Edged Sword"
        },
        {
          "speaker": "Whitney Cummings",
          "speech": "Of course the humor comes from your, I mean the cleverness the with the humor comes from you when you film the robot, that's kind of the trick of it. I mean the robot is not quite there to making to do anything funny. The absurdity is revealed through the filmmaker in that case for whoever is interacting not through the the actual robot, you know, being who she is. Let me sort of love, Okay, how different, what is it, what is it? Uh well, first an engineering question. I know, I know you're you're not engineer, but how difficult do you think is it to build an ai system that you can have a deep fulfilling monogamous relationship with sort of replace the human human relationships that we value?",
          "chapter_name": "Social Media: The Double-Edged Sword"
        },
        {
          "speaker": "Lex Fridman",
          "speech": "I think anyone can fall in love with anything. You know, like how often have you looked back at someone, like I ran into someone the other day that I was in love with and I was like, hey, it was like there was nothing there, there was nothing there. Like, you know, like we were able to go like , oh that was weird, Oh right. You know, I were able from a distant past or something. Yeah. When you're able to go like I can't believe we had an incredible connection and now it's just I do think that people will be in love with robots probably even more deeply with humans because it's like when people mourn their animals when they're animals die, they're always it's sometimes harder than morning a human because you can't go well he was kind of an asshole",
          "chapter_name": "Social Media: The Double-Edged Sword"
        }
      ]
    },
    {
      "name": "Love, Sex Robots, and Humanizing Objects: A Fascinating Conversation",
      "content": [
        {
          "speaker": "Lex Fridman",
          "speech": "but like he didn't pick me up from school, you know, it's like you're able to get out of your grief a little bit , you're able to kind of be he was kind of judgmental or she was you know with a robot. It's there's something so pure about an innocent impish and childlike about it that I think it probably will be much more conducive to a narcissistic love for sure at that. But it's not like well he cheated and she can't cheat, she can't leave you. She can't you know. Well if a bear claw leaves your life and maybe a new version or somebody else will enter there, will you Miss bear claw for guys that have these sex robots, They're building a nursing home for the bodies that are now rusting because they don't want to part with the bodies because they have such an intense emotional connection to it.",
          "chapter_name": "Love, Sex Robots, and Humanizing Objects: A Fascinating Conversation"
        },
        {
          "speaker": "Whitney Cummings",
          "speech": "I mean it's kind of like a car club a little bit , you know like it's you know but I'm not saying this is right I'm not saying it's cool, it's weird, it's creepy but we do anthropomorphize things with faces and we do develop emotional connections to things. I mean there's certain, have you ever tried to throw it? I can't even throw away my teddy bear from when I was a kid, It's a piece of trash and it's upstairs like it's just like why can't I throw that away? It's bizarre, you know, and there's something kind of beautiful about that.",
          "chapter_name": "Love, Sex Robots, and Humanizing Objects: A Fascinating Conversation"
        },
        {
          "speaker": "Whitney Cummings",
          "speech": "There's something it gives me hope in humans because I see humans do such horrific things all the time and maybe I'm too I see too much of it frankly, but there's something kind of beautiful about the way we're able to um have emotional connections to objects um which, you know, a lot of, I mean it's kind of specifically, I think Western right, that we don't see objects as having souls like that's kind of specifically us. But um I don't think it's so much that we're objectifying humans with these sex robots were kind of humanizing objects, Right? So there's something kind of fascinating and our ability to do that because a lot of us don't humanize humans. So it's just a weird little place to play in. And I think a lot of people, I mean a lot of people will be marrying these things is my guess. So you've asked the question, let me ask it of you.",
          "chapter_name": "Love, Sex Robots, and Humanizing Objects: A Fascinating Conversation"
        },
        {
          "speaker": "Whitney Cummings",
          "speech": "So what is love? You have a bit of a brilliant definition of love as being willing to die for someone who you yourself want to kill. So that's that's that's kind of fun and first of all that's brilliant. That's a really good definition. I don't think it'll stick for me for a long time.",
          "chapter_name": "Love, Sex Robots, and Humanizing Objects: A Fascinating Conversation"
        },
        {
          "speaker": "Lex Fridman",
          "speech": "This is how little of a romantic I am A plane went by when you said that and my brain is like, you're going to need to re record that, I don't want you to get into post and then not be able to use it . I I'm a romantic and I don't mean to ruin the moment. Actually, I cannot be conscious of the fact that I heard the plane and it made me feel like how amazing it is that we live in a world planes. I just went, why haven't we fucking evolved past planes and why can't they make them quieter? Yeah. Yeah. This um my definition of love, what Yeah . What's your sort of a more serious producing dopamine for a",
          "chapter_name": "Love, Sex Robots, and Humanizing Objects: A Fascinating Conversation"
        }
      ]
    }
  ]
}